{"type": "FeatureCollection", "features": [{"type": "Feature", "geometry": {"type": "Polygon", "coordinates": [[[-78.96895211108887, 1.248399065291341], [-78.94701193336604, 1.232778396158525], [-78.94740405918805, 1.231780947648247], [-78.94765510066453, 1.229843446271985], [-78.94780331805815, 1.225602158527246], [-78.94789875283735, 1.225123788277426], [-78.94866028872201, 1.223842145408889], [-78.94905996140722, 1.223344871784784], [-78.94976382897025, 1.222886106937564], [-78.95198909580701, 1.222064892487608], [-78.95389073385665, 1.221760145902211], [-78.95674290550005, 1.221685779667896], [-78.9575797140687, 1.221437628204154], [-78.95946277622166, 1.22055872623623], [-78.96045214578078, 1.219717413663859], [-78.96214608805911, 1.21747956930792], [-78.96285073136679, 1.21598734752457], [-78.96288949185094, 1.215011342898256], [-78.96268105308732, 1.214054287984421], [-78.96223979328256, 1.212960699842035], [-78.96152732791629, 1.212206604573703], [-78.96049391998285, 1.211559917501401], [-78.9594602722225, 1.211236181400508], [-78.95764224111265, 1.21098361820417], [-78.953292838891, 1.210908548691475], [-78.95147473561546, 1.210763632919398], [-78.95028213463284, 1.210531572586236], [-78.94815903103064, 1.20982975445921], [-78.94413376449549, 1.206767917003207], [-78.94113373455144, 1.203670016670035], [-78.93630584935357, 1.19943546187537], [-78.93565878377633, 1.198558424394503], [-78.93520719428555, 1.197105771654035], [-78.93542825497975, 1.195263316836664], [-78.93637110157893, 1.194251893889153], [-78.93707697564238, 1.193790465479708], [-78.94008002421877, 1.192834565983833], [-78.94469403301198, 1.191953575175829], [-78.95311616604043, 1.190743746282771], [-78.95599265205769, 1.189816308485414], [-78.95711513990099, 1.188908096909435], [-78.95740070017321, 1.188429863690917], [-78.95776933608963, 1.186435424438474], [-78.95741286101499, 1.18481281647616], [-78.95718499609829, 1.184408077665939], [-78.95444017982207, 1.182710806959978], [-78.95121925279692, 1.181197450040685], [-78.94901506574011, 1.179982045192778], [-78.9485989648374, 1.179691694041546], [-78.94762054700593, 1.178614468791327], [-78.94681822079362, 1.177245525786142], [-78.94593785906872, 1.175333492525867], [-78.94516774352573, 1.1723567115504], [-78.94528223107928, 1.169975940456456], [-78.94587713759266, 1.16897164856049], [-78.94692383773508, 1.167662679851086], [-78.94805575698079, 1.166823843292959], [-78.94894013338602, 1.166489581191742], [-78.9500454137336, 1.166334898084769], [-78.95186356895961, 1.166372113676198], [-78.95258810549147, 1.166869031805255], [-78.9530511967048, 1.167377718646647], [-78.9540779299241, 1.169029108787544], [-78.95451134287966, 1.169495911758594], [-78.95499826639521, 1.16991490848129], [-78.95566945887184, 1.170232371833618], [-78.95702987929238, 1.170580243835871], [-78.95916907899168, 1.170372491374118], [-78.96021501878026, 1.170122072556782], [-78.9628895994505, 1.169065462051584], [-78.96483337575226, 1.16795448754674], [-78.96554679838079, 1.167392829976901], [-78.96778237693322, 1.165373007049953], [-78.97020543611553, 1.162580278477725], [-78.97084493699609, 1.16160881955404], [-78.97105348356901, 1.161039421880031], [-78.97114917058262, 1.160172298533066], [-78.97089486514436, 1.1584975374948], [-78.97001662779577, 1.15687615385967], [-78.96902505940291, 1.155870693421478], [-78.96823491363328, 1.155708647628119], [-78.96581655631881, 1.15576671104267], [-78.964545092147, 1.155652162602657], [-78.96161627155988, 1.154974240625106], [-78.96060058512985, 1.154471136181748], [-78.95999512048962, 1.15363341628415], [-78.95640674967837, 1.152990901580886], [-78.95495735751544, 1.152433660728806], [-78.95462477336935, 1.1522181191823], [-78.95424963253569, 1.151687670274155], [-78.95377150619146, 1.149475305545552], [-78.95363453155021, 1.14811453102184], [-78.95381453487745, 1.146879643273525], [-78.95597294536692, 1.141014539743839], [-78.95749797005165, 1.135417802554364], [-78.95813562850459, 1.134413517632635], [-78.95937231937235, 1.133256553335749], [-78.96060868827226, 1.132558896270774], [-78.96230116881449, 1.132167767745708], [-78.96517253985469, 1.131710487030808], [-78.96643691098943, 1.131759224062635], [-78.96753951408128, 1.132027934147848], [-78.96804309550424, 1.132430187528429], [-78.96960092085344, 1.134287674326459], [-78.97153910238661, 1.136030604747501], [-78.97258440811365, 1.13667246741076], [-78.97339231181084, 1.13693140255842], [-78.97438095174682, 1.137037360564857], [-78.97518905666196, 1.137009224261431], [-78.97706247077979, 1.136206745964305], [-78.98116190720049, 1.133377186386162], [-78.98232878076126, 1.132260232864691], [-78.98471034889067, 1.135190474462704], [-78.98801675100111, 1.138205766372134], [-78.99153332194119, 1.142380608219671], [-78.99345541900385, 1.14679572973232], [-78.99367986951376, 1.150578829714255], [-78.99540757239686, 1.15819180834275], [-78.99700894089428, 1.163376820707813], [-78.99807605637724, 1.172148615330072], [-79.00342668387316, 1.180715727641664], [-79.00735889231859, 1.189916171956616], [-79.01380964611919, 1.202290095041566], [-79.01963581322329, 1.206893192155776], [-79.027667666854, 1.211656506596821], [-79.03900389637327, 1.222448394059785], [-79.04478581000474, 1.227048384037936], [-79.04910269804584, 1.229226717012498], [-79.04688308270745, 1.23748945431329], [-79.04697228970498, 1.238348509038637], [-79.04742133618248, 1.238529681834373], [-79.04728678109181, 1.238258322424732], [-79.04742169931002, 1.238032372781473], [-79.04804965725963, 1.239253507061136], [-79.04809431028369, 1.239615219837924], [-79.04831866723595, 1.239931856055083], [-79.0484984061542, 1.239841569514691], [-79.04858804333752, 1.240112895846211], [-79.04849807492663, 1.240293668938488], [-79.04804886230485, 1.240338545388783], [-79.0478237421864, 1.241061737396612], [-79.04773311004686, 1.242146708750027], [-79.04759812377188, 1.24246307794616], [-79.04741845191386, 1.242462944268568], [-79.04746317062869, 1.24273423717006], [-79.04692378870145, 1.243231144870806], [-79.04683362126234, 1.243683176931269], [-79.04638427536146, 1.243908891674442], [-79.0458453930168, 1.243727650411723], [-79.04575569019619, 1.243546743978936], [-79.04584592511296, 1.2430042925013], [-79.04548704623755, 1.242371086738074], [-79.04431921427948, 1.242325006911105], [-79.0432858381315, 1.242685915295316], [-79.04238738138795, 1.242820874516139], [-79.04229691277301, 1.243679793171642], [-79.04184740100217, 1.244131555326893], [-79.04036447869268, 1.244989432071238], [-79.03982513092373, 1.245441125751416], [-79.03883650474262, 1.246028111495055], [-79.03551168560718, 1.247246277106557], [-79.03452312776639, 1.247742839493231], [-79.03164718630252, 1.249368217036465], [-79.02872602328863, 1.251400436379991], [-79.0261197215646, 1.252845162570575], [-79.02113088796749, 1.256819785137912], [-79.01820893332176, 1.259891775939828], [-79.01690564311886, 1.260794959582515], [-79.0160513898323, 1.261879322199084], [-79.01587141160569, 1.262286065638597], [-79.01542196288817, 1.262647392829478], [-79.01335369985, 1.265358342536755], [-79.01308412647998, 1.265448552673819], [-79.01223007576745, 1.266261655389533], [-79.01172565179183, 1.266438843102832], [-79.01133117614125, 1.266984304423331], [-79.01124096190296, 1.26748153306562], [-79.01065637888533, 1.268340050642998], [-79.00881366043815, 1.269785307980517], [-79.00831953472178, 1.269830133627782], [-79.00706115503235, 1.270733333749718], [-79.00553348104916, 1.271365069706032], [-79.00535363822902, 1.271590973727484], [-79.00481445598994, 1.27181659805841], [-79.00400587610837, 1.271906386140895], [-79.00364681586677, 1.271544436702889], [-79.0007278569359, 1.270683198193294], [-78.99189148438185, 1.276124433461884], [-78.96895211108887, 1.248399065291341]]]}, "properties": {"PROVINCIA": "ESMERALDAS", "CANTON": "ELOY ALFARO", "PARROQUIA": "VALDEZ", "NUM_SECTORES": 2, "CASOS": 20, "CIRCUNSCRIPCION": "CIRCUNSCRIPCIÓN URBANA", "TIPOLOGIAS": "B, D", "ETIQUETA": "VALDEZ\n2 sectores (20 casos)"}}, {"type": "Feature", "geometry": {"type": "Polygon", "coordinates": [[[-79.09068891722217, 1.054700169700999], [-79.08877610030814, 1.054433146406307], [-79.0884409998189, 1.054623097095746], [-79.08823248241278, 1.055091898409807], [-79.08789824184375, 1.055344601447939], [-79.08445507460372, 1.053717653547188], [-79.08410024089012, 1.053839454652691], [-79.08335978511894, 1.053804500058798], [-79.08283165937227, 1.053435755223357], [-79.08257296171911, 1.053565892870694], [-79.08237784393826, 1.053420685579392], [-79.0814627019973, 1.053525144265462], [-79.0808801242698, 1.05394943625416], [-79.080284199571, 1.053804251550826], [-79.07960533000188, 1.053935942688238], [-79.07926228649545, 1.053632766415862], [-79.07910014819308, 1.053659255168493], [-79.07790508532852, 1.052621349976486], [-79.07729372506716, 1.051688774618117], [-79.07722324218261, 1.050345393516271], [-79.07750884125892, 1.049718758855665], [-79.07735050843455, 1.049279405422103], [-79.07745047747817, 1.048690827213351], [-79.07727690696527, 1.04791323709531], [-79.07659232509899, 1.048083236875264], [-79.07489798315531, 1.047377230528585], [-79.07162567184997, 1.046908253285962], [-79.07051368179465, 1.046580689985245], [-79.07002714854404, 1.046690873359328], [-79.06986548280184, 1.046982238664147], [-79.06955314842227, 1.047139063234236], [-79.0695256335792, 1.047848625425195], [-79.06928103917083, 1.048107651444573], [-79.0686152199852, 1.048331024970031], [-79.0683108042385, 1.048840693403593], [-79.0677045992684, 1.049312089495015], [-79.06759187178677, 1.049605262146463], [-79.06766678442624, 1.05012184545405], [-79.0674975181268, 1.050509843577535], [-79.06668879675156, 1.050704907003129], [-79.06640923250677, 1.05060894893328], [-79.06639741716621, 1.051004513570015], [-79.06600142693912, 1.050927019165243], [-79.06578334647023, 1.0511993197813], [-79.06560343125946, 1.051143765962052], [-79.06538054669556, 1.0513925666724], [-79.06482845921666, 1.051283087753201], [-79.06452527982275, 1.051576224869562], [-79.06452929973534, 1.052068930879661], [-79.06421723710343, 1.052062885731475], [-79.06425344099176, 1.052212579329588], [-79.06405999731552, 1.052228559718754], [-79.06380216316974, 1.052517830371737], [-79.06352809176562, 1.052459610672186], [-79.06324807756319, 1.05258277234907], [-79.06322558811777, 1.052152294540903], [-79.06306447034031, 1.051894269336428], [-79.0607374366846, 1.051587657939302], [-79.06017294290132, 1.05238938676833], [-79.05947069434428, 1.052595359188419], [-79.05947055543112, 1.052365277476579], [-79.05994683712096, 1.052327038483639], [-79.0600967865259, 1.052144677942917], [-79.05992577319422, 1.051756366068587], [-79.05953591716128, 1.051546813651155], [-79.05945724968265, 1.051362247555271], [-79.05980513516509, 1.051152590768469], [-79.05994205111625, 1.050716545031146], [-79.06051755364506, 1.050717108248574], [-79.06062806295326, 1.050002524704478], [-79.06078548810306, 1.049761251289388], [-79.06069150861546, 1.049425209186246], [-79.06076986134772, 1.048919554094348], [-79.06060084599468, 1.04858675835792], [-79.06073635504316, 1.047346416434988], [-79.060991426428, 1.047352143435264], [-79.06117144655086, 1.047177484057121], [-79.06173673392153, 1.047257460547108], [-79.06194189706243, 1.046851264476317], [-79.06235180633642, 1.046757163631656], [-79.06219883654994, 1.046129135023688], [-79.0620006800502, 1.046066187456179], [-79.06207275133202, 1.045373327026086], [-79.06261252188214, 1.04457328274216], [-79.06304612185, 1.044464616462477], [-79.06348087838609, 1.043982597666132], [-79.06402651158622, 1.04398415664505], [-79.06405807683791, 1.042081687394592], [-79.0650944282807, 1.038879776166425], [-79.06508874373635, 1.037742590997618], [-79.06559722083378, 1.036831416455465], [-79.06573604418493, 1.036148936513701], [-79.06622385671817, 1.035040186587133], [-79.0666737604395, 1.034719897612737], [-79.0668034433365, 1.034038929570758], [-79.06742768617411, 1.033264382908441], [-79.06756032919812, 1.032708233477826], [-79.067472730871, 1.032468938362919], [-79.06610977069222, 1.03158085513645], [-79.06533750321152, 1.030823545519249], [-79.06436944189944, 1.030209218605108], [-79.06387498168077, 1.029696067898618], [-79.06122183029478, 1.029385939711569], [-79.06030503869817, 1.028959398373808], [-79.05765768556688, 1.026714486272289], [-79.05774625088154, 1.026377699477383], [-79.05770257061276, 1.024917300421624], [-79.05845598014422, 1.024294451444579], [-79.05949688755538, 1.02250079788096], [-79.05957559455372, 1.02136820323697], [-79.05860712188529, 1.020692813558969], [-79.05746436715614, 1.020115828008402], [-79.05738426068389, 1.019792308895616], [-79.05762844583174, 1.017354576399241], [-79.05657805747818, 1.016260744054313], [-79.05554423172671, 1.016164422944564], [-79.05482963007441, 1.016636497848836], [-79.05356112890051, 1.016911955957196], [-79.0524539190039, 1.017083612838479], [-79.05139632151513, 1.016999236463034], [-79.04908491378644, 1.015605110811775], [-79.04762821888964, 1.014290615937186], [-79.04636276581124, 1.013446590661178], [-79.0459024211963, 1.012799808649], [-79.04520909741784, 1.012541691033563], [-79.0445672345474, 1.011852663739307], [-79.04390198570842, 1.011364987575458], [-79.04288748079433, 1.011181723899267], [-79.04151472930907, 1.01071703736303], [-79.04075802127488, 1.01085299032597], [-79.04040971252336, 1.010662166017759], [-79.03994340033975, 1.00998344549339], [-79.03992634314922, 1.00941765169521], [-79.03963763635872, 1.00915832220248], [-79.03909027780479, 1.009047500037484], [-79.03855144743332, 1.009391441682214], [-79.03811786776043, 1.009106488942509], [-79.03769642395527, 1.009271232261211], [-79.0371846454049, 1.008820083635735], [-79.03711078562648, 1.008594280413739], [-79.03688287188946, 1.008969920638424], [-79.03638177413325, 1.008887480982105], [-79.03611245433191, 1.008555736760813], [-79.03586148606284, 1.008534771547252], [-79.03557264025953, 1.008661629806532], [-79.03534310718386, 1.008566753425208], [-79.03462488390748, 1.008933063865542], [-79.03439297732457, 1.009229334434955], [-79.033577472468, 1.008928119967266], [-79.03319166791569, 1.009037693894199], [-79.03319129221158, 1.008475731823887], [-79.033087251818, 1.008376625115218], [-79.03290473169906, 1.008359289211166], [-79.03231344827013, 1.008687637500015], [-79.03223918221283, 1.008083285657261], [-79.03187305564887, 1.007884999701274], [-79.03220215789457, 1.006755501830217], [-79.03433145680096, 1.005208172030774], [-79.03433365612555, 1.005025887163416], [-79.03385368573073, 1.004328415809184], [-79.0341068839291, 1.003257587122028], [-79.03385827006662, 1.002449126422548], [-79.03331111163659, 1.002091877398094], [-79.03307304560344, 1.000738694742412], [-79.03277056297345, 1.000310683659176], [-79.03256723099817, 0.999640386471268], [-79.03020312848847, 0.996119066150808], [-79.03012181097418, 0.995588566509955], [-79.02974431831353, 0.995072224765408], [-79.0295048242462, 0.994329861615748], [-79.02887460241261, 0.993843424609581], [-79.02730124376781, 0.993413861520169], [-79.02544014788663, 0.993960045549272], [-79.02464167116206, 0.994466399946111], [-79.02409234888583, 0.994547099465879], [-79.02389254079068, 0.994390365646239], [-79.02391799251195, 0.994131948885572], [-79.02370316703113, 0.994158143032263], [-79.02364000972491, 0.993855820739203], [-79.02327994083355, 0.993459433364591], [-79.02289842386384, 0.993613239881895], [-79.02179027811785, 0.993501388713294], [-79.02322238069429, 0.989442581704492], [-79.02352298827063, 0.987504972419861], [-79.02340248544918, 0.986306341565964], [-79.02269765919134, 0.984533201461973], [-79.02189997365876, 0.983047087374375], [-79.02139064044397, 0.982593206782761], [-79.01777972177352, 0.981537462834433], [-79.01405156874722, 0.980135728536887], [-79.01281230566357, 0.979360616812136], [-79.00568638884737, 0.971036944395693], [-79.00568651229548, 0.970136473314042], [-79.00591445197709, 0.969956518120899], [-79.00538075656534, 0.969520802141795], [-79.00528967171918, 0.969215489762842], [-79.00619861301769, 0.969018901651224], [-79.00614275755296, 0.968619832352955], [-79.00676428157475, 0.96897043382747], [-79.00694318255177, 0.968666238675649], [-79.00749559718727, 0.968523026541455], [-79.00732845853685, 0.968220539637372], [-79.00736090339385, 0.968010036288528], [-79.00785438555322, 0.967852435138119], [-79.00806212852386, 0.968092833539779], [-79.00831081073125, 0.967663234370732], [-79.0090045053963, 0.968150719409704], [-79.00920167651682, 0.967489600595784], [-79.00961145934562, 0.967404676189336], [-79.00956508003398, 0.967057284718655], [-79.00999858572234, 0.966878470552501], [-79.010019836771, 0.966423267450122], [-79.01047057924836, 0.966140695853231], [-79.01047835258079, 0.965850751595991], [-79.0101465274093, 0.96592998096253], [-79.01009132252575, 0.965732107538309], [-79.01039393251122, 0.965528217901068], [-79.0105918980805, 0.965133124652958], [-79.01078260785387, 0.965095923256792], [-79.011147782722, 0.964591228559836], [-79.01175441143793, 0.964374491679078], [-79.01197127943578, 0.964171630614524], [-79.0124255145672, 0.962798717769819], [-79.01312549204619, 0.962547404437464], [-79.0136162854079, 0.962106542016314], [-79.01380936699024, 0.960783746654888], [-79.01411995702024, 0.960364298445497], [-79.01485926758215, 0.960284981062555], [-79.01576530831873, 0.960497270389657], [-79.0163033612671, 0.960347852139566], [-79.0165814879302, 0.959991314285702], [-79.01700862125799, 0.958879689062879], [-79.01779324393537, 0.957953086633856], [-79.01852551609137, 0.957932626406205], [-79.01970125911036, 0.957599395169714], [-79.02023049641353, 0.957630897371356], [-79.02197569186885, 0.957375484558941], [-79.02240885039929, 0.956875087993768], [-79.02313155472548, 0.955525827396621], [-79.02455221037194, 0.954327064246073], [-79.02518008460888, 0.953557782287888], [-79.02575377416737, 0.953295175598113], [-79.02664353578518, 0.953394336152339], [-79.02722741826408, 0.953215372316646], [-79.02785772143925, 0.952123202563678], [-79.02833187020633, 0.951568214406147], [-79.02844590688258, 0.950852251081604], [-79.02879085125132, 0.95019835824572], [-79.02969555525041, 0.949451654737046], [-79.03076259880464, 0.948980731117913], [-79.03104138715068, 0.947608057092903], [-79.03206965304402, 0.946769555270742], [-79.03305875364846, 0.947207296583636], [-79.03426884215109, 0.947142073136192], [-79.0348545098127, 0.947462492053354], [-79.03544442777273, 0.947573502236045], [-79.03670955224082, 0.952968376580976], [-79.0377148349833, 0.953230176200811], [-79.03878050024191, 0.95282498356988], [-79.04006535507565, 0.95319372860314], [-79.04104999626645, 0.953744315638724], [-79.04147703493719, 0.954218811703152], [-79.04191673387375, 0.955496242418824], [-79.04289154303085, 0.957389015586952], [-79.04323161142631, 0.956628962239659], [-79.04550786757005, 0.95577227379109], [-79.0459543316885, 0.954780350579443], [-79.04555825207818, 0.949733788564337], [-79.04462665021349, 0.947503051677165], [-79.05001874842878, 0.945818961752599], [-79.05060791242475, 0.944715354716378], [-79.05175200091523, 0.944145448921749], [-79.05291662279586, 0.943965536424886], [-79.05491750737814, 0.944165679274327], [-79.05520853072026, 0.9440359994266], [-79.05551684374748, 0.943667619199412], [-79.05616868884792, 0.943889245001949], [-79.05723634308396, 0.943631062042831], [-79.05856882861359, 0.943824768707226], [-79.05874574955288, 0.943410199062868], [-79.05852113085649, 0.942364900774752], [-79.05872609122198, 0.942087966936258], [-79.05933119324364, 0.94204653197533], [-79.0620180551455, 0.942460833113351], [-79.06212025413419, 0.94201217701299], [-79.06310190481753, 0.94082365851237], [-79.06464399691616, 0.939321943435868], [-79.06528744321044, 0.938882523371033], [-79.06742378194876, 0.938138530925685], [-79.070869093466, 0.937339919234553], [-79.07102870073606, 0.937163244048363], [-79.07109786695997, 0.936438458842576], [-79.07084457215038, 0.931841317758642], [-79.07051947385877, 0.931253457112413], [-79.06952186236855, 0.930140442091739], [-79.06598871850262, 0.928861651587915], [-79.0655843383456, 0.928584531548304], [-79.06522860830228, 0.928111979841317], [-79.06484075504862, 0.927199632800775], [-79.0646633807266, 0.926059368325944], [-79.06416264642156, 0.924430282670354], [-79.0629024621105, 0.920829924697756], [-79.06143192705645, 0.917213167571854], [-79.06046304672618, 0.913515249533518], [-79.0604596980597, 0.91307955532458], [-79.06059885093481, 0.912836424389145], [-79.06227461757875, 0.913036037427433], [-79.06496920571036, 0.913990466364006], [-79.06575052582303, 0.914400463972321], [-79.0664918319567, 0.914303541344169], [-79.06680616812551, 0.914100952428943], [-79.0700794246084, 0.910225961253831], [-79.07068177273378, 0.909043645680435], [-79.07114428510388, 0.907736645322052], [-79.07153129267968, 0.907234009185604], [-79.07203138913918, 0.906191666640167], [-79.07324034249518, 0.906053283217709], [-79.07375881585317, 0.905393936211927], [-79.0739839133956, 0.90541331458774], [-79.07446996001394, 0.905773001832846], [-79.07551484200229, 0.905588648577189], [-79.07608346573426, 0.905730823982704], [-79.07658171733492, 0.905262254176636], [-79.07686649479375, 0.905387640223795], [-79.07718527644086, 0.905249103654367], [-79.07760585324309, 0.905412991408784], [-79.07780404016209, 0.90536182811962], [-79.07860671313409, 0.904732107494431], [-79.07923800805486, 0.904930738973478], [-79.08001325030557, 0.90453546641309], [-79.0816417089402, 0.904423125333607], [-79.08220400318906, 0.905161538650265], [-79.08301008742566, 0.905393538413773], [-79.08356138228754, 0.905867823938218], [-79.08423084306814, 0.90592071556371], [-79.0852854302737, 0.906252945011043], [-79.0860617750557, 0.907013265649307], [-79.08614357717951, 0.907243885627476], [-79.0860288270648, 0.907831477865542], [-79.08559629527734, 0.908701740833548], [-79.08565680947426, 0.910122304298959], [-79.08607591498887, 0.910696166187103], [-79.08694992801733, 0.911238352564362], [-79.08835846443725, 0.909481658757075], [-79.08898435016997, 0.909042721066176], [-79.08936517990185, 0.908953225056496], [-79.09137561531155, 0.908983411463404], [-79.09236952910808, 0.909400335646743], [-79.09327328376895, 0.909250351588085], [-79.09413640192058, 0.909850585044545], [-79.09445237239392, 0.909940000164023], [-79.09615097427756, 0.909540602082373], [-79.09673180949225, 0.909708011666972], [-79.09792186347936, 0.908847909349961], [-79.09964739983795, 0.909339096533875], [-79.10177662426827, 0.90932602810412], [-79.1024848150812, 0.909195922615668], [-79.10319167779525, 0.909373344887209], [-79.10387062717871, 0.908989948573141], [-79.10431440952277, 0.908423139996645], [-79.10568523801871, 0.90956355730048], [-79.10640257702826, 0.909980787266687], [-79.10735913488791, 0.911081291481697], [-79.10775369942179, 0.91118892298838], [-79.10844038657022, 0.911130058825831], [-79.10928690127461, 0.910859417038884], [-79.1103254791358, 0.909884658725336], [-79.11034851130242, 0.909297913422769], [-79.10991720720796, 0.90849680621491], [-79.10990878653973, 0.908106263207587], [-79.11011803940774, 0.9078563526956], [-79.111101209295, 0.907364333491543], [-79.11174794773243, 0.906390722177446], [-79.11190501265419, 0.905440453809293], [-79.11222282216546, 0.905107409845328], [-79.11236474250326, 0.904606176289767], [-79.11248231390881, 0.902896510038548], [-79.1128108362081, 0.902343199310399], [-79.11287047382547, 0.900965808726862], [-79.11268510327324, 0.900194670629606], [-79.11280614652247, 0.899761604978113], [-79.11321594842761, 0.899590284911042], [-79.11414729987408, 0.899762664950164], [-79.1146854067421, 0.899707967410074], [-79.11550910913553, 0.899074978032531], [-79.11586473449101, 0.898393277752147], [-79.11617029758433, 0.898114929551661], [-79.11696946643535, 0.897855287296031], [-79.11737205923146, 0.897897723956183], [-79.11823637918668, 0.898640730594592], [-79.1187640285126, 0.899538101025698], [-79.1204657995579, 0.900520807031536], [-79.1207754381015, 0.900881124554384], [-79.12079595490327, 0.901337416272119], [-79.11992961810802, 0.902246901829586], [-79.11992950953763, 0.902458312862973], [-79.12066232036388, 0.902499927481138], [-79.12095926426323, 0.90274070010702], [-79.12160204939994, 0.902468044461723], [-79.12173803053858, 0.902506274092807], [-79.12181321705168, 0.902858605101176], [-79.12203913276352, 0.903046623703312], [-79.12284297968023, 0.902953091165224], [-79.12326728318311, 0.903407692731904], [-79.1238467586963, 0.904668053989004], [-79.1244243649495, 0.905020737517451], [-79.12566835953113, 0.905319784863177], [-79.12648390715147, 0.905186200517631], [-79.12747569581505, 0.905240066622818], [-79.12756343554204, 0.906337591976947], [-79.12815933852269, 0.907448132055021], [-79.12858200869935, 0.907762486447077], [-79.12927053590182, 0.907982485993531], [-79.1297225613114, 0.908335105405789], [-79.1302246761042, 0.908758101259734], [-79.13043292334116, 0.909243065679671], [-79.13101289482962, 0.909717825269095], [-79.13149282694594, 0.909781824803994], [-79.13174577600662, 0.909983693782066], [-79.13204144524086, 0.911482724969844], [-79.13244425116261, 0.912170161895971], [-79.13405559513991, 0.912772146461908], [-79.13521770307536, 0.912838401703052], [-79.13536412086363, 0.913548312054805], [-79.1360150838309, 0.91362967268075], [-79.13688487699982, 0.914579134978108], [-79.13741614038271, 0.915618845757252], [-79.13780273135137, 0.91604838503645], [-79.13891461089811, 0.916320150863191], [-79.13953700836319, 0.916055169668968], [-79.14668080671562, 0.915789791291438], [-79.14717286777467, 0.913934881776447], [-79.14708482618131, 0.913597368807513], [-79.14657468752527, 0.912867643162594], [-79.14695949587444, 0.911521410133363], [-79.14602937075817, 0.910311399950987], [-79.14589244641388, 0.909829000807956], [-79.14667719315854, 0.907751162409976], [-79.14701667892272, 0.906489814151281], [-79.14674114124882, 0.905832009038629], [-79.14557023221796, 0.9046888831314], [-79.1444074225822, 0.902633101259412], [-79.14427475001332, 0.899955905622678], [-79.14448002874126, 0.898503872842245], [-79.14445344540272, 0.896712536488428], [-79.1506487833659, 0.89572743284519], [-79.15006308865651, 0.894642029609384], [-79.14905962116418, 0.894210100409006], [-79.14866239138533, 0.893844399276471], [-79.14809032469253, 0.892812355437406], [-79.14686277818598, 0.891566485829045], [-79.14591862268699, 0.890193442277739], [-79.14569135093154, 0.889653126804231], [-79.14587340752544, 0.8880939258412], [-79.14534196203091, 0.887205229525812], [-79.14526468321152, 0.885990870191569], [-79.14313315754553, 0.885314319587787], [-79.14231424628578, 0.884442480145533], [-79.14189101841991, 0.881987136254246], [-79.1419082930269, 0.880297460581932], [-79.14176677035456, 0.878925281724657], [-79.14108927606924, 0.87709374533055], [-79.13851746254284, 0.876493212575409], [-79.13750676817871, 0.875978370204595], [-79.13567145751117, 0.875599204636863], [-79.13399643910141, 0.874425196181548], [-79.13126760737258, 0.874204730850393], [-79.12912710866334, 0.874824058513598], [-79.12886736231044, 0.873289607187648], [-79.12828678026177, 0.872226558729165], [-79.12828624431303, 0.871311102310511], [-79.12799964479919, 0.870488730421826], [-79.12801161750572, 0.870072965293527], [-79.12824205711931, 0.869471487202366], [-79.12898064329993, 0.868725492908654], [-79.12890986639475, 0.867611610022461], [-79.12927710467206, 0.866297835818153], [-79.1292035375831, 0.865193717284189], [-79.12934037411681, 0.864956692413797], [-79.12983646142544, 0.864856567469153], [-79.13026627494932, 0.864164219753042], [-79.13092047996086, 0.863660336952698], [-79.13110909006144, 0.863725535979629], [-79.13159304726442, 0.864549452595656], [-79.13181288405173, 0.864684384500977], [-79.1319915782116, 0.864638899066725], [-79.1321609724163, 0.864321231091134], [-79.1323467552724, 0.86244962497001], [-79.1325945380407, 0.862197914928566], [-79.1330534533027, 0.862431437021679], [-79.13335754524418, 0.862759647714214], [-79.13405041246241, 0.864025754241717], [-79.13427869405673, 0.864161684975462], [-79.13462966524368, 0.864148204401934], [-79.13491310142565, 0.863547562828764], [-79.1347869522547, 0.862315011931885], [-79.13489974472073, 0.862014947997952], [-79.136665586543, 0.86096878975193], [-79.13748364550227, 0.859344167523236], [-79.13781810176775, 0.858931632682826], [-79.13902757120091, 0.858743147380751], [-79.14009389330823, 0.859213427648405], [-79.14055912168327, 0.859028826978278], [-79.14070706911066, 0.858476221855511], [-79.14052786741837, 0.857713851431076], [-79.14084871186058, 0.857399238921343], [-79.1413451109513, 0.85739902947549], [-79.14162222077245, 0.857617179713188], [-79.14180034425225, 0.858568719244853], [-79.14204259682126, 0.858793634509913], [-79.14249524895918, 0.858795845374222], [-79.14274812651767, 0.858597033866672], [-79.14271780648922, 0.857764203819574], [-79.14307199917293, 0.857592207448142], [-79.14338124392984, 0.857673108141615], [-79.14433634132874, 0.858367587844291], [-79.1452427743077, 0.858643827565237], [-79.14577482490192, 0.859230314405747], [-79.14624115781015, 0.858620352439672], [-79.14718857113192, 0.858673713688101], [-79.14779770294949, 0.859061302737941], [-79.1481991084303, 0.85990254514428], [-79.14877803621931, 0.862193936614705], [-79.14947894567588, 0.863573539097317], [-79.14933622649082, 0.865013584735512], [-79.14984441782128, 0.866639051175803], [-79.14963159708707, 0.868881949942746], [-79.15092041729176, 0.870685218071869], [-79.15227779433152, 0.87208829861642], [-79.1527042614552, 0.872740387612648], [-79.1541972024265, 0.873577201505583], [-79.16063722187118, 0.873577222528005], [-79.16113732066748, 0.873831990250546], [-79.16174530550319, 0.874606911249044], [-79.1622568643048, 0.876285789269867], [-79.16296955873038, 0.876991937111234], [-79.16333786861715, 0.877183521421748], [-79.16422967681545, 0.877353611512727], [-79.16542941472923, 0.877256330252407], [-79.16647561955739, 0.876407496620911], [-79.16733129656097, 0.876348104857096], [-79.16815157143049, 0.875774300321207], [-79.16888842050798, 0.87569092434097], [-79.17007764075785, 0.875884102116106], [-79.17159876650447, 0.8765140937873], [-79.17257530005392, 0.877203626362087], [-79.1731383915314, 0.878129816926641], [-79.1734663542659, 0.878206539835303], [-79.17357102805936, 0.878012795221097], [-79.17344700353244, 0.87726626118205], [-79.17347715731188, 0.87635112737819], [-79.17400299661135, 0.874775795300087], [-79.17569115321336, 0.873487039372534], [-79.17646174831911, 0.872432303137745], [-79.17685399766508, 0.87227458575142], [-79.17743151447178, 0.872375355174214], [-79.1789428498308, 0.873036435604613], [-79.18014779092755, 0.873252352310743], [-79.18066123128015, 0.873152115511273], [-79.18119616699111, 0.872836559617271], [-79.18158834829066, 0.872822395264901], [-79.18217301058397, 0.872894456363811], [-79.18329940927852, 0.873340020012386], [-79.18417645660699, 0.873338054022872], [-79.18486581259414, 0.873175695288043], [-79.18578267544406, 0.872712485818713], [-79.18621537934293, 0.872666496617114], [-79.18674469797023, 0.873294114929213], [-79.18760012097722, 0.873782613010914], [-79.18755687227895, 0.874753971954202], [-79.18782291611114, 0.875089060659499], [-79.18845027954286, 0.875338192193067], [-79.18911432189876, 0.876418039900574], [-79.18919656841206, 0.876959876972188], [-79.1898660038696, 0.877635025389766], [-79.19026166502299, 0.877803894414777], [-79.19103896131469, 0.877653541202638], [-79.1931658883442, 0.877866079405797], [-79.19367594827092, 0.87840713209933], [-79.19390187891024, 0.878905261730705], [-79.19394276294204, 0.879562872757212], [-79.19435861107551, 0.879766443675151], [-79.19496169091589, 0.879645693603421], [-79.19637518106401, 0.879788673517473], [-79.19698308642302, 0.879632447779109], [-79.19727000434699, 0.879096039038181], [-79.19757839924915, 0.876366403633758], [-79.19850226111176, 0.877395419961862], [-79.19923908517949, 0.877389796208649], [-79.19958975517568, 0.877210522656069], [-79.20016646851671, 0.876522935104592], [-79.20117083954337, 0.87620042279308], [-79.20284069809556, 0.876666578345436], [-79.20314935517736, 0.876638025592924], [-79.20359542764051, 0.875770929029472], [-79.20464594459061, 0.875460000973363], [-79.20550747899871, 0.875615934767247], [-79.20656466532454, 0.876693108227792], [-79.20885114095516, 0.87686495356856], [-79.2090779437491, 0.877300475823733], [-79.20947232564814, 0.877651890050035], [-79.20951118586079, 0.877920210064233], [-79.2091618109131, 0.878323352517702], [-79.2084105534318, 0.878842049120041], [-79.20815763243147, 0.87948704321738], [-79.20774708637693, 0.879877495377778], [-79.20780787658965, 0.88031085762019], [-79.20787506251865, 0.880519327575341], [-79.20814474938852, 0.880680128574438], [-79.20988606070888, 0.880796806285145], [-79.21035592582844, 0.881012038136827], [-79.21058416736031, 0.881472095122308], [-79.2103519318814, 0.882482575663871], [-79.21097042785173, 0.883482236335815], [-79.21090793381401, 0.883790344005137], [-79.21075097531691, 0.883969712452144], [-79.2103710322238, 0.88407870245773], [-79.20925467851309, 0.884224181697396], [-79.20803562750336, 0.886077315528801], [-79.20785437244186, 0.8872163039203], [-79.20621641645486, 0.888284417047203], [-79.20609287693432, 0.88850780499673], [-79.20449218349519, 0.889193675215738], [-79.20379429060127, 0.889767886045857], [-79.20360372445903, 0.890406182987099], [-79.20377700599668, 0.892126060124524], [-79.20398488272629, 0.892679130693518], [-79.20414227950958, 0.892848127970461], [-79.20449215377415, 0.892907440079361], [-79.2052327755216, 0.89265867435814], [-79.20601694379856, 0.892828250956436], [-79.20676009663703, 0.892548016867767], [-79.2075140512969, 0.893334028591288], [-79.2079696155521, 0.894413424728867], [-79.20870766933083, 0.894647092837511], [-79.20934115303181, 0.894630365637964], [-79.20964436235494, 0.895034134868], [-79.20967368740754, 0.895492359405609], [-79.20924523206907, 0.896258220565905], [-79.20881619377488, 0.89822106679514], [-79.2089990065455, 0.898702318594395], [-79.20974270937992, 0.899145423499372], [-79.21021497070765, 0.89969392463226], [-79.21007764097637, 0.901109876566617], [-79.21061822149954, 0.90175155344423], [-79.21219101339837, 0.902914924947417], [-79.2147114217138, 0.904017402988956], [-79.21789777103051, 0.905072331552091], [-79.21884869982792, 0.905838876831847], [-79.22000711627643, 0.906166499889508], [-79.22060858909838, 0.905887627675284], [-79.2211816895862, 0.904548400983761], [-79.22198893878664, 0.903925238331775], [-79.22241702606973, 0.903925449334641], [-79.22303521125545, 0.904260912341244], [-79.2241285378429, 0.905649966740904], [-79.22541280209583, 0.905650600041633], [-79.22593590407746, 0.905890257610332], [-79.22626867599479, 0.906273461109934], [-79.22685289803947, 0.906603013110726], [-79.22693168842162, 0.907098921146294], [-79.22650339212724, 0.908031828993377], [-79.22628869152861, 0.909628791909231], [-79.22601508845185, 0.910161012743695], [-79.2251945671431, 0.911165502984057], [-79.2251050496449, 0.911949039616536], [-79.22553802972546, 0.913588193385606], [-79.22615571868332, 0.91421057976454], [-79.22647023560133, 0.915072077041427], [-79.22752746750857, 0.916070024381081], [-79.2278659402795, 0.916550710154064], [-79.22772310853875, 0.916993272608598], [-79.22705148507269, 0.917292014664361], [-79.22681955740639, 0.917656772197128], [-79.22686078761689, 0.918398503046656], [-79.22738317055905, 0.919487402945324], [-79.22747562547765, 0.919981524348003], [-79.227137751018, 0.920697544751612], [-79.22664618212427, 0.921229216428372], [-79.22630750782889, 0.921238345555047], [-79.22592249620887, 0.921142448571445], [-79.22564213253276, 0.920917402344689], [-79.22505462560746, 0.920147006247349], [-79.22472196260199, 0.919936289648834], [-79.22229857878189, 0.920048463949276], [-79.22081158649502, 0.919875303906985], [-79.22041044889173, 0.920229182674956], [-79.22017404134631, 0.921039577991949], [-79.2198546095669, 0.921304930378814], [-79.2189664255313, 0.920689611112701], [-79.21832784512203, 0.920647367047166], [-79.21749461751129, 0.921191947960039], [-79.21721676228199, 0.921597063936899], [-79.21488417083397, 0.922224733528912], [-79.21269001278681, 0.924245520963992], [-79.2114262309857, 0.924570670059545], [-79.21042663566227, 0.92466798303885], [-79.2089969955674, 0.924136233379802], [-79.20828883831031, 0.924429333835015], [-79.20585410681619, 0.924625074195095], [-79.20394109557806, 0.924580002093886], [-79.2036973740993, 0.925517722907064], [-79.20363331051854, 0.92679447165949], [-79.20312549957298, 0.92768795877992], [-79.2010321857085, 0.928580634220831], [-79.20039798496875, 0.928580309218143], [-79.1997005263591, 0.928260756328614], [-79.19887609887776, 0.928196495156733], [-79.19862227840069, 0.928475659732256], [-79.19819361062362, 0.929624540427283], [-79.19767017717459, 0.930055183741059], [-79.19667250595876, 0.930064265948476], [-79.19610036490664, 0.930389529676265], [-79.19486253076363, 0.932639208669123], [-79.19424328325513, 0.934410413377694], [-79.19424281838538, 0.93532011567244], [-79.19467033877282, 0.936421555802496], [-79.19471724324825, 0.937714314773204], [-79.19490725750465, 0.938193203786081], [-79.19633369259044, 0.939199405608893], [-79.19666647667735, 0.939534732889452], [-79.19683060779707, 0.940031234327798], [-79.19678110172453, 0.940404000861003], [-79.1961423018897, 0.941401745274206], [-79.19595174645222, 0.941976195129313], [-79.1959510307678, 0.943364688737507], [-79.19411102933674, 0.944951715541414], [-79.19347629908232, 0.945972803288483], [-79.19218494241547, 0.946830571456753], [-79.19208979475677, 0.947492968588093], [-79.1922863482146, 0.948108455972157], [-79.19212577142622, 0.9483715537785], [-79.19107610208556, 0.948442118344569], [-79.19040956710828, 0.948777147717177], [-79.18935456786222, 0.948636849951257], [-79.18849356176773, 0.949195362312953], [-79.18763183976091, 0.951123336960085], [-79.1866872161093, 0.95229666332807], [-79.1856872085051, 0.953190476214304], [-79.18463180120457, 0.953832725186424], [-79.18300700859604, 0.955543049414698], [-79.18135678044902, 0.958031863267545], [-79.1798342992409, 0.958797107567565], [-79.17851986415171, 0.959167637743939], [-79.17463408262368, 0.958411292486915], [-79.17408841970003, 0.958026371649232], [-79.17264543296562, 0.958162439688527], [-79.17062329246369, 0.958063647310029], [-79.16752741794743, 0.958824258412426], [-79.16655555614452, 0.958289689579199], [-79.164864688339, 0.956953221050404], [-79.1646222861334, 0.956464563929647], [-79.16450938897617, 0.955813135357945], [-79.16399895951628, 0.954801523731721], [-79.1630859750214, 0.954385663111546], [-79.16264179886272, 0.953961581820273], [-79.16192472957611, 0.953688754320183], [-79.16052048377387, 0.953602283330739], [-79.15889458793485, 0.953859801055025], [-79.15505422969538, 0.952709321244682], [-79.1540368686097, 0.952852324223886], [-79.15343755536855, 0.95351233478245], [-79.15264825878165, 0.953866000503501], [-79.15233114960625, 0.95423666882221], [-79.15150318901404, 0.955776999371681], [-79.15085442497997, 0.95625951980291], [-79.15084913779984, 0.956493736105903], [-79.15133890393275, 0.956996676238459], [-79.15138816225392, 0.957531127654165], [-79.1507599860361, 0.958822743203215], [-79.15063102736346, 0.959956723251834], [-79.15035955176457, 0.960918365838087], [-79.14988860660125, 0.961535376544886], [-79.14817661392178, 0.962783331653474], [-79.14771014105008, 0.963419881432988], [-79.14741943099573, 0.965280694843722], [-79.14748945210502, 0.967649315510788], [-79.1468178434818, 0.970118013487433], [-79.146888452654, 0.971395651147786], [-79.14613208635264, 0.97237137560819], [-79.14555358636304, 0.972594864398293], [-79.14510522678958, 0.9731698072587], [-79.14413409340516, 0.975025948635967], [-79.14364853456851, 0.976274564573145], [-79.14310638800013, 0.976690558491552], [-79.14303475199462, 0.977293429586716], [-79.14336220233646, 0.978298462393261], [-79.14340936962058, 0.978970542376079], [-79.14293346468287, 0.979946417376937], [-79.14193479810923, 0.980663610113291], [-79.14186789862653, 0.981295192289806], [-79.14198147921812, 0.982213975727575], [-79.1418672749544, 0.982424451954546], [-79.14114455265702, 0.98272071706705], [-79.14005060426544, 0.983811082306584], [-79.13890952170519, 0.984174101496911], [-79.13823403913808, 0.985006310246113], [-79.13710211905362, 0.985991380087992], [-79.13687394267882, 0.985991251529477], [-79.13521076766567, 0.984899338666121], [-79.13420311521885, 0.984678662003566], [-79.133475724156, 0.984705307967777], [-79.13349088357592, 0.987293031709029], [-79.13335697567322, 0.987958762924379], [-79.13405879055162, 0.988877687472487], [-79.1346865813844, 0.989169828529562], [-79.13498863153879, 0.990025742135956], [-79.13428141486898, 0.991027977745746], [-79.13363724569183, 0.991355406874319], [-79.13354068373987, 0.992721982907974], [-79.13385434805345, 0.993208564041477], [-79.13380386433718, 0.993831716247559], [-79.13360794136416, 0.994457125809788], [-79.133225197902, 0.994977130293752], [-79.1335034336991, 0.995533414344315], [-79.13299237116159, 0.996470427641549], [-79.13298526749276, 0.997051892255739], [-79.13282750516062, 0.997243767124601], [-79.13239142820541, 0.997288133496298], [-79.1323788200876, 0.997713552802056], [-79.13224820437809, 0.997731723100795], [-79.13216563895234, 0.997585122213978], [-79.13203661229322, 0.997810496615899], [-79.13214823224635, 0.998049649119909], [-79.13236844430158, 0.99800349666888], [-79.13216592554835, 0.998293528676358], [-79.13215846971018, 0.998404395694393], [-79.13234682435262, 0.998456866447843], [-79.13219339925735, 0.998622756472531], [-79.13243995695707, 0.998794117232749], [-79.13243892395295, 0.998609420963762], [-79.13252615091645, 0.998622122151863], [-79.13247361236311, 0.998963680638001], [-79.13261591479211, 0.99901662513982], [-79.13232440383295, 0.99909797782331], [-79.13234595191471, 0.999289087878503], [-79.13217911208272, 0.999325955190197], [-79.13225362731059, 0.999538017078711], [-79.13207515717474, 0.999758550636982], [-79.1322168321187, 1.000226911320565], [-79.13205015235644, 1.000295148688501], [-79.13220216100045, 1.000388188567178], [-79.13228410101675, 1.000680898040451], [-79.13242619833146, 1.000648625606038], [-79.13242894134399, 1.000798746329767], [-79.13222211312052, 1.000916558478858], [-79.13190549302148, 1.000560887532119], [-79.13187370593859, 1.00082380922666], [-79.13135128282234, 1.000860476920321], [-79.13111040717048, 1.001138326068843], [-79.13085225632983, 1.001020193929293], [-79.13048479568843, 1.001114901528047], [-79.1290334205665, 1.000482834763352], [-79.12854025593208, 1.000822268467856], [-79.12814646324443, 1.000775644611149], [-79.12793934138023, 1.000920812088628], [-79.12748763590987, 1.000388674287929], [-79.12728939743465, 0.999802368053053], [-79.12736030051579, 0.999606034435916], [-79.12699968928128, 0.99943975785306], [-79.12672046975091, 0.99978298708824], [-79.12684743782495, 1.000045509084145], [-79.1263938227105, 1.000264406834393], [-79.12629957700601, 1.000467741981592], [-79.12636113109463, 1.000753010544502], [-79.12612617846672, 1.000831406100326], [-79.12595564778691, 1.001069245647201], [-79.12628524398139, 1.001855464731575], [-79.12593681374459, 1.001834026172262], [-79.12583188989412, 1.002113901784006], [-79.1253983067696, 1.002235520220289], [-79.12538645680286, 1.002458430603499], [-79.1247426222421, 1.002290782071256], [-79.12471273268719, 1.002575663169538], [-79.12446575440401, 1.002743517851591], [-79.12436628873148, 1.003092527296694], [-79.12402520791076, 1.003031797865013], [-79.1238079672439, 1.003295261325488], [-79.12338623234776, 1.003349102230638], [-79.12241981856953, 1.003915410129565], [-79.12243630843162, 1.00450057318054], [-79.12284261173728, 1.004981882002193], [-79.12284138595399, 1.005250074380354], [-79.1222607345035, 1.005180918376206], [-79.1223814718936, 1.005458303259157], [-79.12188492913506, 1.005841565196072], [-79.12188824465028, 1.006036698402154], [-79.12136709587138, 1.005991090332635], [-79.12121421388514, 1.006933272335716], [-79.12096918550785, 1.007342479187434], [-79.12106242157783, 1.007830551182064], [-79.12049855754344, 1.008116776921716], [-79.12029219723843, 1.009080032938994], [-79.11981324173566, 1.009338366465355], [-79.11910490997617, 1.009028342955403], [-79.11868835641364, 1.009028100446761], [-79.11873476752103, 1.00955321843076], [-79.11846223912104, 1.009666722351662], [-79.11836870146489, 1.009862616163617], [-79.11835634888955, 1.011034229777591], [-79.11804851563703, 1.011617825906463], [-79.11830883879183, 1.01241741444704], [-79.11782974523473, 1.012910848108236], [-79.11765431377839, 1.013357438765918], [-79.11675893515068, 1.013388291808835], [-79.11657587515704, 1.013509623646888], [-79.11657569941752, 1.013815255573717], [-79.1164276930683, 1.013905321287228], [-79.11594899208282, 1.013720847883673], [-79.11552879112955, 1.013348326742177], [-79.1153224481366, 1.013344318565707], [-79.11505367361356, 1.01364590465838], [-79.11485479783929, 1.014245296487972], [-79.1141660345613, 1.013809955209815], [-79.11382736313904, 1.013813644804115], [-79.11341052971032, 1.014299336250127], [-79.11298220468092, 1.014459676943115], [-79.11287675413847, 1.015059122721752], [-79.11272880137102, 1.01521185146509], [-79.11221093925778, 1.015329097575866], [-79.11188761659896, 1.015665915608328], [-79.1112843161283, 1.015642050611218], [-79.11128403618969, 1.016124007166554], [-79.11068039089372, 1.016539056728397], [-79.1105897979132, 1.01707304374191], [-79.10963235938617, 1.018007818015734], [-79.10956953090059, 1.018995293882638], [-79.10903177959588, 1.019790339279922], [-79.10926900258069, 1.020292057582844], [-79.10933080772703, 1.021060149618623], [-79.11009328314609, 1.022020625543004], [-79.11001474134754, 1.023145173963758], [-79.11054327585036, 1.0270438191316], [-79.10897671663069, 1.030346047558445], [-79.1077646313651, 1.032278119934006], [-79.10768277062981, 1.032772957076219], [-79.10748294610133, 1.032986778561412], [-79.1070276593175, 1.033163734940731], [-79.10675891584609, 1.033861639561157], [-79.10539327724634, 1.034018608582711], [-79.10480470376271, 1.034608174848903], [-79.10434675272799, 1.035640981568896], [-79.10452890913889, 1.037041021580962], [-79.10387306160156, 1.03791203345142], [-79.10329237575841, 1.039582155902725], [-79.1030324185973, 1.039852181559362], [-79.10156140621804, 1.040309464846], [-79.10115098079723, 1.040877614269382], [-79.10079602065107, 1.042130840418906], [-79.10121172268202, 1.043401805159608], [-79.10125219162853, 1.043927005715357], [-79.10065045957941, 1.044879696423614], [-79.10042845114677, 1.046426875575031], [-79.1001167069121, 1.046617479406972], [-79.09926690340544, 1.046447779129514], [-79.09891892761722, 1.046685288191489], [-79.09874244683972, 1.047363803028568], [-79.09806578320465, 1.048033331373853], [-79.0982026610983, 1.04882217222984], [-79.09764820102701, 1.049736006121377], [-79.09700191155629, 1.049791762654922], [-79.09620332290964, 1.049605454801154], [-79.09600788360393, 1.049693949139735], [-79.09591964633216, 1.05002674144988], [-79.09605465458353, 1.050487074273643], [-79.0965715857325, 1.051321630329798], [-79.09653499455321, 1.051518277039521], [-79.09508546532874, 1.051947436384607], [-79.09499084220298, 1.052144047216638], [-79.09503291091121, 1.053578988147629], [-79.09475558274153, 1.054194775560398], [-79.09371422731175, 1.054369191744769], [-79.09322853111686, 1.055060443030219], [-79.09225555679359, 1.055794614759201], [-79.09068891722217, 1.054700169700999]]]}, "properties": {"PROVINCIA": "ESMERALDAS", "CANTON": "ELOY ALFARO", "PARROQUIA": "ANCHAYACU", "NUM_SECTORES": 1, "CASOS": 10, "CIRCUNSCRIPCION": "CIRCUNSCRIPCIÓN RURAL", "TIPOLOGIAS": "C", "ETIQUETA": "ANCHAYACU\n1 sectores (10 casos)"}}, {"type": "Feature", "geometry": {"type": "Polygon", "coordinates": [[[-78.983937645213, 1.122453104519766], [-78.97982856951049, 1.119221879547639], [-78.97925806700164, 1.118307556978142], [-78.97878409001042, 1.117057315331853], [-78.9786786681536, 1.116346752132909], [-78.97909837333164, 1.111867237050614], [-78.97851801512354, 1.109985752420649], [-78.97767787142675, 1.10820532937366], [-78.97745039911406, 1.107186068760134], [-78.97746558403857, 1.105822488697609], [-78.97769488261359, 1.10414327611594], [-78.97813779161254, 1.102894816835498], [-78.98009390061353, 1.099235984112034], [-78.98074778909798, 1.098315858656889], [-78.98199158422146, 1.097629669471266], [-78.98219145732857, 1.097285318898135], [-78.9824922284924, 1.095928271939881], [-78.98259710058484, 1.094183619544048], [-78.98325026731321, 1.09217476362733], [-78.98429034240384, 1.0903301912805], [-78.98724645738564, 1.086938313886303], [-78.9874464995183, 1.086335594084216], [-78.98734080667006, 1.085706679846821], [-78.98652204690647, 1.084619023059644], [-78.98537040852098, 1.083635321326999], [-78.98356974963609, 1.082684631975365], [-78.98194059278376, 1.082078701254635], [-78.98075664599385, 1.08218849980488], [-78.98011470853419, 1.082540929774223], [-78.97771872227737, 1.084770108261434], [-78.97713023172051, 1.085164436329333], [-78.97619118510323, 1.085552545860381], [-78.97520476416912, 1.085701397375258], [-78.97276887032712, 1.085400721577209], [-78.9716342241737, 1.085077001256672], [-78.9709096191237, 1.084657867224399], [-78.96915218261591, 1.082706995369562], [-78.96854696053781, 1.081462616613492], [-78.96822747833065, 1.079405065923268], [-78.9681460326511, 1.07678549610234], [-78.96760071509598, 1.07479956281304], [-78.96656847384386, 1.072370739171132], [-78.96496565396912, 1.070216645140023], [-78.96314848726522, 1.068744201749391], [-78.96179749308966, 1.067940469940534], [-78.961800295382, 1.063680844497484], [-78.95893234225287, 1.059498325430741], [-78.95322529321753, 1.05371547829364], [-78.95444673728069, 1.053900724195708], [-78.95545454919927, 1.053870651203951], [-78.9559128364109, 1.053563556923765], [-78.95670739518701, 1.052734108554399], [-78.95682983109846, 1.052303833095943], [-78.95670783454709, 1.052057834805849], [-78.95529315736893, 1.050829655350992], [-78.95507146384222, 1.049983327363028], [-78.95437660505385, 1.048660102553969], [-78.95262887317497, 1.046772065412007], [-78.95240695814299, 1.046266156782371], [-78.9524863402056, 1.044702010768817], [-78.95299348562762, 1.044046564388836], [-78.95531101003435, 1.042372199531574], [-78.95596307292416, 1.041498251995711], [-78.95726757261957, 1.03916743647424], [-78.95879035403935, 1.035088007615491], [-78.95900826557852, 1.033922314886771], [-78.95886427901192, 1.032683522315934], [-78.9582132912255, 1.031881590902911], [-78.95372622214005, 1.030275670616954], [-78.95126277848492, 1.029747647216126], [-78.94900247923877, 1.02426939126143], [-78.94816998267164, 1.021539395052299], [-78.94775814527785, 1.018410266262255], [-78.94775808578237, 1.014846856699606], [-78.94820222119179, 1.014133412920033], [-78.94814616632293, 1.012571735356908], [-78.9483290484727, 1.011997718916603], [-78.94960766548883, 1.010459854147513], [-78.95048871039776, 1.009857191076089], [-78.95091493440513, 1.009313947539973], [-78.95108949326837, 1.008762303718371], [-78.95034550316612, 1.007797872889097], [-78.94968417448116, 1.007299870713865], [-78.94917746692889, 1.007108171903171], [-78.94917744539796, 1.006567851815024], [-78.94949076156992, 1.006116700659047], [-78.94996874330266, 1.00462633763049], [-78.950234084292, 1.004471863707716], [-78.94861258785309, 1.002758691992911], [-78.94701233842015, 1.000097146816659], [-78.94682321210104, 0.999192772275752], [-78.94851588605678, 0.998774306416377], [-78.9497636804862, 0.998660518862452], [-78.95651507137296, 0.996992411441966], [-78.95869206344662, 0.996992487300738], [-78.95925747228848, 0.995283871320949], [-78.96062744403005, 0.993562311251924], [-78.96067343353151, 0.9929767196149], [-78.96055961801895, 0.992551786968572], [-78.96029752398618, 0.992092314152492], [-78.95933977050595, 0.991299409882751], [-78.9592030553619, 0.991012257015538], [-78.9590782396086, 0.989921318430121], [-78.95824572413083, 0.989530389198149], [-78.95674147989543, 0.986982205054735], [-78.95566921130647, 0.986912645405371], [-78.95479120115864, 0.986303518446349], [-78.95400419931316, 0.986107824853207], [-78.95376510413416, 0.985349818927726], [-78.95414186844476, 0.984833330185326], [-78.95382294020584, 0.98404082612908], [-78.95377794678492, 0.982995871502013], [-78.95353854900733, 0.982731622124016], [-78.95271743762659, 0.982352186298426], [-78.95128037029785, 0.981891991955902], [-78.95128058004924, 0.981547511237295], [-78.95201103146175, 0.980939379305636], [-78.95213670238176, 0.980629423723921], [-78.9520569755999, 0.980422686542833], [-78.9512817184107, 0.979675833948899], [-78.95032436736551, 0.978228426781483], [-78.94949196906333, 0.977653781212063], [-78.94936688410614, 0.976999191362282], [-78.94918447531654, 0.976815356858394], [-78.94869393993481, 0.976838020685852], [-78.94804384672346, 0.976619449944511], [-78.94680044666656, 0.976595720117889], [-78.9465039578524, 0.976423298284966], [-78.94566068397714, 0.974975966117545], [-78.94434889762309, 0.974860332858334], [-78.9443035465568, 0.974400999483883], [-78.94401870381786, 0.973834348288726], [-78.94143107175746, 0.970774554467223], [-78.9406213754549, 0.970395131703136], [-78.93968608051598, 0.970210836927304], [-78.93779177406289, 0.970355649046174], [-78.93301823753684, 0.965637993709894], [-78.93200668994835, 0.963076228421433], [-78.92990575128418, 0.959149891963151], [-78.92990580408608, 0.958606143556028], [-78.9292462148874, 0.958649422530219], [-78.92814001375405, 0.958143517915263], [-78.92735300907724, 0.957982282785525], [-78.9260753688383, 0.958027434308244], [-78.92518572795679, 0.957820207397767], [-78.9244327530761, 0.957980502896662], [-78.92425029985907, 0.957877049379259], [-78.92402244496994, 0.957394645827234], [-78.9240798203565, 0.956832038934483], [-78.92506623949616, 0.95570556065782], [-78.92392082157595, 0.95570557617172], [-78.92321624714015, 0.956592871819736], [-78.9225939116242, 0.956606008358812], [-78.92221852462878, 0.957227268746219], [-78.92177205083176, 0.957504010927276], [-78.92164896071277, 0.957481927457831], [-78.92164577325357, 0.957250362450371], [-78.9214941761576, 0.95721151620997], [-78.92083180769419, 0.957549007708457], [-78.9201982094307, 0.957192664150073], [-78.91986841491672, 0.956692257905736], [-78.92425346371631, 0.948477371878368], [-78.92348016014203, 0.947382797650437], [-78.92349461580243, 0.946788430584659], [-78.92452786522254, 0.945047967131194], [-78.9253654271524, 0.944427241733735], [-78.94502633513687, 0.944439002562047], [-78.94628283571188, 0.944612532324212], [-78.94683638057964, 0.944194966105271], [-78.94853984565428, 0.944962784419982], [-78.94979985309031, 0.944523937584788], [-78.95033391191961, 0.943946866841511], [-78.95192722010006, 0.943248092427767], [-78.9523273539227, 0.943439918396912], [-78.9535758536942, 0.943326012016498], [-78.95459186882034, 0.94372145533061], [-78.95525285136029, 0.944212438034214], [-78.95559360329318, 0.94426860667201], [-78.95615152729208, 0.943893895684821], [-78.95630770716637, 0.943159999244551], [-78.95701379685879, 0.943008700243333], [-78.9575382112771, 0.943104578828502], [-78.95794466824324, 0.943393875977241], [-78.95792925839781, 0.944863473547411], [-78.9580761349567, 0.945142943090042], [-78.9584509741941, 0.945429780861038], [-78.95914381856964, 0.945661111282805], [-78.96058527537176, 0.943985756425959], [-78.96197895722852, 0.943218772383471], [-78.96268822868235, 0.943158973917314], [-78.96313971554268, 0.943400106554808], [-78.96379543096921, 0.943381867420266], [-78.96469429543544, 0.94413420149898], [-78.96565516291898, 0.944382144590032], [-78.96611981365021, 0.944695436987868], [-78.96708357221391, 0.945070777513735], [-78.96714864418027, 0.94546466620797], [-78.96760446637046, 0.9458218053798], [-78.96913491434168, 0.946049470071613], [-78.9694763808588, 0.945654735393313], [-78.96975090666693, 0.944989618029569], [-78.96998730040615, 0.943476197343934], [-78.97012929868215, 0.943341290025007], [-78.97110694004967, 0.943169983650997], [-78.97178475286064, 0.942533401714883], [-78.97236723978575, 0.941782206326571], [-78.97266771510076, 0.940663214177015], [-78.97398110333633, 0.940512264204766], [-78.97466041114994, 0.940864379523642], [-78.97649390367891, 0.942224224291429], [-78.97716704025817, 0.941754092190213], [-78.97776666863051, 0.941652543478672], [-78.97869176078672, 0.942115472410498], [-78.97973436133094, 0.942234074553399], [-78.98048844687311, 0.942513810888761], [-78.98126956609293, 0.94248795569632], [-78.98202559344674, 0.941267955805234], [-78.9823884666868, 0.939258209392618], [-78.9831472155119, 0.93861343823081], [-78.98378552139278, 0.93857773262661], [-78.98482603896214, 0.938260070056631], [-78.98498888407573, 0.936855180909253], [-78.98571520488652, 0.936053244122129], [-78.98644101959735, 0.936455837240726], [-78.98717048754143, 0.937223897082515], [-78.98823924641992, 0.937788173603254], [-78.9888825279057, 0.938322909218811], [-78.98917267540152, 0.937978950680521], [-78.98882362059167, 0.937349176421267], [-78.98889583561251, 0.935464208288792], [-78.98915731106045, 0.935149346913748], [-78.99096847240286, 0.934912865850017], [-78.99223048437605, 0.935092889652879], [-78.99279804563918, 0.934997645652339], [-78.99324193168722, 0.934089932998741], [-78.9935920040291, 0.934039410284635], [-78.99417061373386, 0.933627531221607], [-78.9946112827526, 0.933640171478978], [-78.99497540892898, 0.933834144560702], [-78.9958330440614, 0.933683188199903], [-78.99621317921392, 0.933207450076657], [-78.99694360790097, 0.933560857994074], [-78.99814783330827, 0.933325107195321], [-78.99816750431954, 0.932847805338391], [-78.99794590800386, 0.932373077851044], [-78.99837610856088, 0.932155780005729], [-78.99913454679587, 0.931265873931817], [-78.99955656403269, 0.931023620126721], [-78.99779246959073, 0.928135628445198], [-78.99823496467407, 0.927426872138775], [-78.99794331426055, 0.926453273078028], [-78.99874743666246, 0.926100560230926], [-78.99897154130176, 0.925631150140786], [-78.99898312328092, 0.924678971213862], [-78.9993842411178, 0.924422413408218], [-78.99976239305305, 0.923792870504229], [-79.000925722316, 0.923277517041897], [-79.00249118876746, 0.923415837720665], [-79.00412806819519, 0.922746949359673], [-79.00455316440427, 0.922660659745288], [-79.00527833073984, 0.922794344954361], [-79.00681115020616, 0.923980497319006], [-79.00838157260954, 0.926193639077478], [-79.00887695297777, 0.926520328084436], [-79.0096016241221, 0.926741086692563], [-79.0103323421477, 0.926589416965027], [-79.01181728256948, 0.925534805958802], [-79.01264336786913, 0.925431833787505], [-79.01357343604742, 0.924745089668983], [-79.01431875433293, 0.924507709593146], [-79.01491495659832, 0.924767997790852], [-79.0158827339728, 0.925889820211315], [-79.01667349532921, 0.926479160527449], [-79.03758114018221, 0.926490882835477], [-79.0373469903119, 0.925699440606211], [-79.03730771746932, 0.92441158291771], [-79.03830833770492, 0.922399894188981], [-79.03930853980772, 0.921152856681767], [-79.0399088664258, 0.920026330871587], [-79.04014993622958, 0.917853236950498], [-79.0397507632162, 0.916685913547447], [-79.03899187455283, 0.915317168299938], [-79.03675440268466, 0.91265977429402], [-79.03663509203353, 0.911492607750172], [-79.03691550204354, 0.910486639719313], [-79.03779581355596, 0.90911879631621], [-79.03875582442987, 0.908233932971909], [-79.03935618446756, 0.907026913182035], [-79.04078554250046, 0.905738004908456], [-79.04158362009089, 0.9057384392314], [-79.04704958704056, 0.906638194982085], [-79.04973282998266, 0.907599587148889], [-79.04946252210875, 0.908905907708207], [-79.0497191861231, 0.909625985355748], [-79.05110792001088, 0.910856782579189], [-79.05254709401369, 0.913892557603932], [-79.05374335010757, 0.914846569589239], [-79.05553179586232, 0.915825161341127], [-79.05609728667788, 0.916509113479364], [-79.05649044570929, 0.91728446016471], [-79.05643522839549, 0.917939677729626], [-79.05694463508848, 0.917939616480881], [-79.05854163323086, 0.918338611941202], [-79.06077195246094, 0.919666032337219], [-79.06244817882296, 0.919792509123712], [-79.06416264642156, 0.924430282670354], [-79.0646633807266, 0.926059368325944], [-79.06484075504862, 0.927199632800775], [-79.06522860830228, 0.928111979841317], [-79.0655843383456, 0.928584531548304], [-79.06598871850262, 0.928861651587915], [-79.06952186236855, 0.930140442091739], [-79.07051947385877, 0.931253457112413], [-79.07084457215038, 0.931841317758642], [-79.07105938814603, 0.934878243147599], [-79.07102870073606, 0.937163244048363], [-79.0706729724964, 0.937418759989445], [-79.06742378194876, 0.938138530925685], [-79.06528744321044, 0.938882523371033], [-79.06464399691616, 0.939321943435868], [-79.06310190481753, 0.94082365851237], [-79.06212025413419, 0.94201217701299], [-79.0620180551455, 0.942460833113351], [-79.05933119324364, 0.94204653197533], [-79.05872609122198, 0.942087966936258], [-79.05852113085649, 0.942364900774752], [-79.05874574955288, 0.943410199062868], [-79.05856882861359, 0.943824768707226], [-79.05723634308396, 0.943631062042831], [-79.05616868884792, 0.943889245001949], [-79.05551684374748, 0.943667619199412], [-79.05520853072026, 0.9440359994266], [-79.05491750737814, 0.944165679274327], [-79.05291662279586, 0.943965536424886], [-79.05175200091523, 0.944145448921749], [-79.05060791242475, 0.944715354716378], [-79.05001874842878, 0.945818961752599], [-79.04462665021349, 0.947503051677165], [-79.04555825207818, 0.949733788564337], [-79.0459543316885, 0.954780350579443], [-79.04550786757005, 0.95577227379109], [-79.04323161142631, 0.956628962239659], [-79.04289154303085, 0.957389015586952], [-79.04191673387375, 0.955496242418824], [-79.04147703493719, 0.954218811703152], [-79.04104999626645, 0.953744315638724], [-79.04006535507565, 0.95319372860314], [-79.03878050024191, 0.95282498356988], [-79.0377148349833, 0.953230176200811], [-79.03670955224082, 0.952968376580976], [-79.03544442777273, 0.947573502236045], [-79.0348545098127, 0.947462492053354], [-79.03426884215109, 0.947142073136192], [-79.03305875364846, 0.947207296583636], [-79.03206965304402, 0.946769555270742], [-79.03104138715068, 0.947608057092903], [-79.03076259880464, 0.948980731117913], [-79.02969555525041, 0.949451654737046], [-79.02879085125132, 0.95019835824572], [-79.02844590688258, 0.950852251081604], [-79.02833187020633, 0.951568214406147], [-79.02785772143925, 0.952123202563678], [-79.02722741826408, 0.953215372316646], [-79.02664353578518, 0.953394336152339], [-79.02575377416737, 0.953295175598113], [-79.02518008460888, 0.953557782287888], [-79.02455221037194, 0.954327064246073], [-79.02313155472548, 0.955525827396621], [-79.02240885039929, 0.956875087993768], [-79.02197569186885, 0.957375484558941], [-79.02023049641353, 0.957630897371356], [-79.01970125911036, 0.957599395169714], [-79.01852551609137, 0.957932626406205], [-79.01779324393537, 0.957953086633856], [-79.01700862125799, 0.958879689062879], [-79.0165814879302, 0.959991314285702], [-79.0163033612671, 0.960347852139566], [-79.01576530831873, 0.960497270389657], [-79.01485926758215, 0.960284981062555], [-79.01411995702024, 0.960364298445497], [-79.01380936699024, 0.960783746654888], [-79.0136162854079, 0.962106542016314], [-79.01312549204619, 0.962547404437464], [-79.0124255145672, 0.962798717769819], [-79.01197127943578, 0.964171630614524], [-79.01175441143793, 0.964374491679078], [-79.011147782722, 0.964591228559836], [-79.01078260785387, 0.965095923256792], [-79.0105918980805, 0.965133124652958], [-79.01039393251122, 0.965528217901068], [-79.01009132252575, 0.965732107538309], [-79.0101465274093, 0.96592998096253], [-79.01047835258079, 0.965850751595991], [-79.01047057924836, 0.966140695853231], [-79.010019836771, 0.966423267450122], [-79.00999858572234, 0.966878470552501], [-79.00956508003398, 0.967057284718655], [-79.00961145934562, 0.967404676189336], [-79.00920167651682, 0.967489600595784], [-79.0090045053963, 0.968150719409704], [-79.00831081073125, 0.967663234370732], [-79.00806212852386, 0.968092833539779], [-79.00785438555322, 0.967852435138119], [-79.00736090339385, 0.968010036288528], [-79.00732845853685, 0.968220539637372], [-79.00749559718727, 0.968523026541455], [-79.00694318255177, 0.968666238675649], [-79.00676428157475, 0.96897043382747], [-79.00614275755296, 0.968619832352955], [-79.00619861301769, 0.969018901651224], [-79.00540677344637, 0.969120533794005], [-79.00527154801395, 0.969320739702791], [-79.00591445197709, 0.969956518120899], [-79.00568651229548, 0.970136473314042], [-79.00568638884737, 0.971036944395693], [-79.01281230566357, 0.979360616812136], [-79.01405156874722, 0.980135728536887], [-79.01777972177352, 0.981537462834433], [-79.02139064044397, 0.982593206782761], [-79.02189997365876, 0.983047087374375], [-79.02269765919134, 0.984533201461973], [-79.02340248544918, 0.986306341565964], [-79.02352298827063, 0.987504972419861], [-79.02322238069429, 0.989442581704492], [-79.02179027811785, 0.993501388713294], [-79.02289842386384, 0.993613239881895], [-79.02327994083355, 0.993459433364591], [-79.02364000972491, 0.993855820739203], [-79.02370316703113, 0.994158143032263], [-79.02391799251195, 0.994131948885572], [-79.02389254079068, 0.994390365646239], [-79.02409234888583, 0.994547099465879], [-79.02464167116206, 0.994466399946111], [-79.02544014788663, 0.993960045549272], [-79.02730124376781, 0.993413861520169], [-79.02887460241261, 0.993843424609581], [-79.0295048242462, 0.994329861615748], [-79.02974431831353, 0.995072224765408], [-79.03012181097418, 0.995588566509955], [-79.03020312848847, 0.996119066150808], [-79.03256723099817, 0.999640386471268], [-79.03277056297345, 1.000310683659176], [-79.03307304560344, 1.000738694742412], [-79.03331111163659, 1.002091877398094], [-79.03385827006662, 1.002449126422548], [-79.0341068839291, 1.003257587122028], [-79.03385368573073, 1.004328415809184], [-79.03433365612555, 1.005025887163416], [-79.03433145680096, 1.005208172030774], [-79.03220215789457, 1.006755501830217], [-79.03187305564887, 1.007884999701274], [-79.03223918221283, 1.008083285657261], [-79.03231344827013, 1.008687637500015], [-79.03290473169906, 1.008359289211166], [-79.033087251818, 1.008376625115218], [-79.03319129221158, 1.008475731823887], [-79.03319166791569, 1.009037693894199], [-79.033577472468, 1.008928119967266], [-79.03439297732457, 1.009229334434955], [-79.03462488390748, 1.008933063865542], [-79.03534310718386, 1.008566753425208], [-79.03557264025953, 1.008661629806532], [-79.03586148606284, 1.008534771547252], [-79.03611245433191, 1.008555736760813], [-79.03638177413325, 1.008887480982105], [-79.03688287188946, 1.008969920638424], [-79.03711078562648, 1.008594280413739], [-79.0371846454049, 1.008820083635735], [-79.03769642395527, 1.009271232261211], [-79.03811786776043, 1.009106488942509], [-79.03855144743332, 1.009391441682214], [-79.03909027780479, 1.009047500037484], [-79.03963763635872, 1.00915832220248], [-79.03992634314922, 1.00941765169521], [-79.03994340033975, 1.00998344549339], [-79.04040971252336, 1.010662166017759], [-79.04075802127488, 1.01085299032597], [-79.04151472930907, 1.01071703736303], [-79.04288748079433, 1.011181723899267], [-79.04390198570842, 1.011364987575458], [-79.0445672345474, 1.011852663739307], [-79.04520909741784, 1.012541691033563], [-79.0459024211963, 1.012799808649], [-79.04636276581124, 1.013446590661178], [-79.04762821888964, 1.014290615937186], [-79.04908491378644, 1.015605110811775], [-79.05139632151513, 1.016999236463034], [-79.0524539190039, 1.017083612838479], [-79.05356112890051, 1.016911955957196], [-79.05482963007441, 1.016636497848836], [-79.05554423172671, 1.016164422944564], [-79.05657805747818, 1.016260744054313], [-79.05762844583174, 1.017354576399241], [-79.05738426068389, 1.019792308895616], [-79.05746436715614, 1.020115828008402], [-79.05860712188529, 1.020692813558969], [-79.05957559455372, 1.02136820323697], [-79.05949688755538, 1.02250079788096], [-79.05845598014422, 1.024294451444579], [-79.05770257061276, 1.024917300421624], [-79.05774625088154, 1.026377699477383], [-79.05765768556688, 1.026714486272289], [-79.06061669763125, 1.029132186902925], [-79.0616020718845, 1.029451963498219], [-79.06387498168077, 1.029696067898618], [-79.06436944189944, 1.030209218605108], [-79.06533750321152, 1.030823545519249], [-79.06610977069222, 1.03158085513645], [-79.06701356384423, 1.032086905089972], [-79.06753209054709, 1.032567661154402], [-79.06742768617411, 1.033264382908441], [-79.0668034433365, 1.034038929570758], [-79.0666737604395, 1.034719897612737], [-79.06622385671817, 1.035040186587133], [-79.06573604418493, 1.036148936513701], [-79.06559722083378, 1.036831416455465], [-79.06508874373635, 1.037742590997618], [-79.0650944282807, 1.038879776166425], [-79.06405807683791, 1.042081687394592], [-79.06402651158622, 1.04398415664505], [-79.06348087838609, 1.043982597666132], [-79.06304612185, 1.044464616462477], [-79.06261252188214, 1.04457328274216], [-79.06207275133202, 1.045373327026086], [-79.0620006800502, 1.046066187456179], [-79.06219883654994, 1.046129135023688], [-79.06235180633642, 1.046757163631656], [-79.06194189706243, 1.046851264476317], [-79.06173673392153, 1.047257460547108], [-79.06117144655086, 1.047177484057121], [-79.060991426428, 1.047352143435264], [-79.06073635504316, 1.047346416434988], [-79.06060084599468, 1.04858675835792], [-79.06076986134772, 1.048919554094348], [-79.06069150861546, 1.049425209186246], [-79.06078548810306, 1.049761251289388], [-79.06062806295326, 1.050002524704478], [-79.06052839364024, 1.050689236517341], [-79.05994205111625, 1.050716545031146], [-79.05980513516509, 1.051152590768469], [-79.05945542337048, 1.05136815449642], [-79.05953591716128, 1.051546813651155], [-79.05992577319422, 1.051756366068587], [-79.06007547057585, 1.052207226655475], [-79.05976244917022, 1.052386087957796], [-79.05947055543112, 1.052365277476579], [-79.05947069434428, 1.052595359188419], [-79.05699195076949, 1.05788177670391], [-79.05626396273951, 1.058094179161324], [-79.05482036912515, 1.059876273924625], [-79.05489594206924, 1.060651452232557], [-79.05464788453845, 1.062048443633201], [-79.05521739410719, 1.063512939462599], [-79.05540867431189, 1.064370702876822], [-79.0553167898151, 1.066154286408129], [-79.05489766626279, 1.066786231890937], [-79.05313229793573, 1.068353782161092], [-79.05342092479574, 1.069020578161135], [-79.05402511025117, 1.069713221767012], [-79.05337739422589, 1.070578531821202], [-79.05342923631629, 1.071368829301938], [-79.05405676115186, 1.072264863893422], [-79.05520802731, 1.072634390887579], [-79.05592421744618, 1.073389127222115], [-79.05707447304057, 1.07356211425373], [-79.05757771744872, 1.07456723598421], [-79.05777087152946, 1.075586357388901], [-79.05703736317408, 1.076744943233968], [-79.05682739802363, 1.077693127596244], [-79.05706829901641, 1.078766065351425], [-79.05701390418037, 1.079131537108167], [-79.05630061821452, 1.079349805365609], [-79.05583448109378, 1.079799272833376], [-79.0554123927998, 1.079970123435576], [-79.05525428343141, 1.080210387917248], [-79.05512991056739, 1.081435204666919], [-79.05542428521261, 1.081980857412422], [-79.05571374077743, 1.083015451908733], [-79.05568889953013, 1.084673072568671], [-79.05491988221816, 1.086779948308606], [-79.05380201147575, 1.088746103706454], [-79.05261457445202, 1.090360981430401], [-79.05079940298874, 1.091413482732901], [-79.04891421949888, 1.092817162475088], [-79.04773672102829, 1.093347236116625], [-79.04388875579373, 1.093937796668954], [-79.04319069552109, 1.094218319546274], [-79.03275525857727, 1.096286348907303], [-79.02837933416083, 1.10109118332234], [-79.02159377650864, 1.107132035878587], [-79.0037110203623, 1.108858787668843], [-79.00353084862556, 1.10922223429781], [-79.0039496052773, 1.109933381651234], [-79.00381598721832, 1.110263495793646], [-79.00297812047974, 1.110841055714776], [-79.00245428614846, 1.111701925813138], [-79.00113799706818, 1.112931971640553], [-79.0008333327629, 1.113145600888067], [-79.000262865047, 1.113222518300195], [-79.00000179985246, 1.113386176271863], [-78.99978589137034, 1.114392102526114], [-78.99960717614847, 1.114590265536876], [-78.99810735675528, 1.115034544406693], [-78.99779288161797, 1.115276737669913], [-78.99716840319937, 1.116692486344683], [-78.99732509161525, 1.116964083226194], [-78.99733246711442, 1.1173028372332], [-78.99702204442016, 1.118035622711774], [-78.99658655357099, 1.11814249772565], [-78.99604286180039, 1.117987103946941], [-78.99525177857689, 1.118143494449499], [-78.99520185312393, 1.118864974872147], [-78.9955897503541, 1.119077178505433], [-78.99563336441135, 1.119223718580539], [-78.9951842999656, 1.119513751459272], [-78.99513508391719, 1.119889785711025], [-78.9947855163495, 1.120164658748473], [-78.99460250349905, 1.12017170905823], [-78.99447189228088, 1.120011335871407], [-78.99434883687987, 1.119224187990482], [-78.9939043390526, 1.11929565041387], [-78.99389091821786, 1.119808787529857], [-78.99418475082301, 1.121105609883455], [-78.9940316992511, 1.121200236934622], [-78.99389869861814, 1.120948956788932], [-78.9937199533755, 1.120970842802947], [-78.99338713792626, 1.121426343714842], [-78.99302695342375, 1.121587574356859], [-78.99295660433424, 1.121932015288139], [-78.99334625520821, 1.122128452146471], [-78.99321304150236, 1.122299408249352], [-78.99239658942649, 1.122363436173295], [-78.99236231179444, 1.122093083970674], [-78.99270374481566, 1.121547878768181], [-78.99251603126072, 1.1214759807052], [-78.99211183905021, 1.121693399263663], [-78.99190626899444, 1.121668138529709], [-78.99175697599169, 1.121020922618635], [-78.99154421750744, 1.121080582845844], [-78.99115052644976, 1.121582690480736], [-78.99056581708193, 1.12163252374333], [-78.99028034889211, 1.122013895252664], [-78.99005582540794, 1.121900106842849], [-78.98999670190929, 1.121468258868084], [-78.98945725616191, 1.121363821582522], [-78.98536680700472, 1.125098991236101], [-78.98521067544735, 1.124286040867169], [-78.983937645213, 1.122453104519766]]]}, "properties": {"PROVINCIA": "ESMERALDAS", "CANTON": "ELOY ALFARO", "PARROQUIA": "BORBÓN", "NUM_SECTORES": 4, "CASOS": 40, "CIRCUNSCRIPCION": "CIRCUNSCRIPCIÓN RURAL", "TIPOLOGIAS": "A, D, E, H", "ETIQUETA": "BORBÓN\n4 sectores (40 casos)"}}, {"type": "Feature", "geometry": {"type": "Polygon", "coordinates": [[[-79.03900389637327, 1.222448394059785], [-79.027667666854, 1.211656506596821], [-79.01963581322329, 1.206893192155776], [-79.01380964611919, 1.202290095041566], [-79.00735889231859, 1.189916171956616], [-79.00342668387316, 1.180715727641664], [-78.99807605637724, 1.172148615330072], [-78.99700894089428, 1.163376820707813], [-78.99540757239686, 1.15819180834275], [-78.99367986951376, 1.150578829714255], [-78.99345541900385, 1.14679572973232], [-78.99153332194119, 1.142380608219671], [-78.98801675100111, 1.138205766372134], [-78.98471034889067, 1.135190474462704], [-78.98232878076126, 1.132260232864691], [-78.9839878976846, 1.129848172663588], [-78.98466387004235, 1.128422849152857], [-78.98532139877196, 1.126165000361486], [-78.98536680700472, 1.125098991236101], [-78.98945725616191, 1.121363821582522], [-78.98999670190929, 1.121468258868084], [-78.99005582540794, 1.121900106842849], [-78.99028034889211, 1.122013895252664], [-78.99056581708193, 1.12163252374333], [-78.99115052644976, 1.121582690480736], [-78.9917177667731, 1.121011325820646], [-78.99185552441537, 1.121146585156806], [-78.99190626899444, 1.121668138529709], [-78.99211183905021, 1.121693399263663], [-78.99251603126072, 1.1214759807052], [-78.99270374481566, 1.121547878768181], [-78.99236231179444, 1.122093083970674], [-78.99239658942649, 1.122363436173295], [-78.99326059349659, 1.122274322358871], [-78.9933023508892, 1.122032729923416], [-78.99294355034577, 1.121905691321892], [-78.99302695342375, 1.121587574356859], [-78.99338713792626, 1.121426343714842], [-78.9937199533755, 1.120970842802947], [-78.99389869861814, 1.120948956788932], [-78.9940316992511, 1.121200236934622], [-78.99418475082301, 1.121105609883455], [-78.99389091821786, 1.119808787529857], [-78.9939043390526, 1.11929565041387], [-78.99434883687987, 1.119224187990482], [-78.99447189228088, 1.120011335871407], [-78.99460250349905, 1.12017170905823], [-78.9947855163495, 1.120164658748473], [-78.99513508391719, 1.119889785711025], [-78.9951842999656, 1.119513751459272], [-78.99563336441135, 1.119223718580539], [-78.9955897503541, 1.119077178505433], [-78.99520185312393, 1.118864974872147], [-78.99525177857689, 1.118143494449499], [-78.99604286180039, 1.117987103946941], [-78.99658655357099, 1.11814249772565], [-78.99702204442016, 1.118035622711774], [-78.99733246711442, 1.1173028372332], [-78.99732509161525, 1.116964083226194], [-78.99716840319937, 1.116692486344683], [-78.99779288161797, 1.115276737669913], [-78.99810735675528, 1.115034544406693], [-78.99960717614847, 1.114590265536876], [-78.99978589137034, 1.114392102526114], [-79.00000179985246, 1.113386176271863], [-79.000262865047, 1.113222518300195], [-79.0008333327629, 1.113145600888067], [-79.00113799706818, 1.112931971640553], [-79.00245428614846, 1.111701925813138], [-79.00297812047974, 1.110841055714776], [-79.00381598721832, 1.110263495793646], [-79.0039496052773, 1.109933381651234], [-79.00353084862556, 1.10922223429781], [-79.0037110203623, 1.108858787668843], [-79.02159377650864, 1.107132035878587], [-79.02837933416083, 1.10109118332234], [-79.03275525857727, 1.096286348907303], [-79.04319069552109, 1.094218319546274], [-79.04388875579373, 1.093937796668954], [-79.04773672102829, 1.093347236116625], [-79.04891421949888, 1.092817162475088], [-79.05079940298874, 1.091413482732901], [-79.05261457445202, 1.090360981430401], [-79.05380201147575, 1.088746103706454], [-79.05491988221816, 1.086779948308606], [-79.05568889953013, 1.084673072568671], [-79.05571374077743, 1.083015451908733], [-79.05542428521261, 1.081980857412422], [-79.05512991056739, 1.081435204666919], [-79.05525428343141, 1.080210387917248], [-79.0554123927998, 1.079970123435576], [-79.05583448109378, 1.079799272833376], [-79.05630061821452, 1.079349805365609], [-79.05701390418037, 1.079131537108167], [-79.05706829901641, 1.078766065351425], [-79.05682739802363, 1.077693127596244], [-79.05703736317408, 1.076744943233968], [-79.05777087152946, 1.075586357388901], [-79.05757771744872, 1.07456723598421], [-79.05707447304057, 1.07356211425373], [-79.05592421744618, 1.073389127222115], [-79.05520802731, 1.072634390887579], [-79.05405676115186, 1.072264863893422], [-79.05342923631629, 1.071368829301938], [-79.05337739422589, 1.070578531821202], [-79.05402511025117, 1.069713221767012], [-79.05342092479574, 1.069020578161135], [-79.05313229793573, 1.068353782161092], [-79.05489766626279, 1.066786231890937], [-79.0553167898151, 1.066154286408129], [-79.05540867431189, 1.064370702876822], [-79.05521739410719, 1.063512939462599], [-79.05464788453845, 1.062048443633201], [-79.05489594206924, 1.060651452232557], [-79.05482036912515, 1.059876273924625], [-79.05626396273951, 1.058094179161324], [-79.05699195076949, 1.05788177670391], [-79.05947069434428, 1.052595359188419], [-79.06017294290132, 1.05238938676833], [-79.0607374366846, 1.051587657939302], [-79.06306447034031, 1.051894269336428], [-79.06322558811777, 1.052152294540903], [-79.06324807756319, 1.05258277234907], [-79.06352809176562, 1.052459610672186], [-79.06380216316974, 1.052517830371737], [-79.06405999731552, 1.052228559718754], [-79.06425344099176, 1.052212579329588], [-79.06421723710343, 1.052062885731475], [-79.06452929973534, 1.052068930879661], [-79.06452527982275, 1.051576224869562], [-79.06482845921666, 1.051283087753201], [-79.06538054669556, 1.0513925666724], [-79.06560343125946, 1.051143765962052], [-79.06578334647023, 1.0511993197813], [-79.06600142693912, 1.050927019165243], [-79.06639741716621, 1.051004513570015], [-79.06640923250677, 1.05060894893328], [-79.06668879675156, 1.050704907003129], [-79.06756141559738, 1.050454712046463], [-79.0677045992684, 1.049312089495015], [-79.0683108042385, 1.048840693403593], [-79.0686152199852, 1.048331024970031], [-79.06934729854822, 1.048047568825635], [-79.06956292570493, 1.047781715192295], [-79.06953318868158, 1.047167242372282], [-79.07024560547175, 1.046596334986091], [-79.07489798315531, 1.047377230528585], [-79.07659232509899, 1.048083236875264], [-79.07727690696527, 1.04791323709531], [-79.07745047747817, 1.048690827213351], [-79.07735050843455, 1.049279405422103], [-79.07750884125892, 1.049718758855665], [-79.07722324218261, 1.050345393516271], [-79.07729372506716, 1.051688774618117], [-79.07790508532852, 1.052621349976486], [-79.07910014819308, 1.053659255168493], [-79.07926228649545, 1.053632766415862], [-79.07977249318888, 1.053971638252764], [-79.080284199571, 1.053804251550826], [-79.0808801242698, 1.05394943625416], [-79.0814627019973, 1.053525144265462], [-79.08198691024378, 1.053440565811755], [-79.08237784393826, 1.053420685579392], [-79.08253571989717, 1.053566213398124], [-79.08286839434909, 1.053441635508131], [-79.08335978511894, 1.053804500058798], [-79.08410024089012, 1.053839454652691], [-79.08445507460372, 1.053717653547188], [-79.0881170637027, 1.055507315917842], [-79.08848642190047, 1.056295121685697], [-79.08861406489805, 1.057631369353535], [-79.08904171140595, 1.058587667568128], [-79.08999838795984, 1.060116487559701], [-79.09031691410053, 1.061174626858867], [-79.0902933051914, 1.061586034422636], [-79.09280296898216, 1.062303467196529], [-79.09315309832122, 1.063684073439859], [-79.09385640320133, 1.065286525577301], [-79.09442931086691, 1.065800571585654], [-79.09566157499592, 1.066343603896355], [-79.09583685462499, 1.066610730886529], [-79.09599966819901, 1.067428342759199], [-79.09654203236474, 1.068090122104784], [-79.09683585741902, 1.068266991097448], [-79.09809275320313, 1.068493649557933], [-79.098411891584, 1.068410931750504], [-79.09913840095756, 1.067488077836718], [-79.09966294173698, 1.067334323860592], [-79.10078102974016, 1.067735592324693], [-79.10137666697418, 1.068105701781994], [-79.10294707714833, 1.068638003329603], [-79.10454018105713, 1.069668097860325], [-79.10607421971906, 1.069456105039518], [-79.10675094279642, 1.07003206861985], [-79.10870325575738, 1.072300282012091], [-79.1089313817824, 1.07297009756751], [-79.1086939853302, 1.074083241582223], [-79.10882786744209, 1.075496549823292], [-79.10863863140351, 1.076881444378366], [-79.10897729969419, 1.078056073058037], [-79.10994342036302, 1.079729146289077], [-79.1119386553338, 1.081300506412894], [-79.13115297489588, 1.118878546331753], [-79.13039433421585, 1.119002385032742], [-79.13001282033329, 1.119296588925541], [-79.13039360921206, 1.120340657571827], [-79.13044592813999, 1.120854843994099], [-79.12937898862211, 1.122899917142384], [-79.12024513012248, 1.132610870481982], [-79.11302346858743, 1.141338788247977], [-79.10673292279427, 1.14921563163241], [-79.1055307919179, 1.150356872006636], [-79.10477359683188, 1.150852878415083], [-79.1035044408424, 1.15091650066521], [-79.10232070303765, 1.151143844845637], [-79.10236386595925, 1.151508666704992], [-79.10303464727912, 1.151524008825123], [-79.10337464656777, 1.15170499199173], [-79.10349954374308, 1.151937281718202], [-79.10341357185689, 1.152751572874839], [-79.1030439180257, 1.153668936511085], [-79.09768097488511, 1.161364907389588], [-79.09537719405463, 1.16422105762856], [-79.0932452176696, 1.166479081100005], [-79.09144584713579, 1.167747833905686], [-79.09084860911831, 1.168027824975339], [-79.09009623795532, 1.168156523636345], [-79.08830194890271, 1.168022917318077], [-79.08755285512471, 1.168617652682704], [-79.08707868050607, 1.169447582807685], [-79.08650964705735, 1.171057608347865], [-79.0868934950043, 1.171484483264892], [-79.08753501013832, 1.170692465171593], [-79.08775642316077, 1.170674894474304], [-79.08801006477022, 1.170954292023843], [-79.08813033769599, 1.17138916202442], [-79.08804932566504, 1.172010268172271], [-79.08766559508967, 1.173130605148431], [-79.08616242191536, 1.175697554996768], [-79.08394999413458, 1.178917668157004], [-79.08212681041596, 1.181883866196199], [-79.08052590415512, 1.184805543353644], [-79.07979677552758, 1.185748946252114], [-79.07542949399632, 1.19263293020937], [-79.07071318962448, 1.200887589210246], [-79.0704781195335, 1.201228581123793], [-79.07026027136847, 1.201222006354679], [-79.06947416831811, 1.202429744330021], [-79.06916027808265, 1.203329662568959], [-79.06842316549077, 1.20411055572986], [-79.06788351708659, 1.205264666036929], [-79.06718272992109, 1.205870257133526], [-79.06526602690738, 1.208999618074674], [-79.06379502840909, 1.210938449718098], [-79.06316619735315, 1.211290638350815], [-79.06238446181388, 1.212027637397286], [-79.06196903942467, 1.212941129509533], [-79.06154507052013, 1.213494831154997], [-79.06128951420284, 1.213331618359989], [-79.06099114602159, 1.213617132257585], [-79.06079413247204, 1.21349510307489], [-79.06024545149774, 1.21420270018767], [-79.06001506289178, 1.214713409978986], [-79.05911569875919, 1.214969057695259], [-79.05809721254205, 1.216211827466553], [-79.05722363659193, 1.21692339098187], [-79.05642711164964, 1.217797675649459], [-79.05578350579101, 1.218832702106021], [-79.05368819210662, 1.219942352635583], [-79.05334439978986, 1.220577876576106], [-79.05250961686633, 1.221408561249641], [-79.0520790119469, 1.221627877590325], [-79.05111649472506, 1.221729978967318], [-79.04910269804584, 1.229226717012498], [-79.04478581000474, 1.227048384037936], [-79.03900389637327, 1.222448394059785]]]}, "properties": {"PROVINCIA": "ESMERALDAS", "CANTON": "ELOY ALFARO", "PARROQUIA": "LA TOLA", "NUM_SECTORES": 1, "CASOS": 10, "CIRCUNSCRIPCION": "CIRCUNSCRIPCIÓN RURAL", "TIPOLOGIAS": "G", "ETIQUETA": "LA TOLA\n1 sectores (10 casos)"}}, {"type": "Feature", "geometry": {"type": "Polygon", "coordinates": [[[-78.91528359139258, 1.086120888801782], [-78.91391133775385, 1.085791012073796], [-78.9134599786878, 1.08550961875583], [-78.91297919626824, 1.084815556401851], [-78.91202530713822, 1.080891742318508], [-78.91062025351637, 1.076393501328714], [-78.90910170409911, 1.072780290004048], [-78.90851414110442, 1.071840962380903], [-78.90821722437383, 1.071613502695185], [-78.90729063996302, 1.071206199000279], [-78.90631043777101, 1.071014152346205], [-78.90523494191126, 1.071162922204653], [-78.90217447851825, 1.072105713567267], [-78.90147927120421, 1.072200920276241], [-78.8998156695906, 1.072217712040294], [-78.89849688308149, 1.071923763263584], [-78.89736244319495, 1.071390727370933], [-78.89638255785621, 1.070744172195326], [-78.89555756084513, 1.069989274192577], [-78.89460583815632, 1.068085732056209], [-78.8941751140211, 1.066538852894416], [-78.89367409624852, 1.06539912700455], [-78.89306400975204, 1.064482504301725], [-78.89256254161789, 1.06400448132421], [-78.89205702757035, 1.063757463718964], [-78.8912364998235, 1.063825957106592], [-78.88887128827227, 1.064649614200103], [-78.88715998295869, 1.064947450004693], [-78.88492622725613, 1.064682773139072], [-78.88390453353742, 1.064371091315492], [-78.88144580491529, 1.062946080931783], [-78.8809824903988, 1.062790273644073], [-78.87924778879169, 1.062561823549306], [-78.87670463356565, 1.062978684333425], [-78.8759798557847, 1.062894458019546], [-78.87457821423071, 1.06216389477441], [-78.87215576428156, 1.059841874558937], [-78.8712531600561, 1.059159500690097], [-78.86928990097886, 1.057978345548132], [-78.86820109538618, 1.0574842603734], [-78.86598488894656, 1.056057548296948], [-78.8646471996157, 1.055477155449832], [-78.86367490487346, 1.055257225441256], [-78.86076537000771, 1.055231720098178], [-78.85784830795531, 1.054845998471194], [-78.85493142905418, 1.05420186674143], [-78.8535778114469, 1.054177435632758], [-78.85253514503188, 1.05440599055462], [-78.85117373953075, 1.054397214359174], [-78.84996046082883, 1.054010480120073], [-78.84926857118938, 1.05330524871882], [-78.84848396646726, 1.05166811490835], [-78.84773786685555, 1.050602641283688], [-78.84663406851769, 1.049309833257956], [-78.84540557373525, 1.048345824707286], [-78.84425459605835, 1.047789057760038], [-78.84317346413029, 1.047482918119502], [-78.84006196376089, 1.047089234119764], [-78.83733148326003, 1.046954220077766], [-78.83663151548646, 1.046695327099218], [-78.8351093172898, 1.045472937773603], [-78.83355997269936, 1.04477472283926], [-78.83269945126746, 1.043879526360355], [-78.83175709539528, 1.041946667804668], [-78.83146078110668, 1.039763730639259], [-78.83068954280002, 1.037107071385921], [-78.83064066285326, 1.036386258512684], [-78.83082380544943, 1.035904810573538], [-78.83172675929258, 1.035094978714331], [-78.83413859906132, 1.034740351007506], [-78.83481567903623, 1.034333630270792], [-78.83545816020411, 1.033323937844423], [-78.83561405746411, 1.032865960609822], [-78.8357117468769, 1.032204350186104], [-78.83564217276886, 1.031554370918148], [-78.8354557586549, 1.031123566247658], [-78.8315446880559, 1.028254931630723], [-78.82880753229009, 1.026530356089168], [-78.82723698044555, 1.025245087246372], [-78.8266071431603, 1.024821812503614], [-78.82463952271085, 1.024021761979738], [-78.82320119178708, 1.022783570348575], [-78.82248606983237, 1.021937395595918], [-78.82224524440866, 1.021443913978073], [-78.82205936899204, 1.02021440977394], [-78.82214963856212, 1.019584472135936], [-78.85225276236427, 1.020130705012491], [-78.85846301624372, 1.013575783840129], [-78.86678524853286, 1.025276377392615], [-78.86707146979377, 1.030538666339126], [-78.86726415964766, 1.03121924113006], [-78.86904596844015, 1.032997796359461], [-78.88541726970192, 1.03472285358136], [-78.90389277788057, 1.026979722265733], [-78.90977417671745, 1.026981382580847], [-78.90985834200079, 1.027317652355787], [-78.91069733712165, 1.028536872690601], [-78.91095199635873, 1.028583512490027], [-78.91153083332584, 1.028268128716089], [-78.91189377710614, 1.028515510079756], [-78.9120305828617, 1.028918929962775], [-78.9126239573701, 1.029039569486295], [-78.91298162220045, 1.028841394969722], [-78.91314337034753, 1.028459192350664], [-78.91338009391465, 1.028324045898622], [-78.91362378762393, 1.027483370008934], [-78.91468212113323, 1.027334387759496], [-78.91607735259888, 1.027639678483358], [-78.91756768272245, 1.028675385617465], [-78.91871272868781, 1.029032771078775], [-78.91876211116347, 1.029270996039141], [-78.91829094482661, 1.02941548245995], [-78.91830823560858, 1.029623126757863], [-78.91849567469741, 1.029792186270982], [-78.91904163812512, 1.029686219727609], [-78.91934414577548, 1.029222600710828], [-78.91951663838636, 1.029170364976209], [-78.92147837525387, 1.029698308275426], [-78.92187774150392, 1.030228345280759], [-78.92219222777268, 1.029992799905034], [-78.9233715522182, 1.02971501121904], [-78.92391517531526, 1.029410811229924], [-78.9243970169002, 1.029844974436632], [-78.92434463835522, 1.030188227860714], [-78.95126277848492, 1.029747647216126], [-78.95372622214005, 1.030275670616954], [-78.9582132912255, 1.031881590902911], [-78.95886427901192, 1.032683522315934], [-78.95900826557852, 1.033922314886771], [-78.95879035403935, 1.035088007615491], [-78.95763003141765, 1.038366162330131], [-78.95596307292416, 1.041498251995711], [-78.95531101003435, 1.042372199531574], [-78.95299348562762, 1.044046564388836], [-78.9524863402056, 1.044702010768817], [-78.95240695814299, 1.046266156782371], [-78.95285088825136, 1.047122355092112], [-78.95412561962775, 1.048280614709997], [-78.95437660505385, 1.048660102553969], [-78.95507146384222, 1.049983327363028], [-78.95529315736893, 1.050829655350992], [-78.95670783454709, 1.052057834805849], [-78.95682983109846, 1.052303833095943], [-78.95670739518701, 1.052734108554399], [-78.9559128364109, 1.053563556923765], [-78.95545454919927, 1.053870651203951], [-78.95444673728069, 1.053900724195708], [-78.95322529321753, 1.05371547829364], [-78.95893234225287, 1.059498325430741], [-78.961800295382, 1.063680844497484], [-78.96179749308966, 1.067940469940534], [-78.95957490623482, 1.067009499786483], [-78.95778261649913, 1.066726390175974], [-78.95497663230336, 1.066955169419166], [-78.95377468626964, 1.067220899395692], [-78.95171324902452, 1.067919663735869], [-78.95096868749927, 1.068030337904124], [-78.94762970758971, 1.067758969862109], [-78.9466849406607, 1.067848042901191], [-78.94510408258935, 1.06845699455004], [-78.94236374414163, 1.070386859336539], [-78.9414186888222, 1.070912506621893], [-78.93982599329897, 1.071455657213561], [-78.93730063055708, 1.071770912817867], [-78.9345379040047, 1.071649428065568], [-78.93031405452771, 1.070809290039536], [-78.9258168293079, 1.070088573060592], [-78.92494934954362, 1.070123865507211], [-78.92439636549068, 1.070757417563798], [-78.92424745106175, 1.071319479345936], [-78.92438934532062, 1.072360176682936], [-78.92513652794604, 1.074501692564652], [-78.92542654573946, 1.07615249973845], [-78.9253599801928, 1.077940612980087], [-78.92501955544755, 1.080535900927086], [-78.92471587248596, 1.081516488115509], [-78.92368711933165, 1.082801578120084], [-78.92176711202053, 1.084127914201943], [-78.9205724766499, 1.084707191835162], [-78.9169354021984, 1.086002426848082], [-78.91528359139258, 1.086120888801782]]]}, "properties": {"PROVINCIA": "ESMERALDAS", "CANTON": "ELOY ALFARO", "PARROQUIA": "MALDONADO", "NUM_SECTORES": 1, "CASOS": 10, "CIRCUNSCRIPCION": "CIRCUNSCRIPCIÓN RURAL", "TIPOLOGIAS": "H", "ETIQUETA": "MALDONADO\n1 sectores (10 casos)"}}, {"type": "Feature", "geometry": {"type": "Polygon", "coordinates": [[[-79.06132100941466, 0.919774385504197], [-79.06049651055373, 0.919558552216307], [-79.05986494780089, 0.919037383330312], [-79.05854163323086, 0.918338611941202], [-79.05694463508848, 0.917939616480881], [-79.05643522839549, 0.917939677729626], [-79.05651879838415, 0.917594528594701], [-79.05643921500332, 0.917089214218986], [-79.0555386589212, 0.915831286556799], [-79.05374335010757, 0.914846569589239], [-79.05254709401369, 0.913892557603932], [-79.05110792001088, 0.910856782579189], [-79.04958910012371, 0.909417642562162], [-79.04946252210875, 0.908905907708207], [-79.04973282998266, 0.907599587148889], [-79.04704958704056, 0.906638194982085], [-79.04158362009089, 0.9057384392314], [-79.04078554250046, 0.905738004908456], [-79.04095631695189, 0.905337496994773], [-79.04095661936884, 0.904774067591155], [-79.04063707654109, 0.904210464381404], [-79.03987766189447, 0.903807602813975], [-79.03971795573165, 0.903405066370645], [-79.039921838224, 0.902971286694907], [-79.0410524047691, 0.902055068886459], [-79.0412381848149, 0.90159675427276], [-79.04140758775722, 0.900221599964764], [-79.04122246964458, 0.899440495915594], [-79.04017766155665, 0.897691161536497], [-79.03978991490008, 0.897334407731042], [-79.03769890820583, 0.896450406392648], [-79.03628288921578, 0.894972530007304], [-79.03608065042124, 0.894666811407045], [-79.03577770009733, 0.893444210960587], [-79.03550534862015, 0.892914398291176], [-79.03542409300171, 0.892323453810429], [-79.03557604789773, 0.892034904091168], [-79.03824209293857, 0.889948003308278], [-79.03906930532354, 0.888539244913875], [-79.0394577409741, 0.887588665708226], [-79.03974555738264, 0.885534440734327], [-79.04039245053738, 0.884895267536065], [-79.04091024266219, 0.88385420446702], [-79.04183269369274, 0.883085008775096], [-79.04205780705276, 0.882655009466098], [-79.04205874261805, 0.880866623539677], [-79.04196907076185, 0.880323268136575], [-79.04163960670031, 0.879606229879989], [-79.04220978247737, 0.878731202540116], [-79.04223995560616, 0.878369013092063], [-79.03969212367717, 0.876617013757573], [-79.03900298191795, 0.875620588040983], [-79.03816243129583, 0.872969641333237], [-79.03696598946735, 0.871772042004456], [-79.03654690059982, 0.870413557802584], [-79.03687751583966, 0.868904547467468], [-79.03687818553911, 0.867606651017853], [-79.0360998640835, 0.865101001550442], [-79.03562118990945, 0.862987897770839], [-79.03397447322246, 0.858187847475572], [-79.03382548798292, 0.856346571430558], [-79.03388575039801, 0.855773113388779], [-79.03436621586968, 0.854384915043358], [-79.03484629690702, 0.853751306128441], [-79.0361659708502, 0.853087945438638], [-79.0371561771582, 0.851700005536171], [-79.03757607413094, 0.851488934787565], [-79.03874559357581, 0.851278248772627], [-79.03937524877091, 0.851338938053164], [-79.04057446577808, 0.851701756928978], [-79.04195370000622, 0.851853381475464], [-79.03142621005625, 0.84304906798943], [-79.0313294197706, 0.841389730490542], [-79.03107447260194, 0.840319026883911], [-79.03120614530995, 0.838399235543413], [-79.03158076300333, 0.837789376684056], [-79.03196107669756, 0.837669951633168], [-79.03242924663964, 0.837706073955018], [-79.03187687338026, 0.836479282124541], [-79.03224824782575, 0.835221094919404], [-79.03308502317856, 0.834786108866838], [-79.03344646246492, 0.834389161096367], [-79.03419246705039, 0.834163100210733], [-79.03450690449316, 0.833894119653568], [-79.0347593343677, 0.832863142670923], [-79.03479781141723, 0.831471172560003], [-79.03409456628509, 0.831016273755109], [-79.03209658926468, 0.830342362887489], [-79.03196084651417, 0.830096542577652], [-79.03195723890335, 0.829590249975718], [-79.03156690140466, 0.828948018317826], [-79.03038085365537, 0.828014409997715], [-79.02947794494733, 0.827625202144449], [-79.02785599062406, 0.827582464911885], [-79.02576906068232, 0.825697512701745], [-79.02563613312226, 0.825372088290113], [-79.02560797293037, 0.824644803374625], [-79.02587500174289, 0.822912883797222], [-79.02639602720863, 0.821377062117327], [-79.02616812950417, 0.820860203697565], [-79.02541523463651, 0.82037083503704], [-79.02511505010736, 0.819450832972103], [-79.02527072599067, 0.816998763741578], [-79.02568734904494, 0.815515720100225], [-79.02562070753423, 0.810825507694632], [-79.02568022018865, 0.810622188414018], [-79.0259060519861, 0.810502682279578], [-79.02658338440429, 0.810479091614718], [-79.027447132005, 0.810638701570728], [-79.0279618336299, 0.810396035134884], [-79.02817596717415, 0.809893748387495], [-79.02827874770118, 0.808676096457686], [-79.02807967048864, 0.807527675472855], [-79.02830795174354, 0.807255059604052], [-79.02906373457645, 0.807183658385733], [-79.02921360009944, 0.806889473403108], [-79.02928528715147, 0.806078504146833], [-79.02895787272415, 0.80493001945127], [-79.02812408152045, 0.804132963937361], [-79.02816058973282, 0.802338725139318], [-79.02854853290985, 0.801161880469193], [-79.03012748440094, 0.7992487691489], [-79.03054586850084, 0.799019306478229], [-79.03119231303748, 0.798981341311409], [-79.03185759567171, 0.799307021481234], [-79.03266532830074, 0.799938990855012], [-79.03390097515715, 0.800293654926944], [-79.03484209683778, 0.800294109062373], [-79.0368386491476, 0.799807031507271], [-79.0372591310904, 0.799498325585641], [-79.03782785377408, 0.798649607422009], [-79.03782828479179, 0.797740512042284], [-79.0384088756909, 0.796247960353008], [-79.03887490995352, 0.795769711850897], [-79.03964492487266, 0.795760511285628], [-79.04022493068555, 0.795502413577393], [-79.04107072640657, 0.793544870457372], [-79.04318806554865, 0.791421460227474], [-79.04385710798945, 0.791346418440364], [-79.045909499029, 0.791803733285692], [-79.04679374923008, 0.791459053851855], [-79.04713348312437, 0.791710413684954], [-79.04743870002262, 0.791577263831567], [-79.0485311162972, 0.792389751927775], [-79.05673175112302, 0.799503557271991], [-79.05792505055294, 0.801253132668438], [-79.05843595677207, 0.801474002989538], [-79.05995849852896, 0.801432683812222], [-79.06076412599658, 0.802402559936795], [-79.06106844300727, 0.802991887310946], [-79.06110608516545, 0.803551338976272], [-79.0608774508324, 0.80418824437546], [-79.0608367555632, 0.804768997816855], [-79.06093258337548, 0.805368895422336], [-79.06120853700895, 0.805723838968611], [-79.06230105501486, 0.806521874631406], [-79.06266864375426, 0.80703555120585], [-79.06295562353667, 0.80819271504805], [-79.06288767662403, 0.808656813030183], [-79.06249061266435, 0.80949410063227], [-79.06265655488578, 0.809798446836276], [-79.0632874372168, 0.810085384796407], [-79.0637058387313, 0.810466258413169], [-79.06353617325196, 0.810859388555001], [-79.06253942052057, 0.810810215777416], [-79.06211089154034, 0.810898134354082], [-79.06183867607294, 0.811124615003911], [-79.06162897641455, 0.811432953884234], [-79.06164413265869, 0.812443260564309], [-79.0624246641683, 0.813956282428348], [-79.06337108045686, 0.814417827331327], [-79.06468457923324, 0.814667102320575], [-79.06512547150997, 0.814900222952742], [-79.0654881924423, 0.815613897411287], [-79.06530322855228, 0.816513952175388], [-79.06435427899576, 0.81777106118218], [-79.06065056045091, 0.819320004974852], [-79.05978691022884, 0.820178810769813], [-79.05934442222426, 0.820995912254872], [-79.05930026809926, 0.821760697220579], [-79.05945977761081, 0.822892173749448], [-79.05989745363149, 0.823295248763079], [-79.06173793012873, 0.823686807083867], [-79.06235469970142, 0.824157260645555], [-79.0624575103411, 0.82498821213077], [-79.0626921107711, 0.825005092093638], [-79.06386582539116, 0.823950816298734], [-79.06388402543146, 0.823650085048231], [-79.06355168180546, 0.823817291652106], [-79.0633512675853, 0.823661398287484], [-79.0632883358068, 0.823401678550902], [-79.06368301887807, 0.822673802005936], [-79.06410775899374, 0.822202916190606], [-79.06573716334564, 0.821503581038452], [-79.06651794357578, 0.82052705179867], [-79.06672411343365, 0.820486733881371], [-79.06710204991164, 0.820769574261593], [-79.06735993676934, 0.820585059741571], [-79.06729804943157, 0.820206164984451], [-79.06643859991526, 0.818525722716036], [-79.06667991441083, 0.817870467545272], [-79.06743737426935, 0.817192945572562], [-79.06785046138896, 0.81704395251382], [-79.06832056744209, 0.817504693566077], [-79.06870442307809, 0.817620530054723], [-79.06902057449311, 0.817126169355412], [-79.06908549538156, 0.816421186252903], [-79.06930792612519, 0.816183485875117], [-79.06977829444838, 0.816092116441147], [-79.07123513840786, 0.816347265857381], [-79.07210369981865, 0.816827913407891], [-79.07285246330662, 0.816683058170559], [-79.07425161924351, 0.817363703320845], [-79.07490556484366, 0.817330110924566], [-79.0749516080667, 0.817031109020651], [-79.07458507393201, 0.815995515009395], [-79.07502196853922, 0.814328351738892], [-79.07618701134707, 0.813748494392009], [-79.07757393117515, 0.811440422645894], [-79.07787499585142, 0.80867125663013], [-79.07987933739938, 0.806162371117494], [-79.08234533529777, 0.806617719058912], [-79.08571338893331, 0.805890850510891], [-79.08791763266427, 0.803611489642784], [-79.08820254828358, 0.800064329877842], [-79.0891794538072, 0.797435990283314], [-79.08985579694054, 0.796220691538155], [-79.09768800270213, 0.801107312011752], [-79.09804308210924, 0.801441603792544], [-79.1003491026809, 0.805016520717754], [-79.10116492002116, 0.806625131777271], [-79.1019812841698, 0.807054376183549], [-79.10414665416239, 0.807698685722174], [-79.10549564506601, 0.807949488448283], [-79.1096494470158, 0.808022913599155], [-79.11401721608185, 0.80605933048011], [-79.11572190113422, 0.804880747368103], [-79.11703572665293, 0.80441675457265], [-79.11859777928653, 0.804596173887779], [-79.11973358275307, 0.805239999609359], [-79.12062075072785, 0.806133881858732], [-79.122607449371, 0.809351301444849], [-79.12349455154697, 0.810388142622872], [-79.12445277824591, 0.811174844902483], [-79.12494975748135, 0.811318032041735], [-79.1251981813269, 0.811532581755221], [-79.1259792858931, 0.811461468553063], [-79.12690263459581, 0.810890075731062], [-79.12842993203977, 0.809461228103808], [-79.1291756985178, 0.809032706916572], [-79.13038295949549, 0.80871161557151], [-79.13134154972451, 0.808712060037892], [-79.13247703597234, 0.810070670528024], [-79.13499764828597, 0.810357752451986], [-79.13588513661556, 0.810572598890352], [-79.13695001214849, 0.811073439996889], [-79.13819220983974, 0.812003234407461], [-79.13890165871827, 0.81336165169684], [-79.13893561829244, 0.81672115156426], [-79.1390415871131, 0.817900594372832], [-79.13932513741413, 0.818937163016207], [-79.13989278339736, 0.819830908433603], [-79.14056705604726, 0.820474529905996], [-79.14134790436708, 0.820975244167539], [-79.14191556813546, 0.821833252282233], [-79.14234085174107, 0.823477456646949], [-79.14269573904066, 0.823799277054987], [-79.14411570736472, 0.824193074879749], [-79.14468375042401, 0.824229081021606], [-79.14603292725079, 0.824158235163137], [-79.14695612555273, 0.823944231289134], [-79.14834111982114, 0.823194352403649], [-79.14940625241007, 0.823159111408574], [-79.15032913803556, 0.823624155133805], [-79.15146516423154, 0.823839121925411], [-79.15366599459736, 0.824733636495261], [-79.15448258582657, 0.824734017822067], [-79.15547687924803, 0.824341347713555], [-79.15565453073705, 0.824055514186565], [-79.1556194199185, 0.823197748695583], [-79.15572608072203, 0.822876142991557], [-79.15682696621016, 0.822304822165107], [-79.1571821545861, 0.821983331635657], [-79.15757309106854, 0.821125764084785], [-79.15838992868555, 0.820590049345488], [-79.15920691325395, 0.819732677093005], [-79.15981059569394, 0.819482779377355], [-79.16087574944616, 0.819411792849837], [-79.1613372525124, 0.819519224350471], [-79.16641055215912, 0.819521565066751], [-79.16623353498686, 0.819222000527972], [-79.16592252049527, 0.817095211262717], [-79.16500674996843, 0.816194596747706], [-79.1648479062413, 0.815851265706215], [-79.16490253360169, 0.815431260823579], [-79.16542732179668, 0.814241039619622], [-79.16494617983436, 0.813271630464648], [-79.16487420243772, 0.812927887308611], [-79.16496220063057, 0.812608089884877], [-79.16630778738033, 0.811164777464994], [-79.16765230512227, 0.808698377616358], [-79.16800525458346, 0.808282305219452], [-79.16911837300329, 0.807606872744284], [-79.17158839003298, 0.806498638718974], [-79.17186859995167, 0.80603234496804], [-79.17241520499115, 0.804042844112497], [-79.17306371283503, 0.803384558873938], [-79.17430424965723, 0.803631258768965], [-79.17500255173519, 0.803517092673615], [-79.17620652373697, 0.802762931664686], [-79.17799272376854, 0.801925927942862], [-79.17965821924597, 0.800824097480742], [-79.18034387987277, 0.800656933126115], [-79.1812634287563, 0.800763595792903], [-79.18257034307398, 0.800428332942327], [-79.18276362651582, 0.80050148433601], [-79.18320028895123, 0.801121919255805], [-79.183487477254, 0.801327136360705], [-79.1843786310791, 0.801459286657091], [-79.18595752555375, 0.802008704114168], [-79.18710070951961, 0.802630631111552], [-79.18770615173568, 0.802670779781557], [-79.18864088634015, 0.802371248854272], [-79.18938031174905, 0.802516352853292], [-79.19042323986017, 0.80560066837887], [-79.18861033225056, 0.810521462257944], [-79.18780371240626, 0.815212382919024], [-79.18791894290457, 0.815667556349574], [-79.18859888193661, 0.816455487697677], [-79.18859325714453, 0.816980054816035], [-79.18806678494413, 0.818118749266557], [-79.18827362086346, 0.819620752637016], [-79.18825749225702, 0.82052818462482], [-79.18860004463316, 0.822044248563239], [-79.19783760149073, 0.822048456968419], [-79.19761062779281, 0.822470688310741], [-79.19694445771549, 0.823092813950613], [-79.19661121161823, 0.823762970466944], [-79.196230551877, 0.82409795058472], [-79.19403541800772, 0.824754516915869], [-79.19253362172812, 0.825539758913731], [-79.19237328128592, 0.825952801492875], [-79.1930276856278, 0.827395716416116], [-79.19312307183938, 0.82800865092924], [-79.19290843601095, 0.831250502741511], [-79.19235021927189, 0.833334740904973], [-79.19245669175481, 0.836188353708364], [-79.19277547439543, 0.83729246131382], [-79.19375730077743, 0.838647599884662], [-79.19406620369406, 0.838810342388835], [-79.19545660854419, 0.839069437140581], [-79.19622426548804, 0.839682384254214], [-79.19626714948063, 0.840955321479856], [-79.19582593447596, 0.841819931557319], [-79.19579952260561, 0.842103821872736], [-79.19638228081773, 0.842855866120044], [-79.1971038569288, 0.843499016270162], [-79.197895007681, 0.843792843689357], [-79.20096287098157, 0.84401786127117], [-79.20261114581066, 0.84348399116897], [-79.20343555927795, 0.843548213133683], [-79.20470358194802, 0.844314871606844], [-79.20508385941531, 0.844825761934361], [-79.20495655265121, 0.845847128822356], [-79.20516791408673, 0.84678672274045], [-79.20734634946317, 0.849135417552182], [-79.21077425869095, 0.851344957951555], [-79.21339098046224, 0.851555794224693], [-79.21532790075744, 0.850830031868201], [-79.21678787248918, 0.851260767652966], [-79.21761103112979, 0.851956030813006], [-79.21808273008253, 0.852613045606599], [-79.21866496015147, 0.854416011436932], [-79.21920605147614, 0.855114982383143], [-79.2195161437171, 0.855893176337339], [-79.21965518935603, 0.857251477459865], [-79.21945025218717, 0.857349142474937], [-79.21894149473157, 0.857996013791374], [-79.21812345610401, 0.858408799960468], [-79.21786437611654, 0.858797432227676], [-79.21808378652518, 0.859494380379498], [-79.217778358012, 0.860061768612536], [-79.21852119813668, 0.861111090641986], [-79.21864785931825, 0.861494188212395], [-79.21858426134496, 0.861877195332026], [-79.21839388444327, 0.862132464285841], [-79.21724388210068, 0.862306052139665], [-79.21653766241825, 0.862767810392818], [-79.21626802551738, 0.863058773482749], [-79.21618693243889, 0.863388619494946], [-79.21561160170859, 0.863654931720603], [-79.21538053739357, 0.86425979097161], [-79.21506191114187, 0.864612402795794], [-79.21465932739281, 0.864697215217762], [-79.21404647237655, 0.864523121000787], [-79.21336084189558, 0.864951518565223], [-79.21346445001615, 0.865655554915856], [-79.21321628532176, 0.86670829811495], [-79.21290602425292, 0.866845602272535], [-79.21264894215477, 0.867375211051374], [-79.21184420371034, 0.868157939927668], [-79.21154998807378, 0.868753181590921], [-79.21163153109072, 0.868997468054616], [-79.21207222382843, 0.869257117765234], [-79.21234016425336, 0.870572703357873], [-79.21223635157392, 0.870749780846499], [-79.21173071659025, 0.87093915275905], [-79.21109628023844, 0.871449564789595], [-79.21094361774112, 0.872166841566618], [-79.2109929117683, 0.872981445538854], [-79.21012501480593, 0.874715267586961], [-79.20906471388024, 0.875981181622211], [-79.20885114095516, 0.87686495356856], [-79.20656466532454, 0.876693108227792], [-79.20550747899871, 0.875615934767247], [-79.20464594459061, 0.875460000973363], [-79.20359542764051, 0.875770929029472], [-79.20314935517736, 0.876638025592924], [-79.20284069809556, 0.876666578345436], [-79.20117083954337, 0.87620042279308], [-79.20016646851671, 0.876522935104592], [-79.19958975517568, 0.877210522656069], [-79.19923908517949, 0.877389796208649], [-79.19850226111176, 0.877395419961862], [-79.19757839924915, 0.876366403633758], [-79.19727000434699, 0.879096039038181], [-79.19698308642302, 0.879632447779109], [-79.19637518106401, 0.879788673517473], [-79.19496169091589, 0.879645693603421], [-79.19435861107551, 0.879766443675151], [-79.19394276294204, 0.879562872757212], [-79.19390187891024, 0.878905261730705], [-79.19367594827092, 0.87840713209933], [-79.1931658883442, 0.877866079405797], [-79.19103896131469, 0.877653541202638], [-79.19026166502299, 0.877803894414777], [-79.1898660038696, 0.877635025389766], [-79.18919656841206, 0.876959876972188], [-79.18911432189876, 0.876418039900574], [-79.18845027954286, 0.875338192193067], [-79.18782291611114, 0.875089060659499], [-79.18755687227895, 0.874753971954202], [-79.18760012097722, 0.873782613010914], [-79.18674469797023, 0.873294114929213], [-79.18621537934293, 0.872666496617114], [-79.18578267544406, 0.872712485818713], [-79.18486581259414, 0.873175695288043], [-79.18417645660699, 0.873338054022872], [-79.18329940927852, 0.873340020012386], [-79.18217301058397, 0.872894456363811], [-79.18158834829066, 0.872822395264901], [-79.18119616699111, 0.872836559617271], [-79.18066123128015, 0.873152115511273], [-79.18014779092755, 0.873252352310743], [-79.1789428498308, 0.873036435604613], [-79.17743151447178, 0.872375355174214], [-79.17685399766508, 0.87227458575142], [-79.17646174831911, 0.872432303137745], [-79.17569115321336, 0.873487039372534], [-79.17400299661135, 0.874775795300087], [-79.17347715731188, 0.87635112737819], [-79.17344700353244, 0.87726626118205], [-79.17357102805936, 0.878012795221097], [-79.1734663542659, 0.878206539835303], [-79.1731383915314, 0.878129816926641], [-79.17257530005392, 0.877203626362087], [-79.17159876650447, 0.8765140937873], [-79.17007764075785, 0.875884102116106], [-79.16888842050798, 0.87569092434097], [-79.16815157143049, 0.875774300321207], [-79.16733129656097, 0.876348104857096], [-79.16647561955739, 0.876407496620911], [-79.16542941472923, 0.877256330252407], [-79.16422967681545, 0.877353611512727], [-79.16333786861715, 0.877183521421748], [-79.16296955873038, 0.876991937111234], [-79.1622568643048, 0.876285789269867], [-79.16174530550319, 0.874606911249044], [-79.16113732066748, 0.873831990250546], [-79.16063722187118, 0.873577222528005], [-79.1541972024265, 0.873577201505583], [-79.1527042614552, 0.872740387612648], [-79.15227779433152, 0.87208829861642], [-79.15092041729176, 0.870685218071869], [-79.14963159708707, 0.868881949942746], [-79.14984441782128, 0.866639051175803], [-79.14933622649082, 0.865013584735512], [-79.14947894567588, 0.863573539097317], [-79.14877803621931, 0.862193936614705], [-79.1481991084303, 0.85990254514428], [-79.14779770294949, 0.859061302737941], [-79.14718857113192, 0.858673713688101], [-79.14624115781015, 0.858620352439672], [-79.14577482490192, 0.859230314405747], [-79.1452427743077, 0.858643827565237], [-79.14433634132874, 0.858367587844291], [-79.14338124392984, 0.857673108141615], [-79.14307199917293, 0.857592207448142], [-79.14271780648922, 0.857764203819574], [-79.14274812651767, 0.858597033866672], [-79.14249524895918, 0.858795845374222], [-79.14204259682126, 0.858793634509913], [-79.14180034425225, 0.858568719244853], [-79.14162222077245, 0.857617179713188], [-79.1413451109513, 0.85739902947549], [-79.14093370729694, 0.857365280673436], [-79.14052786741837, 0.857713851431076], [-79.14070706911066, 0.858476221855511], [-79.14055912168327, 0.859028826978278], [-79.14009389330823, 0.859213427648405], [-79.13902757120091, 0.858743147380751], [-79.13781810176775, 0.858931632682826], [-79.13748364550227, 0.859344167523236], [-79.136665586543, 0.86096878975193], [-79.13489974472073, 0.862014947997952], [-79.1347869522547, 0.862315011931885], [-79.13491310142565, 0.863547562828764], [-79.13462966524368, 0.864148204401934], [-79.13427869405673, 0.864161684975462], [-79.13405041246241, 0.864025754241717], [-79.13335754524418, 0.862759647714214], [-79.1330534533027, 0.862431437021679], [-79.1325945380407, 0.862197914928566], [-79.1323467552724, 0.86244962497001], [-79.1321609724163, 0.864321231091134], [-79.1319915782116, 0.864638899066725], [-79.13181288405173, 0.864684384500977], [-79.13159304726442, 0.864549452595656], [-79.13110909006144, 0.863725535979629], [-79.13092047996086, 0.863660336952698], [-79.13026627494932, 0.864164219753042], [-79.12983646142544, 0.864856567469153], [-79.12934037411681, 0.864956692413797], [-79.1292035375831, 0.865193717284189], [-79.12927710467206, 0.866297835818153], [-79.12890986639475, 0.867611610022461], [-79.12898064329993, 0.868725492908654], [-79.12824205711931, 0.869471487202366], [-79.12801161750572, 0.870072965293527], [-79.12799964479919, 0.870488730421826], [-79.12828624431303, 0.871311102310511], [-79.12828678026177, 0.872226558729165], [-79.12886736231044, 0.873289607187648], [-79.12912710866334, 0.874824058513598], [-79.13126760737258, 0.874204730850393], [-79.13399643910141, 0.874425196181548], [-79.13567145751117, 0.875599204636863], [-79.13750676817871, 0.875978370204595], [-79.13851746254284, 0.876493212575409], [-79.14108927606924, 0.87709374533055], [-79.14176677035456, 0.878925281724657], [-79.1419082930269, 0.880297460581932], [-79.14189101841991, 0.881987136254246], [-79.14231424628578, 0.884442480145533], [-79.14313315754553, 0.885314319587787], [-79.14526468321152, 0.885990870191569], [-79.14534196203091, 0.887205229525812], [-79.14587340752544, 0.8880939258412], [-79.14569135093154, 0.889653126804231], [-79.14591862268699, 0.890193442277739], [-79.14686277818598, 0.891566485829045], [-79.14809032469253, 0.892812355437406], [-79.14866239138533, 0.893844399276471], [-79.14905962116418, 0.894210100409006], [-79.15006308865651, 0.894642029609384], [-79.1506487833659, 0.89572743284519], [-79.14445344540272, 0.896712536488428], [-79.14448002874126, 0.898503872842245], [-79.14427475001332, 0.899955905622678], [-79.1444074225822, 0.902633101259412], [-79.14557023221796, 0.9046888831314], [-79.14674114124882, 0.905832009038629], [-79.14701667892272, 0.906489814151281], [-79.14667719315854, 0.907751162409976], [-79.14589244641388, 0.909829000807956], [-79.14602937075817, 0.910311399950987], [-79.14695949587444, 0.911521410133363], [-79.14657468752527, 0.912867643162594], [-79.14708482618131, 0.913597368807513], [-79.14717286777467, 0.913934881776447], [-79.14668080671562, 0.915789791291438], [-79.13953700836319, 0.916055169668968], [-79.13891461089811, 0.916320150863191], [-79.13780273135137, 0.91604838503645], [-79.13741614038271, 0.915618845757252], [-79.13688487699982, 0.914579134978108], [-79.1360150838309, 0.91362967268075], [-79.13536412086363, 0.913548312054805], [-79.13521770307536, 0.912838401703052], [-79.13405559513991, 0.912772146461908], [-79.13244425116261, 0.912170161895971], [-79.13204144524086, 0.911482724969844], [-79.13174577600662, 0.909983693782066], [-79.13149282694594, 0.909781824803994], [-79.13101289482962, 0.909717825269095], [-79.13043292334116, 0.909243065679671], [-79.1302246761042, 0.908758101259734], [-79.1297225613114, 0.908335105405789], [-79.12927053590182, 0.907982485993531], [-79.12858200869935, 0.907762486447077], [-79.12815933852269, 0.907448132055021], [-79.12756343554204, 0.906337591976947], [-79.12747569581505, 0.905240066622818], [-79.12648390715147, 0.905186200517631], [-79.12566835953113, 0.905319784863177], [-79.1244243649495, 0.905020737517451], [-79.1238467586963, 0.904668053989004], [-79.12326728318311, 0.903407692731904], [-79.12284297968023, 0.902953091165224], [-79.12203913276352, 0.903046623703312], [-79.12181321705168, 0.902858605101176], [-79.12173803053858, 0.902506274092807], [-79.12160204939994, 0.902468044461723], [-79.12095926426323, 0.90274070010702], [-79.12066232036388, 0.902499927481138], [-79.11992950953763, 0.902458312862973], [-79.11992961810802, 0.902246901829586], [-79.12079595490327, 0.901337416272119], [-79.1207754381015, 0.900881124554384], [-79.1204657995579, 0.900520807031536], [-79.1187640285126, 0.899538101025698], [-79.11823637918668, 0.898640730594592], [-79.11758778288159, 0.897989796792192], [-79.11696946643535, 0.897855287296031], [-79.11598122648499, 0.898251011328432], [-79.11550910913553, 0.899074978032531], [-79.11489574741526, 0.899614578794705], [-79.11414729987408, 0.899762664950164], [-79.11310644284978, 0.899593573569136], [-79.11280614652247, 0.899761604978113], [-79.11268510327324, 0.900194670629606], [-79.11287047382547, 0.900965808726862], [-79.1128108362081, 0.902343199310399], [-79.11248231390881, 0.902896510038548], [-79.11243924813245, 0.904187011906863], [-79.11222282216546, 0.905107409845328], [-79.11190501265419, 0.905440453809293], [-79.11174794773243, 0.906390722177446], [-79.11132895180803, 0.907143639138394], [-79.11011803940774, 0.9078563526956], [-79.10990878653973, 0.908106263207587], [-79.10991720720796, 0.90849680621491], [-79.11034851130242, 0.909297913422769], [-79.1103254791358, 0.909884658725336], [-79.10928690127461, 0.910859417038884], [-79.10817240205795, 0.911174495828825], [-79.10735913488791, 0.911081291481697], [-79.10640257702826, 0.909980787266687], [-79.10568523801871, 0.90956355730048], [-79.10431440952277, 0.908423139996645], [-79.10387062717871, 0.908989948573141], [-79.10319167779525, 0.909373344887209], [-79.1024848150812, 0.909195922615668], [-79.10177662426827, 0.90932602810412], [-79.09964739983795, 0.909339096533875], [-79.09792186347936, 0.908847909349961], [-79.09673180949225, 0.909708011666972], [-79.09615097427756, 0.909540602082373], [-79.09445237239392, 0.909940000164023], [-79.09413640192058, 0.909850585044545], [-79.09327328376895, 0.909250351588085], [-79.09236952910808, 0.909400335646743], [-79.09137561531155, 0.908983411463404], [-79.08936517990185, 0.908953225056496], [-79.08898435016997, 0.909042721066176], [-79.08835846443725, 0.909481658757075], [-79.08694992801733, 0.911238352564362], [-79.08607591498887, 0.910696166187103], [-79.08565680947426, 0.910122304298959], [-79.08559629527734, 0.908701740833548], [-79.0860288270648, 0.907831477865542], [-79.08614357717951, 0.907243885627476], [-79.0860617750557, 0.907013265649307], [-79.0852854302737, 0.906252945011043], [-79.08423084306814, 0.90592071556371], [-79.08356138228754, 0.905867823938218], [-79.08301008742566, 0.905393538413773], [-79.08220400318906, 0.905161538650265], [-79.0816417089402, 0.904423125333607], [-79.08001325030557, 0.90453546641309], [-79.07923800805486, 0.904930738973478], [-79.07860671313409, 0.904732107494431], [-79.07780404016209, 0.90536182811962], [-79.07760585324309, 0.905412991408784], [-79.07718527644086, 0.905249103654367], [-79.07686649479375, 0.905387640223795], [-79.07658171733492, 0.905262254176636], [-79.07608346573426, 0.905730823982704], [-79.07551484200229, 0.905588648577189], [-79.07446996001394, 0.905773001832846], [-79.07382089600706, 0.905376246813], [-79.07324034249518, 0.906053283217709], [-79.07203138913918, 0.906191666640167], [-79.07153129267968, 0.907234009185604], [-79.07114428510388, 0.907736645322052], [-79.07068177273378, 0.909043645680435], [-79.0700794246084, 0.910225961253831], [-79.06680616812551, 0.914100952428943], [-79.0664918319567, 0.914303541344169], [-79.06575052582303, 0.914400463972321], [-79.06496920571036, 0.913990466364006], [-79.06227461757875, 0.913036037427433], [-79.06093322237528, 0.912832551481128], [-79.06048196726043, 0.912941796033741], [-79.06046304672618, 0.913515249533518], [-79.06143192705645, 0.917213167571854], [-79.06244817882296, 0.919792509123712], [-79.06132100941466, 0.919774385504197]]]}, "properties": {"PROVINCIA": "ESMERALDAS", "CANTON": "ELOY ALFARO", "PARROQUIA": "SAN FRANCISCO DE ONZOLE", "NUM_SECTORES": 1, "CASOS": 10, "CIRCUNSCRIPCION": "CIRCUNSCRIPCIÓN RURAL", "TIPOLOGIAS": "B", "ETIQUETA": "SAN FRANCISCO DE ONZOLE\n1 sectores (10 casos)"}}, {"type": "Feature", "geometry": {"type": "Polygon", "coordinates": [[[-79.06235469970142, 0.824157260645555], [-79.06173793012873, 0.823686807083867], [-79.05989745363149, 0.823295248763079], [-79.05945977761081, 0.822892173749448], [-79.05930026809926, 0.821760697220579], [-79.05934442222426, 0.820995912254872], [-79.05978691022884, 0.820178810769813], [-79.06065056045091, 0.819320004974852], [-79.06435427899576, 0.81777106118218], [-79.06530322855228, 0.816513952175388], [-79.0654881924423, 0.815613897411287], [-79.06512547150997, 0.814900222952742], [-79.06468457923324, 0.814667102320575], [-79.06337108045686, 0.814417827331327], [-79.0624246641683, 0.813956282428348], [-79.06164413265869, 0.812443260564309], [-79.06162897641455, 0.811432953884234], [-79.06183867607294, 0.811124615003911], [-79.06211089154034, 0.810898134354082], [-79.06253942052057, 0.810810215777416], [-79.06353617325196, 0.810859388555001], [-79.0637058387313, 0.810466258413169], [-79.0632874372168, 0.810085384796407], [-79.06265655488578, 0.809798446836276], [-79.06249061266435, 0.80949410063227], [-79.06288767662403, 0.808656813030183], [-79.06295562353667, 0.80819271504805], [-79.06266864375426, 0.80703555120585], [-79.06230105501486, 0.806521874631406], [-79.06120853700895, 0.805723838968611], [-79.06093258337548, 0.805368895422336], [-79.0608367555632, 0.804768997816855], [-79.0608774508324, 0.80418824437546], [-79.06110608516545, 0.803551338976272], [-79.06106844300727, 0.802991887310946], [-79.06076412599658, 0.802402559936795], [-79.05995849852896, 0.801432683812222], [-79.05843595677207, 0.801474002989538], [-79.05792505055294, 0.801253132668438], [-79.05673175112302, 0.799503557271991], [-79.0485311162972, 0.792389751927775], [-79.04743870002262, 0.791577263831567], [-79.04751128452493, 0.791366171824565], [-79.04733350461038, 0.790671600656568], [-79.04740498640057, 0.790276893818172], [-79.04800045721863, 0.789290323103479], [-79.0484160212841, 0.788160122895612], [-79.04911741456812, 0.787514513630423], [-79.04960206960929, 0.787360391080813], [-79.05084776476899, 0.787476673169549], [-79.05115081682017, 0.787095992662236], [-79.05154400395138, 0.785132473375912], [-79.05152789378184, 0.783762583453321], [-79.05137689263567, 0.782943588575933], [-79.05057315934644, 0.781337928810864], [-79.0506259051523, 0.779370451652371], [-79.05072294680096, 0.778850634509625], [-79.05139600438972, 0.777780314371965], [-79.05163450493043, 0.776044313283456], [-79.05186278068417, 0.775254013329992], [-79.05299565687251, 0.774502440982351], [-79.05324535625496, 0.774155662155239], [-79.05335250999813, 0.773701159169693], [-79.05275926325501, 0.771727174213411], [-79.0527238480854, 0.771212796059055], [-79.05328300246342, 0.769765664959556], [-79.05315217445617, 0.76847435967573], [-79.05321279872574, 0.767349330512896], [-79.0529845140704, 0.766329175183445], [-79.05314643301088, 0.765927398349247], [-79.05398329915514, 0.764951621637613], [-79.05473060746837, 0.764570378349461], [-79.05561901247445, 0.763838945854444], [-79.05697437696378, 0.763072971644925], [-79.05866191111343, 0.762714880706105], [-79.05903650147306, 0.762479447847808], [-79.05941049934972, 0.761813847779083], [-79.05963421402205, 0.760855135530606], [-79.05963297197049, 0.759551149927811], [-79.06050202787371, 0.758088836834393], [-79.06089204287507, 0.756355767323861], [-79.06052522564953, 0.754013411905061], [-79.06064480055774, 0.752326831403066], [-79.06101568752281, 0.751201180078091], [-79.06064060581427, 0.750253626448829], [-79.06050825999105, 0.747976798243224], [-79.06058034341567, 0.747587480056927], [-79.06122597603976, 0.747087878149951], [-79.06136513373558, 0.746403595971822], [-79.0611278894946, 0.745458495973756], [-79.06052145477943, 0.744487915784381], [-79.05992061704735, 0.743885064668715], [-79.05903737095633, 0.743471887494889], [-79.05886340220347, 0.742882224797402], [-79.06045562891848, 0.73929301157635], [-79.06137949183831, 0.737991957694727], [-79.06240855006725, 0.735409333775966], [-79.06240068693238, 0.734530080858217], [-79.06180454984022, 0.733293488414631], [-79.06291017918537, 0.732710691854314], [-79.06399032663286, 0.73190645386431], [-79.06464558292934, 0.730856103911742], [-79.0657815177233, 0.729933062547965], [-79.0659811482347, 0.729617076546917], [-79.06600046752884, 0.728899366344241], [-79.06554255289662, 0.727944832384632], [-79.06500818421179, 0.72735727688823], [-79.06293782703874, 0.727277139438611], [-79.06175219925504, 0.726838938236448], [-79.0607039207177, 0.725985215281022], [-79.06068484551353, 0.725018203193774], [-79.0604069880683, 0.724544390346976], [-79.05902490954855, 0.723659931503524], [-79.05838551648607, 0.723548420396837], [-79.05730596736613, 0.72361720008094], [-79.05495632742793, 0.724428098399937], [-79.05417190865711, 0.724943618108231], [-79.05355969294243, 0.725070430057471], [-79.05183951705872, 0.72447968401457], [-79.05101360094328, 0.724628849004633], [-79.04762541487025, 0.723743797923533], [-79.04661800125555, 0.723178761886791], [-79.04493596971832, 0.721863826060095], [-79.04408082336052, 0.720906508954224], [-79.04340359626181, 0.719652083729384], [-79.0429818433279, 0.718180477058544], [-79.0429208346486, 0.71647472127988], [-79.04313224843065, 0.715344763369596], [-79.04370225050315, 0.714171597991397], [-79.04379180036499, 0.713154881434812], [-79.04312571432774, 0.712287010211437], [-79.04233626849467, 0.711885150581946], [-79.03578313913408, 0.700587431892635], [-79.03610601478005, 0.699923724360427], [-79.03625757563918, 0.698866127566115], [-79.03680513792501, 0.69731608764548], [-79.03780709232068, 0.695107143990913], [-79.03968752783348, 0.692134383152982], [-79.04009767831535, 0.690280021524503], [-79.04040493862168, 0.689747828949234], [-79.04129213191088, 0.689301735382254], [-79.04185508454306, 0.689198938724815], [-79.04371942648005, 0.688488995024872], [-79.04459924146722, 0.687543010258795], [-79.04517599295505, 0.68613898818984], [-79.04657165722851, 0.684399500833643], [-79.04705718283579, 0.68360598671668], [-79.04720910514867, 0.682873390928841], [-79.04748226559317, 0.68229348187291], [-79.04781978660672, 0.681915843464668], [-79.0484340383581, 0.681503973495716], [-79.04895722247961, 0.68132102177698], [-79.05092099740469, 0.681379777060839], [-79.05351776549436, 0.682153562166673], [-79.05392717870295, 0.68210221364506], [-79.05429830432627, 0.681819031182976], [-79.05518584169458, 0.679928830440757], [-79.05600485922855, 0.679349137944158], [-79.05752139610374, 0.67867814522594], [-79.05788545825938, 0.678281433259673], [-79.05821943968336, 0.677274157487021], [-79.0588566133227, 0.676419640861792], [-79.0595544248081, 0.675595674850541], [-79.06034312640506, 0.674985438822101], [-79.06134436205255, 0.673734206828379], [-79.06167825429118, 0.672940620427115], [-79.06167838684965, 0.672604816208915], [-79.0614663267678, 0.672055233646817], [-79.06031457428695, 0.670497862029018], [-79.0602542362564, 0.669704119351932], [-79.06076992410881, 0.669307464949747], [-79.06292330363513, 0.668606184881347], [-79.06368159432107, 0.668209625525817], [-79.06443996873541, 0.667599371828187], [-79.06685237933453, 0.664773736679789], [-79.06815431052561, 0.662956785133645], [-79.06904070295468, 0.662357291902358], [-79.06962142639283, 0.662003767921124], [-79.07119525431685, 0.661666012295219], [-79.07169955556043, 0.661389360015501], [-79.07212753516457, 0.6609281102707], [-79.07257093563788, 0.660097733170177], [-79.07290714855077, 0.659882536389345], [-79.07400722069896, 0.659852203978885], [-79.07631264947814, 0.658987517006448], [-79.07696466501605, 0.658659650844777], [-79.07852807278339, 0.657467405319132], [-79.06274573118654, 0.656263723259967], [-79.06227181819695, 0.656766911822925], [-79.06089436120155, 0.657111600769714], [-79.06075178013302, 0.65743091153148], [-79.06087864712137, 0.658030270686092], [-79.06061979405649, 0.658462381056858], [-79.06077663935869, 0.658648799901806], [-79.06081408866545, 0.659131842851957], [-79.05998627272578, 0.659416705475029], [-79.0599575752768, 0.659760835860554], [-79.05965612893787, 0.660008470496754], [-79.05915652535585, 0.659816491729229], [-79.05881310219328, 0.659447168843203], [-79.0584516021278, 0.659598029509406], [-79.05790435028759, 0.659520052677839], [-79.05658989237429, 0.658855125163043], [-79.0558676688604, 0.658314759175689], [-79.05550081434406, 0.658377638276594], [-79.0551742545444, 0.658762701622575], [-79.05346544277657, 0.65843579266925], [-79.05299693611974, 0.658663558391395], [-79.05286144497909, 0.659000049963095], [-79.0529903306177, 0.659484573445741], [-79.05289769789215, 0.659551990606798], [-79.05249027217134, 0.659315471108593], [-79.05205488516222, 0.659377237565231], [-79.05158532113302, 0.660016595805816], [-79.05013066890957, 0.659784003272281], [-79.04972581323507, 0.660330434009542], [-79.04918306588904, 0.660225512924738], [-79.04872284349607, 0.660401650486684], [-79.04836717657956, 0.661032733264828], [-79.04803508139759, 0.661329903370161], [-79.04675317678887, 0.661282919634396], [-79.04522063365665, 0.662020591659798], [-79.04480888976822, 0.662036703786967], [-79.04464108109909, 0.661867370922831], [-79.04436797208686, 0.661087571009257], [-79.04397440029055, 0.661029817390444], [-79.04382497817534, 0.661387640281402], [-79.04351652110476, 0.661417989365939], [-79.04338418580453, 0.661036726424334], [-79.04348404619678, 0.660399757628866], [-79.04343438912122, 0.660134897975024], [-79.04328873867215, 0.660036011290261], [-79.04301212882234, 0.660169180634666], [-79.04292935330854, 0.660528386096019], [-79.04274434822945, 0.660692876929798], [-79.04221831919168, 0.660334786414344], [-79.04214880561355, 0.659856256952115], [-79.04236634953926, 0.65917077970013], [-79.04220987404241, 0.658961395774189], [-79.04144517379618, 0.659568985534395], [-79.04078594560474, 0.659429658622195], [-79.04034968447243, 0.659666837573669], [-79.04004169927596, 0.659640945802169], [-79.03930345300232, 0.658982940021755], [-79.03798565569767, 0.658404907325994], [-79.03707049160782, 0.65744727244893], [-79.03677062677431, 0.657561896158015], [-79.03613784711291, 0.658470271410851], [-79.03558088487958, 0.658895745453371], [-79.03512413339816, 0.658935891160777], [-79.0342592509164, 0.658714833743841], [-79.03389170578035, 0.658032382864046], [-79.03392031901262, 0.657674152509689], [-79.03516853069719, 0.656340869714969], [-79.03514119061036, 0.655971947424287], [-79.03483635145402, 0.6557151260308], [-79.03312324126821, 0.65564084718539], [-79.03264683079587, 0.655426184014673], [-79.03222367220549, 0.654775992117559], [-79.03149701188286, 0.654821818682257], [-79.030434806547, 0.654347059300397], [-79.02978123085123, 0.654468595508529], [-79.02909893053875, 0.655230378165726], [-79.02879319431217, 0.655206205547446], [-79.0282458110611, 0.654801905670384], [-79.0278525464072, 0.65373878316912], [-79.02804130011341, 0.653397344906881], [-79.02850105718048, 0.653244175786361], [-79.02850739885622, 0.652876714996287], [-79.02815121127281, 0.652319502275067], [-79.02783688821486, 0.652201743012221], [-79.02746201737047, 0.651182481842643], [-79.02666806213591, 0.650824742553477], [-79.02676731103797, 0.650366990138067], [-79.02721252327142, 0.649731157806059], [-79.02743704915585, 0.648632292823021], [-79.02724100482806, 0.648088435703891], [-79.02694848446788, 0.64779726209462], [-79.0266045418928, 0.647860420536876], [-79.02623300713907, 0.648198803525895], [-79.02600691884942, 0.649389623205561], [-79.02562231348521, 0.649153478458509], [-79.02534531701258, 0.647977380725615], [-79.0249579548561, 0.647902090536621], [-79.02463213725801, 0.648241214367059], [-79.02391446754106, 0.64850757764208], [-79.02349745540161, 0.647762995333557], [-79.02313336568035, 0.647665109571322], [-79.0222589134043, 0.648517324688838], [-79.02114459704937, 0.648744913085701], [-79.02079801697485, 0.648744776583322], [-79.0196355707199, 0.648046533566988], [-79.01851758208882, 0.648023583590371], [-79.0176451990175, 0.648912352349446], [-79.01736527525831, 0.649013744791572], [-79.01606733821998, 0.645935105659468], [-79.01510238449507, 0.642122955635229], [-79.01488129523952, 0.64027280526995], [-79.01526162673144, 0.640017772042662], [-79.01706792044271, 0.639540010761812], [-79.01774933233591, 0.639125605568584], [-79.0188393498051, 0.637992537991634], [-79.0194080227223, 0.636552874419543], [-79.01988287155329, 0.635772559736238], [-79.02127321442012, 0.634505782181376], [-79.02242994364494, 0.634027761165036], [-79.02385595142319, 0.633693381696514], [-79.02437887699342, 0.633422450639515], [-79.02559883979433, 0.633311276724231], [-79.02585240361338, 0.63311998684166], [-79.02667673537498, 0.631828438320437], [-79.0270253635121, 0.631621235359867], [-79.02783341843691, 0.631478003903666], [-79.02816607544364, 0.631605722287265], [-79.02884714629262, 0.632100400654355], [-79.02957563098083, 0.632898127413133], [-79.03063647969046, 0.634605074243285], [-79.03107990224592, 0.635099662189795], [-79.03152345771281, 0.635243373843712], [-79.03201470609159, 0.634956480033951], [-79.03230016062986, 0.634222936040616], [-79.03228479887868, 0.632947010329114], [-79.03171488248134, 0.631782515671975], [-79.0316836338244, 0.630618227793703], [-79.03193741854858, 0.629836823975803], [-79.03285683226474, 0.628481507860768], [-79.03306299070648, 0.627955268428409], [-79.0330156933648, 0.627333239370566], [-79.03257225656934, 0.6268705512107], [-79.03154263419519, 0.62637574253824], [-79.02905543579547, 0.625896331934608], [-79.02880202764277, 0.625672950478818], [-79.02865958930086, 0.625274172614062], [-79.0287390780625, 0.624540550815346], [-79.02946836196875, 0.623201112337279], [-79.0305626040138, 0.620330708154377], [-79.03189416431744, 0.618337582329146], [-79.03411292923678, 0.616376681871707], [-79.03490540932614, 0.615499779958445], [-79.03609431219107, 0.613682030409803], [-79.03660145157231, 0.613251593771266], [-79.03706114823594, 0.61258190443087], [-79.03752109870139, 0.611210455423054], [-79.03756755743578, 0.608700490624587], [-79.03774600950179, 0.608102467196779], [-79.03876836575284, 0.606799005658981], [-79.0392674563707, 0.606715454662205], [-79.03948126154307, 0.60693084557048], [-79.040051026498, 0.608569820367043], [-79.04021727156132, 0.608868926499435], [-79.04052613639003, 0.60908435257255], [-79.04135784093388, 0.609264083416858], [-79.04173813861615, 0.609096757821089], [-79.04217797794986, 0.608570598204523], [-79.04226131504308, 0.608128041429952], [-79.04207132140203, 0.607781079818], [-79.04056259924317, 0.606823583662864], [-79.04042008726059, 0.60660821957354], [-79.04044408062215, 0.605974251822464], [-79.04058675944391, 0.605723105860477], [-79.04213181146078, 0.604778684642056], [-79.04280943029889, 0.603881794315132], [-79.04299994309986, 0.602781375166157], [-79.04302439843376, 0.600843568392337], [-79.04339320819575, 0.599563785391386], [-79.04361911016623, 0.599181088260243], [-79.04451037984835, 0.598930210159707], [-79.04562731362219, 0.598966496358766], [-79.04616198584696, 0.599074345214367], [-79.0462807508576, 0.599241854024663], [-79.04635193839373, 0.59954092510242], [-79.04623296642194, 0.599959547303831], [-79.04590015684522, 0.600246512280255], [-79.04523464728392, 0.600509433081166], [-79.04491370631953, 0.60083228698723], [-79.04462828187097, 0.601525971450043], [-79.04479328182283, 0.605317933768254], [-79.0453632739646, 0.606334896968194], [-79.046028510573, 0.606837536295105], [-79.04655130771549, 0.60692145998328], [-79.04695540919634, 0.606646483783754], [-79.04705057214686, 0.606359434422034], [-79.04696816579575, 0.604206270444971], [-79.04708708856361, 0.60393119031255], [-79.04736044848104, 0.603751861255086], [-79.0481090384072, 0.603764094525072], [-79.0490835449158, 0.603357742776287], [-79.04984468239171, 0.601503926837211], [-79.05064183245791, 0.598609438168614], [-79.0508557965708, 0.598382239591373], [-79.05125979976754, 0.598382384126499], [-79.05147363814595, 0.598514041262277], [-79.05236390156924, 0.601122052361988], [-79.05277955105282, 0.601792067989326], [-79.05274359325213, 0.602665273384672], [-79.05236298816813, 0.603693858622365], [-79.05243405290607, 0.604339827033242], [-79.05260032271791, 0.604579125087334], [-79.05288544642241, 0.604734732258093], [-79.05326568167763, 0.604746831316579], [-79.05486991240187, 0.604484248629479], [-79.05626013205732, 0.604580445678941], [-79.05677113943663, 0.604413162657838], [-79.05712777999409, 0.603946776462988], [-79.05724687362063, 0.603193217105907], [-79.05696224392044, 0.601638064476816], [-79.05621388613379, 0.600036452880785], [-79.05625514704705, 0.599088868369855], [-79.05645990990016, 0.598718141789598], [-79.05817895842738, 0.598327354497635], [-79.05869082901941, 0.597503536029478], [-79.05897315905568, 0.596588867456354], [-79.05927261208592, 0.596079122556282], [-79.06035506389637, 0.594770116646964], [-79.06387844752456, 0.591480499977729], [-79.06430440106978, 0.591306835878032], [-79.06447695432401, 0.591608173190066], [-79.06454567349546, 0.592604726341809], [-79.06471815503755, 0.593114639951004], [-79.06529363221652, 0.593265480542216], [-79.06706622747048, 0.593381980099905], [-79.06819401067199, 0.594123981426239], [-79.06956364283056, 0.594506853595625], [-79.07138197526012, 0.595515614916455], [-79.07325765287756, 0.597126952787777], [-79.07349928006897, 0.597405140441467], [-79.07357966120968, 0.597961374509546], [-79.07348744133425, 0.598343732915436], [-79.0728540186999, 0.599305280229577], [-79.07273840582131, 0.600753690833251], [-79.07333648539455, 0.602109653307074], [-79.07378534117768, 0.602283626809486], [-79.0739465189264, 0.602202571481398], [-79.07424594359122, 0.601785523359708], [-79.07443046335419, 0.600789054138403], [-79.07467239456022, 0.600198171352202], [-79.0758430399947, 0.597697107183927], [-79.0763267325634, 0.597002019794813], [-79.07780346760066, 0.595594641727985], [-79.07898641763698, 0.594943251072702], [-79.08045424340511, 0.594335413926785], [-79.08089470178724, 0.59383150449998], [-79.08165354028502, 0.591542770183907], [-79.08150710284647, 0.590981800822511], [-79.08106729897156, 0.590730710587892], [-79.08026089420427, 0.590553297165985], [-79.07980629740547, 0.590685988718145], [-79.07960093902672, 0.590907332449752], [-79.0795712478301, 0.591970114816974], [-79.0794245112505, 0.592280044329592], [-79.079087242061, 0.592338971203304], [-79.07869144338173, 0.592043612944712], [-79.07773884855854, 0.590596702636219], [-79.077020884734, 0.58907607128402], [-79.07700636904693, 0.58864799698488], [-79.07738788336623, 0.587836274813333], [-79.0777691601666, 0.587718319738566], [-79.07859024527544, 0.587836691543477], [-79.07927923315165, 0.588338805103363], [-79.0802026129702, 0.589475723317999], [-79.08096503266063, 0.589638358672866], [-79.08143434941267, 0.589343300989312], [-79.08155180002349, 0.588915272230063], [-79.08144930053649, 0.58850192771914], [-79.08100966289379, 0.587763724181994], [-79.08118593581837, 0.586833841223972], [-79.08168490924798, 0.585564564541493], [-79.08239144033426, 0.58478985396529], [-79.0832777812268, 0.584658949112983], [-79.08481568756122, 0.584895654879425], [-79.08864754447863, 0.58513314813946], [-79.09044613252667, 0.585369942084293], [-79.09076271771403, 0.5852776361363], [-79.09213658946875, 0.583971105753355], [-79.09275923026459, 0.583063978420491], [-79.09279153518456, 0.582718336405427], [-79.0926200428163, 0.582167392787598], [-79.09192274770335, 0.58172428726667], [-79.09051558355814, 0.581334610620468], [-79.08961673493322, 0.579991524159224], [-79.08966510101419, 0.579748504089712], [-79.08996694192436, 0.579560252150394], [-79.09058837061161, 0.580259195630784], [-79.09130644591744, 0.580733362151326], [-79.09167464238203, 0.580654500537659], [-79.09195239142011, 0.5803143421097], [-79.09178964376383, 0.579682389671053], [-79.09070115288617, 0.57861446519752], [-79.09036956752011, 0.57792153675396], [-79.09034512090396, 0.577525633590966], [-79.09124276349961, 0.576004216682192], [-79.0914274265117, 0.575039284331005], [-79.09105893449998, 0.574457689280438], [-79.09016206146406, 0.573665598707835], [-79.09006386519361, 0.573306785678079], [-79.09018689858179, 0.572886188945965], [-79.09051874384222, 0.572799698185266], [-79.09259558826508, 0.573060201344201], [-79.09397210140492, 0.572800855825692], [-79.09426709130224, 0.572677237403777], [-79.09446382614755, 0.57236800974864], [-79.09450082599807, 0.571972126271889], [-79.09372707417229, 0.570487258729526], [-79.09276894631147, 0.569101305810614], [-79.0915527115926, 0.567801869777605], [-79.09081264680924, 0.567538576539459], [-79.09072127211923, 0.567344228232089], [-79.09085147984368, 0.565251352341084], [-79.0903817565986, 0.564567422071189], [-79.09038187582192, 0.564199221794663], [-79.0904342286078, 0.563966943753438], [-79.09112353578993, 0.563641017428722], [-79.09117630210811, 0.563514985856006], [-79.09080014065272, 0.562652050254566], [-79.08999025467774, 0.561992241932306], [-79.08862805160975, 0.562177972902316], [-79.08829385006582, 0.562104168502724], [-79.08824178011749, 0.561746530897307], [-79.08839617695885, 0.561489149273018], [-79.08903576778926, 0.561020881358506], [-79.09016501024746, 0.560996928993236], [-79.09182829708828, 0.559978232425771], [-79.0932583699721, 0.55990717671582], [-79.09526311084105, 0.561264897316925], [-79.09665149842874, 0.563169475935743], [-79.0969855572992, 0.563411557249569], [-79.09789424696129, 0.563254068142155], [-79.09844789597376, 0.562738749118007], [-79.09881796038088, 0.561637609831196], [-79.09928820444998, 0.56072250278486], [-79.10196273426436, 0.557683081118944], [-79.10238045655184, 0.557525428416882], [-79.10350812462183, 0.558241131981993], [-79.10394683290433, 0.558188738571165], [-79.10415582442884, 0.557704861436938], [-79.10410388307844, 0.556934981460082], [-79.10386375244013, 0.556766535698182], [-79.10281946124607, 0.556545293693312], [-79.10202582555085, 0.556166344671179], [-79.10187974558704, 0.555976951428369], [-79.10193207998641, 0.555514092589599], [-79.10226627168802, 0.555345832855554], [-79.10393718428178, 0.555777691450387], [-79.10453245247479, 0.555725257534055], [-79.10463705312588, 0.55529397253043], [-79.1037181873368, 0.554683500163897], [-79.10373914325902, 0.554315303727976], [-79.10429700327462, 0.553829639667129], [-79.10560255867391, 0.553577779052934], [-79.10588852592981, 0.553095553184805], [-79.10582222372952, 0.552284706216052], [-79.10618798725363, 0.551696077402301], [-79.10675192432711, 0.551591095777545], [-79.10760798703565, 0.55254813980712], [-79.10801338816613, 0.552727398601361], [-79.10840332978556, 0.55265500409289], [-79.11071002826439, 0.551613431135842], [-79.11163954416169, 0.551508565582414], [-79.11214077386383, 0.55172954018292], [-79.11221377999178, 0.552076428544865], [-79.11207799845857, 0.552265641769954], [-79.11081394037741, 0.553358638949133], [-79.11079278444835, 0.554073611195299], [-79.11097021778119, 0.554536184686507], [-79.11123125752106, 0.554767572070712], [-79.1119413510239, 0.554904520779691], [-79.11202483932927, 0.555051666836368], [-79.11205604482664, 0.555503794959688], [-79.11130394995199, 0.556102790003009], [-79.11142913871123, 0.556460274769746], [-79.11203482556932, 0.556418423019749], [-79.11377846310334, 0.55585030995546], [-79.11419165435925, 0.555261874776105], [-79.11438776446018, 0.555173232077581], [-79.11575481527238, 0.555053316830342], [-79.1158593108871, 0.55466913955452], [-79.11529174902695, 0.552016737440247], [-79.11536283924043, 0.551605693568661], [-79.11564493569999, 0.551150861349867], [-79.11589671372768, 0.551132042981056], [-79.11709698704003, 0.551795051410021], [-79.1183026609736, 0.552136605107698], [-79.11858487766533, 0.553014169158896], [-79.11883198933215, 0.553270961684566], [-79.11919802297146, 0.553253988405256], [-79.11947810799664, 0.5529140835377], [-79.11977310836863, 0.551701410635278], [-79.12033446709638, 0.55095251639369], [-79.12127771834217, 0.550600523677895], [-79.1227646695111, 0.55053317720239], [-79.12305015896678, 0.54985391073752], [-79.12260243745385, 0.547980541851922], [-79.12293434139234, 0.547377788524447], [-79.12331208233951, 0.545235577225232], [-79.12361269349846, 0.545033754283951], [-79.12393071872876, 0.54515384701588], [-79.12425222305042, 0.545067321437548], [-79.12473037284511, 0.543834626713175], [-79.12505699847802, 0.543449521370856], [-79.1267223117223, 0.542305359359631], [-79.12716062828386, 0.541494479408381], [-79.12770246446483, 0.541126982183371], [-79.12823239354161, 0.540044223458704], [-79.12864201823703, 0.539649195455269], [-79.12991070579639, 0.538980898782021], [-79.13078901463224, 0.538925378313624], [-79.13311965849098, 0.539814973078769], [-79.13422850775694, 0.540476411315984], [-79.13528052950042, 0.54044780071194], [-79.13684753914377, 0.540620273132479], [-79.13720370502341, 0.540272789740664], [-79.13716228457524, 0.540019406303447], [-79.13655699640363, 0.53932023502975], [-79.13663376132158, 0.538839107795379], [-79.13684017825508, 0.538538779811515], [-79.13815895426023, 0.537401548909001], [-79.1386866972733, 0.536414812330919], [-79.13914609487101, 0.536284560123176], [-79.1397558042434, 0.536327517799475], [-79.14006978536753, 0.536174072102418], [-79.14069790372369, 0.53534361914319], [-79.14157187735131, 0.534785420168697], [-79.14256929510947, 0.533841142446622], [-79.14352339696256, 0.532665542529004], [-79.14478597119805, 0.532633010584533], [-79.14518284933287, 0.532512503467109], [-79.14557751603468, 0.532277878789997], [-79.14740743737832, 0.530378864998802], [-79.14794628924712, 0.530085054137345], [-79.14830341988038, 0.530117986139492], [-79.14959744800733, 0.530644742915172], [-79.15021453778981, 0.530654875574783], [-79.15106553273829, 0.530347232437686], [-79.15165267875162, 0.530770420340556], [-79.15204080059569, 0.530799835058283], [-79.15221904057367, 0.530400659197616], [-79.1526002346147, 0.530165757330046], [-79.15293819538483, 0.529114569175453], [-79.15331045106103, 0.528730190426188], [-79.15428045585124, 0.528148862065627], [-79.15439255559484, 0.526933210891507], [-79.15493968507249, 0.525678715476467], [-79.15642340106561, 0.524462566390065], [-79.15657143943342, 0.523821761729759], [-79.15642124192061, 0.523244980702131], [-79.1566757668134, 0.523065379680308], [-79.15761043487618, 0.523218656823718], [-79.157981501856, 0.522903089365763], [-79.1580602710028, 0.522307114829289], [-79.15740998052296, 0.52156127030192], [-79.15739182643242, 0.52128528488092], [-79.15810358922947, 0.519757837559233], [-79.158298532945, 0.519048864385994], [-79.15831187397038, 0.518268039610717], [-79.15802917390916, 0.517413340644094], [-79.15805865894352, 0.517023341891897], [-79.15833992704798, 0.516614427154922], [-79.15871029206976, 0.516548162524914], [-79.15906004012744, 0.51664601512964], [-79.16002632570743, 0.51742866367481], [-79.16074713228409, 0.517550045182193], [-79.1613911445297, 0.51734098702976], [-79.1619304500889, 0.516720187615161], [-79.16240705630315, 0.516727379703103], [-79.16283660608373, 0.517010086844829], [-79.16345242187289, 0.517089208391017], [-79.163942127992, 0.516522920637783], [-79.16478938478173, 0.516420081025503], [-79.16545883631036, 0.517397875271346], [-79.16553877027769, 0.518373056726421], [-79.16587382050186, 0.518671832874], [-79.1660440954358, 0.519097790974943], [-79.16647262568901, 0.519180837148987], [-79.1666647915272, 0.519071748540865], [-79.16685388881723, 0.518707294696498], [-79.16715294644132, 0.518597423332067], [-79.1674397445334, 0.518644619148737], [-79.16811543570077, 0.519170284623921], [-79.16899975565411, 0.518880544566208], [-79.17107150731034, 0.519093108137937], [-79.17185845548047, 0.518812743192976], [-79.17343843585682, 0.518654955807498], [-79.1745009842539, 0.518006180619167], [-79.17523270370707, 0.517995270325833], [-79.17550264484271, 0.518252432252591], [-79.17582296684249, 0.518234711054402], [-79.17642190810575, 0.517968939081968], [-79.17807088336531, 0.517789286025953], [-79.17894981726107, 0.517183498100838], [-79.17922368716864, 0.517210976625037], [-79.17949399589502, 0.517445170460075], [-79.17991330515699, 0.517431184983772], [-79.18041532198414, 0.517178495702132], [-79.18133765396237, 0.517166102082639], [-79.18201724998688, 0.516935346994151], [-79.18404985855696, 0.518393169002391], [-79.18439116846186, 0.518490657803654], [-79.18489547390959, 0.518407067670756], [-79.18589341792105, 0.517527587286001], [-79.18614520583935, 0.517508760462617], [-79.1864399735629, 0.51765144941734], [-79.1871804452822, 0.518467680230129], [-79.18795515061102, 0.518618284514165], [-79.1893728797147, 0.518595634018897], [-79.18976448061865, 0.51841832782583], [-79.19076946129768, 0.517125411033917], [-79.19190410798494, 0.51534801800156], [-79.19229213528217, 0.514463836020126], [-79.19235658175953, 0.513362173191093], [-79.19341918093647, 0.513362475585602], [-79.19321377036702, 0.513662646442052], [-79.19310710023058, 0.514173489637754], [-79.19335782064282, 0.515521257150802], [-79.19334987064899, 0.516111738427561], [-79.19381733026789, 0.517834688422466], [-79.19422105423317, 0.518611036795922], [-79.19445546566293, 0.52057526391775], [-79.1944098598799, 0.521279197185398], [-79.1946745437686, 0.521405211575486], [-79.19523253128061, 0.521417432133662], [-79.19660879416644, 0.521289703705471], [-79.19713332800421, 0.520948938742584], [-79.19787021135248, 0.522364449868812], [-79.19805781643353, 0.522497369038058], [-79.19883062695433, 0.522528404648283], [-79.20027796308396, 0.52227621223557], [-79.2006138775932, 0.522045743510003], [-79.201349755281, 0.520994414893443], [-79.2016333709284, 0.520858807081382], [-79.2029539346433, 0.52124609731774], [-79.20407092271856, 0.521410310474717], [-79.20467700099185, 0.521314780593081], [-79.20632317596866, 0.520148865372483], [-79.2066957829688, 0.520088825319156], [-79.20741843230239, 0.520631829976562], [-79.20877861387973, 0.520766041748426], [-79.20941593675745, 0.520547850782358], [-79.20973151951524, 0.520032204036104], [-79.21028771036512, 0.519860095393824], [-79.21242735853328, 0.519765675936818], [-79.21285525138101, 0.519527822825376], [-79.21351077040718, 0.518856122619616], [-79.2142018224794, 0.51881171415004], [-79.21476738170702, 0.519423667695671], [-79.21562169376442, 0.520855949975537], [-79.2161691961472, 0.521186501700209], [-79.21716220342748, 0.52095003994621], [-79.21758390935803, 0.520634985174696], [-79.21802987639187, 0.52063486885567], [-79.2187314599639, 0.520782396404045], [-79.21991272796605, 0.521831951603135], [-79.22044745355116, 0.521939771595163], [-79.22140530433109, 0.521784525219318], [-79.22271388846315, 0.521869444440197], [-79.2232406672275, 0.522209854348211], [-79.22531509344036, 0.524726995492215], [-79.22534282596243, 0.525325878317402], [-79.22451418257685, 0.527778732447967], [-79.22433755515783, 0.528727389342805], [-79.22436384619401, 0.529487868706433], [-79.22454831008693, 0.530097847909071], [-79.22513412005803, 0.530967245804098], [-79.22549024013757, 0.532316783969387], [-79.22587993720929, 0.532938464295134], [-79.22594705577241, 0.533543933065199], [-79.2257805691772, 0.537007394927304], [-79.22602409356382, 0.538243807957491], [-79.22596701895124, 0.539400672738589], [-79.22613261231899, 0.539475797653341], [-79.22714749739241, 0.538842637079747], [-79.2276623890658, 0.538692078150169], [-79.22810197270273, 0.539063062827792], [-79.22877888574311, 0.540171032102423], [-79.23000513553288, 0.540630775169481], [-79.23076092512282, 0.540645353582748], [-79.23107555056852, 0.540822499927395], [-79.23121709345236, 0.541199618697527], [-79.23121696028942, 0.541659002260499], [-79.23018448489803, 0.543310186742841], [-79.22998983142527, 0.544124181142124], [-79.22941913740594, 0.545189981883355], [-79.22930488546558, 0.545771354119859], [-79.229721303553, 0.547314361895805], [-79.22974474141664, 0.548245256496559], [-79.22961264507812, 0.548496279536105], [-79.22865390341731, 0.548990752865187], [-79.22823321830762, 0.549076682800152], [-79.2270745723497, 0.550374321593965], [-79.22577990925066, 0.55110578807317], [-79.22534024343072, 0.551593324614398], [-79.2256725509269, 0.553048134849209], [-79.22557479754744, 0.554086022246821], [-79.22563347734634, 0.556560482765305], [-79.22553111880278, 0.557440517729659], [-79.2251212378918, 0.558407586001144], [-79.22502598226903, 0.559029636857065], [-79.22521052835845, 0.560170811232318], [-79.22608746136032, 0.562059012226486], [-79.22884207786515, 0.563636995914697], [-79.22928709913356, 0.564072076674174], [-79.23040143817674, 0.56591378294896], [-79.23079506474659, 0.568215471050218], [-79.23037825147655, 0.571123574322228], [-79.23084681198927, 0.571942040877001], [-79.2318465742933, 0.572555730243371], [-79.23219103559745, 0.573004397471931], [-79.23251543411882, 0.57433210692222], [-79.23249489597447, 0.574915398434619], [-79.23222197910746, 0.575518007445499], [-79.22991640766286, 0.57674707291983], [-79.22844861523973, 0.576603943331512], [-79.22678835942646, 0.576868381116369], [-79.22531270628274, 0.576869166727381], [-79.22496609659665, 0.577265246926278], [-79.22462546779875, 0.57847624179184], [-79.22426716615428, 0.578691724140505], [-79.22377113682406, 0.578701758238591], [-79.2233416999599, 0.578273727800762], [-79.2224714639592, 0.578200929238055], [-79.22186823048523, 0.578008191758371], [-79.21937775993348, 0.578710561702445], [-79.21744349523573, 0.581196470080021], [-79.2164711657676, 0.58286742772905], [-79.21557961980061, 0.585170228635612], [-79.21487081255817, 0.585801821579054], [-79.21409875226034, 0.586043570399781], [-79.21351380745001, 0.587472649218299], [-79.21343248025815, 0.58855283092316], [-79.21386736460666, 0.589816609608087], [-79.21777365679141, 0.593496697270054], [-79.22064782960607, 0.595861865218035], [-79.22056649101509, 0.596962431752222], [-79.22070796457837, 0.59773696900063], [-79.22254037825796, 0.599002747279332], [-79.222685484414, 0.599489589676188], [-79.22224146982673, 0.599808644266052], [-79.22211451325163, 0.600191640937239], [-79.22287534047071, 0.600702608935104], [-79.22344020075315, 0.600774684237159], [-79.2243179137113, 0.601141979779837], [-79.22529160017491, 0.600714478128065], [-79.22626786549637, 0.601429897659918], [-79.22697395875463, 0.601563617894912], [-79.22774235211165, 0.60123886027154], [-79.22883662069462, 0.600185857573446], [-79.23050129656625, 0.60018640013738], [-79.23169025885797, 0.600474067937872], [-79.23259372628999, 0.601144683249855], [-79.23259358675948, 0.60157560521376], [-79.23221273461489, 0.602676722979534], [-79.23191245151361, 0.603090748466295], [-79.23283304673309, 0.604966145145768], [-79.23379443993491, 0.605893818560454], [-79.23398655136582, 0.606597042805949], [-79.23444774204889, 0.613086543746236], [-79.23424334825698, 0.616187223017591], [-79.23290974498268, 0.618071461658473], [-79.23317276049995, 0.618632041426249], [-79.23391166617142, 0.618876866385684], [-79.2345392976576, 0.618887267309107], [-79.23648303596309, 0.618592387162344], [-79.2369183163248, 0.618633295897083], [-79.239883790762, 0.620478817310078], [-79.24385171054944, 0.621999389700583], [-79.24372967320025, 0.623262192822189], [-79.24421797959127, 0.625158332396671], [-79.24422484120652, 0.625881395300295], [-79.24402207181188, 0.626798498737524], [-79.24432505686265, 0.62892847828369], [-79.24478077197035, 0.630528454077336], [-79.24480783334073, 0.6315334152189], [-79.24545777747025, 0.63214915747161], [-79.24737232852259, 0.632869868896668], [-79.2486618401999, 0.632998118308584], [-79.24961043744393, 0.633708986067176], [-79.25103687772369, 0.635050128438637], [-79.2515368006394, 0.636195824196178], [-79.25190465178363, 0.637629854187489], [-79.25254158673296, 0.63859189259166], [-79.25297283685322, 0.640537615932932], [-79.25357984601807, 0.641679200179433], [-79.25521949617374, 0.642627513639907], [-79.25533059825021, 0.643371484523201], [-79.25521895595983, 0.644217287895046], [-79.25551278700081, 0.644841633130919], [-79.25578803216244, 0.647993468625895], [-79.25714092904893, 0.648477733727756], [-79.25801769378403, 0.648641184062742], [-79.25963131945966, 0.648315543027329], [-79.26038040300881, 0.648438092138971], [-79.26092690964096, 0.648886680996381], [-79.26104815290404, 0.649579703592608], [-79.2605000233881, 0.653859686990813], [-79.26068192021599, 0.654797312595682], [-79.26193623794373, 0.657630820300123], [-79.26217231777784, 0.659714784574206], [-79.26333238482574, 0.660158653388819], [-79.26470908474788, 0.660383338127927], [-79.2651067863109, 0.660910618995198], [-79.26505880716437, 0.662107625507818], [-79.2642492405839, 0.664932315155112], [-79.2633927948494, 0.665793868157365], [-79.26263115448413, 0.667565191315334], [-79.26339146638439, 0.669576459702731], [-79.26348630824977, 0.670390469232407], [-79.26386147006335, 0.670837122667404], [-79.26378771842074, 0.671245864372898], [-79.26299421957985, 0.672079424765155], [-79.26299397883034, 0.672760397613686], [-79.26324753243942, 0.673100974553994], [-79.26443097748977, 0.674122858495528], [-79.26561469730237, 0.674378648480755], [-79.26730516060897, 0.6763370559902], [-79.26789661271008, 0.6776140957794], [-79.26908021161212, 0.678210374643774], [-79.27123661380128, 0.677732339936066], [-79.27206105569408, 0.677732636156968], [-79.2730757074216, 0.677860683689069], [-79.27428043633451, 0.678499531436692], [-79.27535844168622, 0.678819127233385], [-79.27643660512696, 0.678691830893276], [-79.277070928922, 0.678309008155651], [-79.27802270722894, 0.676904831686903], [-79.27891122234178, 0.6750537390497], [-79.28005287325276, 0.674734937133795], [-79.28290683488146, 0.674416742193583], [-79.28417521482478, 0.674417192569537], [-79.28607758341566, 0.674992446071995], [-79.28652133777697, 0.675503338896151], [-79.28711306000676, 0.675845504300227], [-79.28727418316369, 0.676186430806115], [-79.2881338760282, 0.67696586616228], [-79.28867109800336, 0.677696492220852], [-79.28887518757833, 0.678129415006837], [-79.28948156577007, 0.680899872858737], [-79.29033557005272, 0.682566653029616], [-79.29092129125789, 0.682940196048466], [-79.29253360944685, 0.683287053824756], [-79.29438382440685, 0.683409311350589], [-79.29625352974358, 0.683159535010257], [-79.2969408815479, 0.683494234257757], [-79.29759638458175, 0.684132924845982], [-79.29844507563836, 0.6856373904195], [-79.29877794773228, 0.686676355326743], [-79.29838522515172, 0.68769341778297], [-79.29783134246273, 0.688472353806799], [-79.29781334103866, 0.688980046258343], [-79.29836605549963, 0.691151683390948], [-79.29942080879798, 0.692639131518989], [-79.29915154669268, 0.694099911492444], [-79.29908556238529, 0.695343762058894], [-79.29951340202872, 0.697116787383514], [-79.29933294566614, 0.697854973403568], [-79.29889197952507, 0.698493270744273], [-79.2978805423354, 0.7011765855904], [-79.29753634839967, 0.701739167771454], [-79.29734265176928, 0.702301804021531], [-79.29728385996569, 0.703037944294902], [-79.2973096726129, 0.704314554666118], [-79.29863149946726, 0.705375529641831], [-79.29882487091862, 0.705711061538733], [-79.29881359870454, 0.707150291926823], [-79.29900317776723, 0.708260549302798], [-79.29892047700373, 0.708849277420968], [-79.29841495246862, 0.709639045747903], [-79.29767290230474, 0.710515296291063], [-79.29707076780433, 0.710926282476189], [-79.29695241837145, 0.711207592075636], [-79.29753251633254, 0.712257474671591], [-79.2993055833958, 0.713989543765135], [-79.30078807294908, 0.716630498348566], [-79.30084704024873, 0.7170525519971], [-79.30014253656358, 0.718129010189241], [-79.30011543651304, 0.718740404373692], [-79.30105598539615, 0.721195710656861], [-79.30151556677507, 0.721948747023282], [-79.3009039288068, 0.723090871493975], [-79.29993595249, 0.72443235016712], [-79.29944992964563, 0.724595047025637], [-79.29670043007835, 0.724030738416275], [-79.29372271009983, 0.724159466859954], [-79.2924005284333, 0.724072395376236], [-79.29214241907525, 0.724386114687092], [-79.29170139365931, 0.725154257503351], [-79.29136707540879, 0.726576687146653], [-79.29072201927586, 0.72731493296159], [-79.29056085947035, 0.727988994911169], [-79.28889376924216, 0.730050081060271], [-79.28926899272378, 0.733020385830089], [-79.28903227712976, 0.733604642674096], [-79.2884728815419, 0.734686552725829], [-79.28685822494111, 0.735418542447325], [-79.28647290896673, 0.73607089944042], [-79.28647261135913, 0.736850028500502], [-79.2872902067609, 0.73816666238144], [-79.28709528306543, 0.738971233493497], [-79.28556792253862, 0.74131884862857], [-79.28494419761695, 0.741946236526583], [-79.28381511739181, 0.742887243126086], [-79.28328294412889, 0.743049352492958], [-79.28250367308951, 0.742838034212065], [-79.28222944663995, 0.743119278230337], [-79.28171826922944, 0.744585353123514], [-79.28096520134847, 0.746105436575064], [-79.2808194915009, 0.747620348525232], [-79.28019009211567, 0.749016036225428], [-79.28000692432418, 0.75009808350893], [-79.27893175619951, 0.750606254174719], [-79.27827570531232, 0.751422994609581], [-79.2776628471684, 0.751747387222031], [-79.27601791334112, 0.752336488021323], [-79.27529441014804, 0.752325064364549], [-79.27511486572274, 0.752530909554238], [-79.27477038597934, 0.753775207621441], [-79.27471630574806, 0.754619237587846], [-79.27430188392694, 0.7560366447736], [-79.27368879769467, 0.75693455661488], [-79.27360799437311, 0.757389012897625], [-79.2737743067779, 0.758168204388709], [-79.27354957195527, 0.758476766416834], [-79.2732004189281, 0.758641444138688], [-79.27112436854682, 0.758529648139942], [-79.2702697189877, 0.75865915756347], [-79.26923461374965, 0.760813256255538], [-79.2657580129112, 0.76423562738942], [-79.26482194136955, 0.766356185415506], [-79.26455285731397, 0.767205533094507], [-79.26457943663912, 0.76793596950795], [-79.26433166026914, 0.769261453954617], [-79.26402160262228, 0.769637026934974], [-79.26199331553397, 0.769990920212339], [-79.26031100060864, 0.769984818834542], [-79.25954215416307, 0.770595893980194], [-79.25875705356957, 0.771526183874142], [-79.25673041435807, 0.772347749776633], [-79.25528417740996, 0.773364331928728], [-79.25455825778107, 0.774148557765623], [-79.25205883690322, 0.77448297343551], [-79.25163411577617, 0.774758733321031], [-79.25147801927392, 0.775310541852178], [-79.2515099540916, 0.77607884879513], [-79.25176748093577, 0.777204343862974], [-79.25171346413498, 0.777858994485986], [-79.25224503974175, 0.779146920067646], [-79.25248609691455, 0.781105629577822], [-79.25245880261485, 0.782122796244874], [-79.25302793904747, 0.783556823586192], [-79.25192439168183, 0.78669411270242], [-79.25151615806712, 0.787067614986061], [-79.25000146135682, 0.787397166029403], [-79.24950094892152, 0.788179192534345], [-79.24894554324088, 0.788540015484271], [-79.248102486525, 0.788701202318422], [-79.2470924262938, 0.789264664368455], [-79.24641156320834, 0.789480809510028], [-79.24359899385297, 0.789036257612254], [-79.24276923377208, 0.7897320008154], [-79.24258583680275, 0.790063978595984], [-79.24186677661228, 0.790284980079033], [-79.2405895236031, 0.790190180313238], [-79.23978405433478, 0.790492149672952], [-79.23919504874742, 0.791434541180756], [-79.23892747651695, 0.791488292308565], [-79.23847269953852, 0.791353434107576], [-79.23820543327597, 0.79068000392921], [-79.23772936243442, 0.790393962421809], [-79.23723984102155, 0.790355051070802], [-79.23680384592949, 0.790550370461012], [-79.23659995523211, 0.791218563457418], [-79.23620337538034, 0.791351958570771], [-79.23558495367533, 0.791094050229615], [-79.2346326386222, 0.789617845163858], [-79.2334596243222, 0.790013963558191], [-79.23281776012504, 0.791111312207304], [-79.23268897954291, 0.79229189297488], [-79.23191995145716, 0.79410845545308], [-79.23112304133645, 0.794946914312714], [-79.22985777213759, 0.796925138857736], [-79.22958934014419, 0.798378207570618], [-79.22874509996659, 0.801310979676728], [-79.22823875006607, 0.802297101949941], [-79.2276677182522, 0.802907322842863], [-79.2262047489013, 0.803768522563721], [-79.22502741351431, 0.804055286861155], [-79.22434946954964, 0.804414089058815], [-79.2228788500782, 0.805994047740169], [-79.22067960077396, 0.806380474474874], [-79.21858785777873, 0.806116900654094], [-79.21644124609904, 0.806876423190118], [-79.21503516011887, 0.806710037278717], [-79.21430223142357, 0.806488346647525], [-79.21336759508988, 0.806561722587719], [-79.21289091155903, 0.807059587560675], [-79.2120289560716, 0.808553432525075], [-79.21122216167198, 0.809623013986602], [-79.20973728653742, 0.810766081290312], [-79.20887556311921, 0.811724951913617], [-79.20854371652294, 0.811947437860763], [-79.20820422325185, 0.811978553818493], [-79.20722726401448, 0.811601333368769], [-79.20681103779626, 0.811641510288044], [-79.20610824934673, 0.812074213461807], [-79.20232226922721, 0.816104881793466], [-79.2007041045917, 0.818354478208396], [-79.19965725660305, 0.81935946886601], [-79.19856269309051, 0.820699590480552], [-79.19783760149073, 0.822048456968419], [-79.18860004463316, 0.822044248563239], [-79.18825749225702, 0.82052818462482], [-79.18827362086346, 0.819620752637016], [-79.18806678494413, 0.818118749266557], [-79.18859325714453, 0.816980054816035], [-79.18859888193661, 0.816455487697677], [-79.18791894290457, 0.815667556349574], [-79.18780371240626, 0.815212382919024], [-79.18861033225056, 0.810521462257944], [-79.19042323986017, 0.80560066837887], [-79.18938031174905, 0.802516352853292], [-79.18864088634015, 0.802371248854272], [-79.18770615173568, 0.802670779781557], [-79.18710070951961, 0.802630631111552], [-79.18595752555375, 0.802008704114168], [-79.1843786310791, 0.801459286657091], [-79.183487477254, 0.801327136360705], [-79.18320028895123, 0.801121919255805], [-79.18276362651582, 0.80050148433601], [-79.18257034307398, 0.800428332942327], [-79.1812634287563, 0.800763595792903], [-79.18034387987277, 0.800656933126115], [-79.17965821924597, 0.800824097480742], [-79.17799272376854, 0.801925927942862], [-79.17620652373697, 0.802762931664686], [-79.17500255173519, 0.803517092673615], [-79.17430424965723, 0.803631258768965], [-79.17306371283503, 0.803384558873938], [-79.17241520499115, 0.804042844112497], [-79.17186859995167, 0.80603234496804], [-79.17158839003298, 0.806498638718974], [-79.16862023752417, 0.807866351550104], [-79.16779351929858, 0.808495344086805], [-79.16630778738033, 0.811164777464994], [-79.16496220063057, 0.812608089884877], [-79.16487420243772, 0.812927887308611], [-79.16542732179668, 0.814241039619622], [-79.16490253360169, 0.815431260823579], [-79.1648479062413, 0.815851265706215], [-79.16500674996843, 0.816194596747706], [-79.16592252049527, 0.817095211262717], [-79.16623353498686, 0.819222000527972], [-79.16641055215912, 0.819521565066751], [-79.15981059569394, 0.819482779377355], [-79.15920691325395, 0.819732677093005], [-79.15838992868555, 0.820590049345488], [-79.15757309106854, 0.821125764084785], [-79.1571821545861, 0.821983331635657], [-79.15682696621016, 0.822304822165107], [-79.15572608072203, 0.822876142991557], [-79.1556194199185, 0.823197748695583], [-79.15565453073705, 0.824055514186565], [-79.15547687924803, 0.824341347713555], [-79.15448258582657, 0.824734017822067], [-79.15366599459736, 0.824733636495261], [-79.15146516423154, 0.823839121925411], [-79.15032913803556, 0.823624155133805], [-79.14940625241007, 0.823159111408574], [-79.14834111982114, 0.823194352403649], [-79.14695612555273, 0.823944231289134], [-79.14603292725079, 0.824158235163137], [-79.14411570736472, 0.824193074879749], [-79.14269573904066, 0.823799277054987], [-79.14234085174107, 0.823477456646949], [-79.14191556813546, 0.821833252282233], [-79.14134790436708, 0.820975244167539], [-79.14056705604726, 0.820474529905996], [-79.13989278339736, 0.819830908433603], [-79.13932513741413, 0.818937163016207], [-79.1390415871131, 0.817900594372832], [-79.13893561829244, 0.81672115156426], [-79.13890165871827, 0.81336165169684], [-79.13819220983974, 0.812003234407461], [-79.13695001214849, 0.811073439996889], [-79.13588513661556, 0.810572598890352], [-79.13499764828597, 0.810357752451986], [-79.13247703597234, 0.810070670528024], [-79.13134154972451, 0.808712060037892], [-79.13038295949549, 0.80871161557151], [-79.1291756985178, 0.809032706916572], [-79.12842993203977, 0.809461228103808], [-79.12690263459581, 0.810890075731062], [-79.1259792858931, 0.811461468553063], [-79.1251981813269, 0.811532581755221], [-79.12494975748135, 0.811318032041735], [-79.12445277824591, 0.811174844902483], [-79.12349455154697, 0.810388142622872], [-79.122607449371, 0.809351301444849], [-79.12062075072785, 0.806133881858732], [-79.11973358275307, 0.805239999609359], [-79.11859777928653, 0.804596173887779], [-79.11703572665293, 0.80441675457265], [-79.11572190113422, 0.804880747368103], [-79.11401721608185, 0.80605933048011], [-79.1096494470158, 0.808022913599155], [-79.10549564506601, 0.807949488448283], [-79.10414665416239, 0.807698685722174], [-79.1019812841698, 0.807054376183549], [-79.10116492002116, 0.806625131777271], [-79.1003491026809, 0.805016520717754], [-79.09804308210924, 0.801441603792544], [-79.09768800270213, 0.801107312011752], [-79.08985579694054, 0.796220691538155], [-79.0891794538072, 0.797435990283314], [-79.08820254828358, 0.800064329877842], [-79.08791763266427, 0.803611489642784], [-79.08571338893331, 0.805890850510891], [-79.08234533529777, 0.806617719058912], [-79.07987933739938, 0.806162371117494], [-79.07787499585142, 0.80867125663013], [-79.07757393117515, 0.811440422645894], [-79.07618701134707, 0.813748494392009], [-79.07502196853922, 0.814328351738892], [-79.07458507393201, 0.815995515009395], [-79.0749516080667, 0.817031109020651], [-79.07490556484366, 0.817330110924566], [-79.07425161924351, 0.817363703320845], [-79.07285246330662, 0.816683058170559], [-79.07210369981865, 0.816827913407891], [-79.07123513840786, 0.816347265857381], [-79.06977829444838, 0.816092116441147], [-79.06930792612519, 0.816183485875117], [-79.06908549538156, 0.816421186252903], [-79.06902057449311, 0.817126169355412], [-79.06870442307809, 0.817620530054723], [-79.06832056744209, 0.817504693566077], [-79.06785046138896, 0.81704395251382], [-79.06743737426935, 0.817192945572562], [-79.06667991441083, 0.817870467545272], [-79.06643859991526, 0.818525722716036], [-79.06729804943157, 0.820206164984451], [-79.06730933173333, 0.82065474983643], [-79.06702247043067, 0.820757871206628], [-79.06679317313642, 0.820515973508322], [-79.06651794357578, 0.82052705179867], [-79.06573716334564, 0.821503581038452], [-79.06410775899374, 0.822202916190606], [-79.06368301887807, 0.822673802005936], [-79.0632883358068, 0.823401678550902], [-79.0633512675853, 0.823661398287484], [-79.06355168180546, 0.823817291652106], [-79.06388402543146, 0.823650085048231], [-79.06386582539116, 0.823950816298734], [-79.0626921107711, 0.825005092093638], [-79.0624575103411, 0.82498821213077], [-79.06235469970142, 0.824157260645555]]]}, "properties": {"PROVINCIA": "ESMERALDAS", "CANTON": "ELOY ALFARO", "PARROQUIA": "SANTO DOMINGO DE ONZOLE", "NUM_SECTORES": 1, "CASOS": 10, "CIRCUNSCRIPCION": "CIRCUNSCRIPCIÓN RURAL", "TIPOLOGIAS": "F", "ETIQUETA": "SANTO DOMINGO DE ONZOLE\n1 sectores (10 casos)"}}, {"type": "Feature", "geometry": {"type": "Polygon", "coordinates": [[[-78.91920411383, 0.956411967561463], [-78.91898424527659, 0.956088762012423], [-78.91913154133925, 0.955375982708989], [-78.91886702646214, 0.954999292597581], [-78.91872050446, 0.954213937079233], [-78.91847109967594, 0.954002077190147], [-78.918443949497, 0.953703611561312], [-78.91824647100944, 0.953491185758762], [-78.91799748083548, 0.953578947021604], [-78.91792543242933, 0.95294677039049], [-78.91748359820103, 0.952624036198965], [-78.91704012356777, 0.952580181026217], [-78.91683743815362, 0.952927281393692], [-78.91671124336092, 0.95293079302798], [-78.91614550303272, 0.952365655793058], [-78.91592577161877, 0.951878675096733], [-78.9156008732918, 0.951800492841388], [-78.91487824385783, 0.952093811702935], [-78.91486375946873, 0.952468894966439], [-78.91459906020428, 0.95248225761289], [-78.91416441070766, 0.952267535040549], [-78.91401443423449, 0.952695642067889], [-78.9138837044598, 0.952733836717422], [-78.91350125775537, 0.952454677252755], [-78.91329006195912, 0.952725820414284], [-78.91357575721658, 0.953249799655818], [-78.91304510602252, 0.953573271979132], [-78.91268599417832, 0.953219161098236], [-78.91168372782839, 0.953191637975665], [-78.91183172663467, 0.952791957104588], [-78.9114187784207, 0.952058326589835], [-78.91074116984763, 0.951784927516621], [-78.91060831305496, 0.951180560065575], [-78.9097368084151, 0.951135900212013], [-78.9094667218241, 0.951283559593805], [-78.90945282549755, 0.951688326972422], [-78.90927577088408, 0.951870942143857], [-78.90898347764517, 0.951755578463647], [-78.90889721203814, 0.952118078982198], [-78.90859246955765, 0.952092667834198], [-78.9079099469431, 0.952810485452038], [-78.90800102450608, 0.953256002113556], [-78.90758322338374, 0.953443604951828], [-78.8942409664479, 0.952578907669254], [-78.8942263834767, 0.951883511078391], [-78.89399483025942, 0.951440352843378], [-78.89378625613745, 0.951465268589734], [-78.89330900644109, 0.951240212538893], [-78.89302894592333, 0.951398079392487], [-78.89263545115323, 0.951249020374894], [-78.89178713893334, 0.951356811318851], [-78.8916839733829, 0.951593354121046], [-78.8912816664619, 0.951650555615791], [-78.89112857465443, 0.951224208582651], [-78.89096206230128, 0.951174731642698], [-78.87972428365939, 0.953762928137924], [-78.87258098032531, 0.948001385875077], [-78.87339135607503, 0.947272374533351], [-78.87350964333268, 0.946898956769481], [-78.87335257958466, 0.946327306424255], [-78.87306050942601, 0.945891387043545], [-78.87303674871134, 0.945493875925217], [-78.87275275388235, 0.945016765453396], [-78.87167919863565, 0.944348394895084], [-78.86990696840321, 0.943817610458128], [-78.8688345803694, 0.943051994184259], [-78.86810313672025, 0.94273042443462], [-78.86281193408405, 0.944029989934519], [-78.85662946680084, 0.944026158019996], [-78.85591126686265, 0.942328923925337], [-78.85572654495961, 0.941201410972465], [-78.85292909111593, 0.937796530132381], [-78.8513847878943, 0.935453609519333], [-78.85041566316107, 0.932474716080294], [-78.85058456806006, 0.931493908361403], [-78.85081674410796, 0.931031615961362], [-78.85284336222895, 0.930209971268473], [-78.8550906114623, 0.930334600373703], [-78.85745439287564, 0.930828861062992], [-78.85799950593983, 0.930744535257178], [-78.85997404690367, 0.930075524706138], [-78.86244532645931, 0.928521937804432], [-78.86314832326869, 0.927754197921543], [-78.86359451671551, 0.926935895108437], [-78.86411598207287, 0.925280217118644], [-78.8641477451758, 0.923593581872161], [-78.8638578349255, 0.922297327294585], [-78.86395924299694, 0.918780066403379], [-78.86441065083528, 0.917540798910793], [-78.86475131742795, 0.917246404584168], [-78.86710465541185, 0.917217207655167], [-78.86802425158497, 0.917333239056624], [-78.86889811840103, 0.917147190557168], [-78.86951529940217, 0.916164890903309], [-78.86958569087426, 0.914778153340067], [-78.86927271860769, 0.91311313817516], [-78.86847917145481, 0.911689615995912], [-78.86803287764005, 0.911425304217742], [-78.86648221613048, 0.91126292845748], [-78.8649646014398, 0.911708821474624], [-78.86337286147463, 0.91177764789182], [-78.86187376317001, 0.912223020348431], [-78.86009250551704, 0.912398953174525], [-78.85935067483888, 0.912252567257831], [-78.85720682828499, 0.910786715787407], [-78.85690205123998, 0.910421533157968], [-78.85696950196443, 0.909421666366107], [-78.85655766461554, 0.90880703528256], [-78.85541706804143, 0.90782836254199], [-78.85478305379002, 0.907666608089403], [-78.85287738261881, 0.907504025959044], [-78.85217344011463, 0.907642591701811], [-78.85071331598057, 0.908364843570054], [-78.84994025373625, 0.90858789278942], [-78.84926533180646, 0.908695411030599], [-78.8483933245255, 0.908640860778791], [-78.8475078945233, 0.908263849846757], [-78.84718765308463, 0.907880310612995], [-78.84718534089735, 0.90745277212553], [-78.8467809235708, 0.906483622255854], [-78.84651454828943, 0.905977247738431], [-78.84619434734039, 0.905791197707912], [-78.84334684889166, 0.905934352956796], [-78.84258919954914, 0.905818699512837], [-78.84195201916273, 0.905555178568036], [-78.84101278879268, 0.904509442251795], [-78.84044029643437, 0.901965369028746], [-78.84054887751621, 0.89945472599709], [-78.84051073608222, 0.898768726086131], [-78.8402824051501, 0.89797793747692], [-78.84034332280865, 0.897400571488808], [-78.84121612268946, 0.896205792192025], [-78.84317561337743, 0.89425871105026], [-78.84371291073363, 0.893302100651979], [-78.84410388977905, 0.891457278181609], [-78.84362170480529, 0.89078280360108], [-78.84317876331028, 0.889752776171707], [-78.84364291409567, 0.889752649782642], [-78.8439302693926, 0.889375001915456], [-78.84500816937883, 0.888997547345385], [-78.84528523238974, 0.888556967585837], [-78.84511389785042, 0.8881934264337], [-78.84365552493605, 0.886435932747093], [-78.84340370015288, 0.885790811281579], [-78.84335316270673, 0.883877015914089], [-78.84392235530872, 0.882091871845497], [-78.84406858539653, 0.880508181419005], [-78.84315808543309, 0.878415691427439], [-78.84232508066638, 0.877443135419038], [-78.84246012119242, 0.876414456835279], [-78.84235916343562, 0.8759575647315], [-78.84272216967958, 0.875207656679562], [-78.84350700742282, 0.87512954623522], [-78.84524260916447, 0.874590540358386], [-78.84538271687204, 0.874121672150398], [-78.84534541417923, 0.873386267381744], [-78.84640501943052, 0.872475379205048], [-78.84763497601502, 0.870815189800968], [-78.84826238042233, 0.870247060374818], [-78.8485935321436, 0.870073846596723], [-78.84889380524046, 0.870188566926748], [-78.84988832954032, 0.870059145353248], [-78.85343537462353, 0.871095172106664], [-78.85395111793767, 0.870786169430414], [-78.85488284786811, 0.870514454443139], [-78.85602268515656, 0.871730289088794], [-78.85632451926656, 0.871876524543986], [-78.85716591051943, 0.871937506033717], [-78.85938923420858, 0.872725278173182], [-78.86026533953246, 0.871944518673613], [-78.86131678659919, 0.872102400317682], [-78.86170199111238, 0.871686396908696], [-78.86227577003311, 0.871370471377612], [-78.863424515775, 0.871646420449578], [-78.86421079661969, 0.872211387624618], [-78.86422805840226, 0.871639047240603], [-78.86446865447346, 0.87130643445639], [-78.86567076511272, 0.87118611961448], [-78.8657912414178, 0.870702187736489], [-78.86594223399398, 0.870584028658352], [-78.86705350449577, 0.870491156363126], [-78.86759963442978, 0.870783517526591], [-78.86774434016937, 0.87109655198104], [-78.86768837481465, 0.871447375550918], [-78.86717169385187, 0.872921662134514], [-78.86834307854171, 0.875150407630897], [-78.86861340262315, 0.875392563513971], [-78.86969497108207, 0.875877184230101], [-78.87053636975872, 0.87593816634388], [-78.87149744383187, 0.876936971247634], [-78.87200811026824, 0.877300265756773], [-78.8732701087276, 0.877573240565009], [-78.87456233063998, 0.877543729804276], [-78.87510308304925, 0.877846542160082], [-78.87583893228562, 0.878495111449363], [-78.87759674502581, 0.878906728180201], [-78.8777168305569, 0.879118549079321], [-78.87756597638699, 0.880177222642727], [-78.87711481091506, 0.880872720315894], [-78.87711457199782, 0.881296224375935], [-78.87753494872631, 0.881901471646921], [-78.87846623333152, 0.882446511761678], [-78.87930197878869, 0.883733714835142], [-78.88104954185745, 0.884414267416096], [-78.88203197320611, 0.884582094627581], [-78.88221236763452, 0.885117006745057], [-78.8822207602665, 0.885806458542751], [-78.88237089646073, 0.886018296852082], [-78.88375169755629, 0.885750511508566], [-78.88417654619977, 0.885849239417243], [-78.88456103468648, 0.885782343048035], [-78.88555684092995, 0.885173117081393], [-78.88588735655998, 0.885264058635394], [-78.88609754628466, 0.885566683544436], [-78.88655241103551, 0.886795495391071], [-78.88684808132808, 0.886898135399007], [-78.88811024901058, 0.886898860827492], [-78.88926079359308, 0.888064881661614], [-78.88933654685478, 0.888579234493048], [-78.88898154081517, 0.889266226263574], [-78.88906025308411, 0.889689025026777], [-78.89030279019092, 0.890372750345918], [-78.89045708638426, 0.890671856274784], [-78.89053902996503, 0.891164443956731], [-78.89030099432297, 0.892224213553914], [-78.89200532651297, 0.892369604934657], [-78.8927442280373, 0.891837200986509], [-78.89420932551202, 0.891466302432299], [-78.89410834288599, 0.892253389705253], [-78.8942916665688, 0.893040221376481], [-78.89522660456494, 0.894131207304995], [-78.89619643679028, 0.895595792282894], [-78.8963710263859, 0.896447689440861], [-78.89664808648688, 0.896697514947985], [-78.8972169821877, 0.896874077977999], [-78.89864740550485, 0.897028785036617], [-78.89843137208848, 0.897506473188635], [-78.89849580760104, 0.898016901608069], [-78.89878670660568, 0.89867949302969], [-78.89855950552449, 0.899819597453633], [-78.89863485452625, 0.900112844467548], [-78.8997974995676, 0.901275474531321], [-78.90126459280143, 0.901421118866394], [-78.90173914313856, 0.901638582538644], [-78.90301614508245, 0.903010023668295], [-78.90288108467429, 0.90441925665367], [-78.90299606901122, 0.904573768850696], [-78.90489445117727, 0.905134736983568], [-78.90537315682968, 0.90646710634338], [-78.90594807841651, 0.907239668202056], [-78.90654227896209, 0.907838490424107], [-78.90821033151185, 0.908727525031323], [-78.90933138201974, 0.909615431607011], [-78.91288016242534, 0.914795726700461], [-78.90885193615779, 0.925225554964454], [-78.9095970821951, 0.926131205256468], [-78.91082163435449, 0.927118873901116], [-78.91067440898604, 0.927904741234035], [-78.91111256698294, 0.928940585457142], [-78.91094907615528, 0.930044242643734], [-78.91121057095357, 0.931212074742875], [-78.91175275937871, 0.931754601609667], [-78.9131905496567, 0.93212163019453], [-78.91490501158793, 0.931680625461242], [-78.91545775130042, 0.931237480734314], [-78.91603325338156, 0.931035298962426], [-78.91737395120808, 0.930946407197123], [-78.91784855469787, 0.931104459752478], [-78.91780599597466, 0.93260673335332], [-78.91835696293455, 0.934720913250989], [-78.91858636140879, 0.936246314655617], [-78.9191902604295, 0.938002855128302], [-78.92010317210854, 0.939095680063605], [-78.92037429336779, 0.939171789361772], [-78.92114360065995, 0.9390204467971], [-78.92176428851445, 0.939270448747455], [-78.92189789545907, 0.939498912041045], [-78.92207965425116, 0.940776285797629], [-78.92295535250899, 0.941615211316761], [-78.9235250121959, 0.942490751980103], [-78.92421607914564, 0.942961767247], [-78.92512283272609, 0.943840495040413], [-78.92542436015283, 0.944293827236753], [-78.92452786522254, 0.945047967131194], [-78.92344009453375, 0.946939930072048], [-78.92348016014203, 0.947382797650437], [-78.92425346371631, 0.948477371878368], [-78.91986841491672, 0.956692257905736], [-78.91920411383, 0.956411967561463]]]}, "properties": {"PROVINCIA": "ESMERALDAS", "CANTON": "ELOY ALFARO", "PARROQUIA": "SELVA ALEGRE", "NUM_SECTORES": 1, "CASOS": 10, "CIRCUNSCRIPCION": "CIRCUNSCRIPCIÓN RURAL", "TIPOLOGIAS": "F", "ETIQUETA": "SELVA ALEGRE\n1 sectores (10 casos)"}}, {"type": "Feature", "geometry": {"type": "Polygon", "coordinates": [[[-78.94784540864983, 0.842688649337413], [-78.94740668002875, 0.842160138972561], [-78.94691306331676, 0.841246419532413], [-78.94611526762883, 0.838972951222288], [-78.94580110438608, 0.837285804592653], [-78.94592697690125, 0.836556863874292], [-78.94622541363061, 0.835812223022159], [-78.94630449753082, 0.834559529763282], [-78.94587790403112, 0.83333466987927], [-78.94425413399803, 0.831759974323516], [-78.94356776202157, 0.831314624845139], [-78.94103823551038, 0.830252896644118], [-78.93893220870785, 0.828708532412355], [-78.93796399035507, 0.827657094341501], [-78.9374562902435, 0.827278115158922], [-78.93700491325185, 0.827116925787258], [-78.93644062606542, 0.827040887935496], [-78.93591385753996, 0.827163693429733], [-78.93524590953301, 0.827475782110555], [-78.93342990156945, 0.828942340603803], [-78.93293137352563, 0.829017821768591], [-78.93237653763643, 0.828856577453814], [-78.93182181404356, 0.828477572886114], [-78.93133340983759, 0.82717075988468], [-78.93097602377583, 0.827132700729953], [-78.93042089339752, 0.827539524338483], [-78.93020393444397, 0.828760756320923], [-78.92998748808154, 0.828997336913937], [-78.9293384021002, 0.829214754269787], [-78.92853894512592, 0.82920959995448], [-78.92806877840641, 0.829010528546031], [-78.9277210177514, 0.828551158214632], [-78.92733639215129, 0.826633729888026], [-78.92716257229527, 0.826288065052883], [-78.92692281775777, 0.826126987021417], [-78.92666882642862, 0.826216796768688], [-78.92652268657656, 0.826903133497847], [-78.92678048322271, 0.828541194627345], [-78.92668151522915, 0.82894825658697], [-78.92624873978723, 0.829191823387429], [-78.92583256697925, 0.829163200500856], [-78.92553206691102, 0.828935801738896], [-78.92528487376995, 0.828963428205959], [-78.92504929347399, 0.829116373541592], [-78.92404987334982, 0.830534248136848], [-78.92286216049492, 0.830642567582597], [-78.92259850252228, 0.832786936540421], [-78.92145943623724, 0.834500563132858], [-78.92091220798112, 0.834959389181216], [-78.92014658780225, 0.834476809045613], [-78.91918883754863, 0.833335016832792], [-78.91833527300697, 0.832025113219033], [-78.91755773479892, 0.831492168528521], [-78.91692224163593, 0.831564432382871], [-78.91522384743226, 0.832331314019747], [-78.91436920799453, 0.831705746050915], [-78.91398990839166, 0.831710697716851], [-78.91357062681072, 0.831912365849516], [-78.91268026964939, 0.833335207387926], [-78.9120609782885, 0.833630755405476], [-78.91165549461259, 0.833555858173118], [-78.91136675908388, 0.833335097577405], [-78.91124909543898, 0.833002678576781], [-78.91140466900796, 0.832129015584276], [-78.91131974042325, 0.831885851207366], [-78.91102544387611, 0.831652249411347], [-78.91046299730914, 0.83150819389096], [-78.90973266078899, 0.830553411630441], [-78.90934670442934, 0.830238571109052], [-78.90888801144703, 0.830408392411034], [-78.90858226153922, 0.830947629302035], [-78.90829181392277, 0.831081646274993], [-78.9080119837583, 0.831007087743897], [-78.9071744124411, 0.830386774818849], [-78.90683258511547, 0.830359559323685], [-78.9065775215962, 0.830501099209216], [-78.90641090672462, 0.83119338676061], [-78.90660335875975, 0.831922030866299], [-78.90699636676696, 0.832658557815039], [-78.90682944458521, 0.833080422290686], [-78.90555775474611, 0.832697931424202], [-78.90471151081283, 0.832004741276897], [-78.90412844616071, 0.831958680928615], [-78.903529057313, 0.831703940887046], [-78.90294491574637, 0.831828939382765], [-78.90222509706587, 0.832225733730049], [-78.90176369536405, 0.831745308982857], [-78.90128962403021, 0.829574989328054], [-78.90091347629524, 0.828887115853296], [-78.90061268477623, 0.828711556333061], [-78.90022784718731, 0.828837475403165], [-78.8995266700238, 0.829485172578601], [-78.89925896888253, 0.829410078140688], [-78.89865515555383, 0.828861679493821], [-78.89811009125538, 0.829147450814442], [-78.89770611931989, 0.829109081095824], [-78.89692866266543, 0.82844721388444], [-78.8967988016761, 0.828593249643218], [-78.89679954182913, 0.829403066866094], [-78.89655016749424, 0.829659069472373], [-78.89633360091335, 0.829697830508744], [-78.89572566996743, 0.8294661417949], [-78.89521551814636, 0.830141694728065], [-78.89481629665444, 0.830292919981574], [-78.8941168497762, 0.829541225663106], [-78.89363447643485, 0.829490246318712], [-78.89335197945407, 0.830219262935404], [-78.89311653733104, 0.830455200767956], [-78.8929145366749, 0.830295335419806], [-78.89266083836722, 0.829556538343695], [-78.89233798461464, 0.829325183360022], [-78.89193150006008, 0.829285546037445], [-78.8906440917496, 0.829607533169932], [-78.89020025343129, 0.82989145737163], [-78.88952756123534, 0.830687347335183], [-78.88827540693974, 0.831096507300785], [-78.88782716765661, 0.831040934359705], [-78.88717632035733, 0.830449385981], [-78.88676649893792, 0.830267258384963], [-78.88511574593485, 0.830340054443235], [-78.88461795949571, 0.829721466096223], [-78.88426680255196, 0.829513964855833], [-78.88398825985587, 0.829562636748305], [-78.88298838605057, 0.830166584843646], [-78.88261589881584, 0.830211679806249], [-78.8812357615035, 0.829610427419208], [-78.88023436133153, 0.828528485597055], [-78.87899857319954, 0.827562325092186], [-78.88028722035122, 0.823910264921031], [-78.87854685754856, 0.823512311381561], [-78.87781807680345, 0.823475239380726], [-78.87588648413295, 0.823987747958886], [-78.87526714074201, 0.823730642731934], [-78.87468441204123, 0.823143422182303], [-78.87413858791123, 0.821675861552655], [-78.87362891542924, 0.820758546306625], [-78.87319183026469, 0.82039149535426], [-78.87213513106877, 0.820280884153239], [-78.87064090317253, 0.820646900088878], [-78.86958412899847, 0.820683015501273], [-78.86774927930942, 0.821541280407437], [-78.86584403660719, 0.821576872073362], [-78.86473456162022, 0.821878718304589], [-78.86413761654596, 0.821716591554311], [-78.8636247488986, 0.821777955795474], [-78.86315757320297, 0.822278531065903], [-78.86225101185539, 0.822801976699429], [-78.86075383013224, 0.822862815161611], [-78.86001149716294, 0.822623559680769], [-78.85810570603616, 0.822414494502749], [-78.85745530707965, 0.822021187995481], [-78.85600206943809, 0.820024808991241], [-78.85572945443698, 0.819292654824322], [-78.85550557866202, 0.818082883660434], [-78.85294250900678, 0.816039684066742], [-78.8524450959543, 0.815200960849905], [-78.8519863985999, 0.814790964708527], [-78.8513441903767, 0.813388315703005], [-78.85102717585089, 0.813078120873073], [-78.85003568229784, 0.812717281940993], [-78.84823840237364, 0.811714978781881], [-78.84782170399957, 0.811652192642695], [-78.84601055332824, 0.810912165529234], [-78.8444189688061, 0.810648912466268], [-78.84373043738825, 0.809369956641494], [-78.84219248064598, 0.808382903003094], [-78.84168479240878, 0.808310660812136], [-78.8405072632443, 0.810862983474112], [-78.83948093257796, 0.812141447228581], [-78.83778615046445, 0.812016390668758], [-78.83606659105111, 0.813295341617525], [-78.83528586486835, 0.813310329161185], [-78.83386241958429, 0.812908906658332], [-78.83208638634989, 0.813447288079951], [-78.8314950648736, 0.813257640737177], [-78.82979113564917, 0.811627698319302], [-78.8291483025209, 0.811427024815061], [-78.82819920925743, 0.811411101857526], [-78.82727494259662, 0.811179147129066], [-78.82674531838768, 0.810701470427571], [-78.82627852756225, 0.809584544276581], [-78.82447290894707, 0.809128455847659], [-78.82375372254901, 0.808581023758052], [-78.82315682868729, 0.808357261775879], [-78.82273585734666, 0.808357034500757], [-78.8223528976297, 0.808842231218375], [-78.82197015653213, 0.80891907300001], [-78.8209059326475, 0.808748086560686], [-78.81984243183683, 0.808748416412871], [-78.81855682491319, 0.808254614044272], [-78.81733346819595, 0.805850055249274], [-78.81669059103677, 0.805741841163483], [-78.81571077560005, 0.80594163655217], [-78.81436338108956, 0.806495653335632], [-78.81331816068274, 0.807278485175892], [-78.81313797221824, 0.807943487591369], [-78.81238764529996, 0.808389957929737], [-78.81108622392523, 0.808851537276944], [-78.80819091338755, 0.809126285195499], [-78.80627911703588, 0.809650216401392], [-78.80574320073173, 0.809911885345216], [-78.80540644493612, 0.809880883170769], [-78.80485566019975, 0.809325841679746], [-78.80135015866324, 0.809339339257642], [-78.80103804680748, 0.810316235253242], [-78.80113683380523, 0.810822562380696], [-78.8010886121247, 0.811773885557933], [-78.80042913260512, 0.814069527026436], [-78.8000118818897, 0.814959460874772], [-78.79867667991266, 0.816280639325653], [-78.79854474757032, 0.816873001837074], [-78.79794735736105, 0.81758150367835], [-78.7966264741303, 0.818311194507534], [-78.79628736016832, 0.818790879927398], [-78.79587941579936, 0.820122907043497], [-78.79540477288124, 0.820307556623744], [-78.79514434544467, 0.820661827183869], [-78.79521235717898, 0.821381669405086], [-78.79537338835684, 0.821709790919222], [-78.79536942268906, 0.822548802026687], [-78.79500510435987, 0.823342978315248], [-78.79229447169519, 0.82543713649592], [-78.79129167239208, 0.82569082982808], [-78.78925080840501, 0.825004629539908], [-78.7877687367983, 0.824257757277437], [-78.7856366410315, 0.822904755777349], [-78.78316600386484, 0.8215515678989], [-78.782602482976, 0.821089506990361], [-78.78234293098994, 0.820244741062881], [-78.78234428025621, 0.817791044480511], [-78.78220069165991, 0.817130836310665], [-78.78200610110036, 0.816762557521781], [-78.78040425844851, 0.816635940313369], [-78.78026958655519, 0.816227064703438], [-78.78046119176301, 0.815097748654524], [-78.7803713123833, 0.814370678198568], [-78.78067696398872, 0.812610094859596], [-78.78107245794696, 0.811617229930445], [-78.78103701033983, 0.810775380910228], [-78.78089848956846, 0.810575866314284], [-78.78061411338818, 0.810655071106232], [-78.78040485031715, 0.811563223044343], [-78.78002829731633, 0.812169045029509], [-78.77892140259026, 0.81294343107785], [-78.77813787407193, 0.813146602387277], [-78.77605480926431, 0.812250805553244], [-78.77417705829023, 0.812379300249969], [-78.7732348253593, 0.811440124169043], [-78.77238300297167, 0.810276873699586], [-78.77195131532059, 0.809959995088787], [-78.7714653954475, 0.809855172796779], [-78.77026627907263, 0.810020580869751], [-78.76919031112672, 0.810365880006741], [-78.76704547247864, 0.811727841204642], [-78.76271163225576, 0.812679632118315], [-78.76171876949746, 0.812338291370951], [-78.76015249088951, 0.811191293098287], [-78.75969953903567, 0.811030817801142], [-78.75867246765118, 0.811336952824052], [-78.75824342118071, 0.811757015442056], [-78.75783708719199, 0.811915822352343], [-78.75684424785955, 0.811540403686727], [-78.75562604262262, 0.810678350553087], [-78.75469884060222, 0.810250408151601], [-78.75367774817576, 0.810092666193276], [-78.75341917367916, 0.809913016778457], [-78.75297882670107, 0.808596021274166], [-78.75300294289383, 0.807950216836805], [-78.75287253976695, 0.807455123912269], [-78.75261501431318, 0.807016966622378], [-78.75153447967898, 0.806691288321228], [-78.75091140848401, 0.806357169826597], [-78.75027994588676, 0.805591382615746], [-78.74959568519436, 0.805053305596629], [-78.74851607645016, 0.805013891007364], [-78.74757171523478, 0.804440856889385], [-78.74746536133746, 0.804119545779268], [-78.74759991060773, 0.802991168102121], [-78.7477442987585, 0.802721832126458], [-78.74905398780382, 0.801920284053692], [-78.74927992639383, 0.800764160185294], [-78.74913658104812, 0.800079133026543], [-78.74876476508925, 0.799617091889765], [-78.74878913461959, 0.79925013461158], [-78.74895326584566, 0.798774751301212], [-78.74965734835642, 0.798047373132668], [-78.75000161294852, 0.796450217324447], [-78.75095115368376, 0.795554339173277], [-78.75141442166823, 0.794441365448772], [-78.75130073868013, 0.793952583534914], [-78.75083870358353, 0.793086904237875], [-78.75133833206469, 0.789056935298534], [-78.75131623246276, 0.788182244035317], [-78.75098967045756, 0.78689844658783], [-78.75114810405981, 0.786057931721184], [-78.75104846111027, 0.784420716665821], [-78.75117946890596, 0.783811126149292], [-78.75174257243386, 0.782596777517321], [-78.7524631304004, 0.781672615686581], [-78.7527874443232, 0.78149634381191], [-78.75427895522212, 0.780088195892005], [-78.75460802968, 0.778348837053199], [-78.75500051025124, 0.777801663122011], [-78.75538153577276, 0.77687535468577], [-78.75546734889714, 0.776358745887656], [-78.75534012002059, 0.775768494743714], [-78.75477833024354, 0.773699317550937], [-78.7542174783049, 0.772650205052836], [-78.7542135173908, 0.7722578094603], [-78.75448171466199, 0.771442640447696], [-78.75542613432317, 0.769627460793009], [-78.75564903046477, 0.767703411597572], [-78.75587058355747, 0.766777278891267], [-78.756415836547, 0.765438772483859], [-78.75646409676607, 0.765080724470655], [-78.75613140596974, 0.764082403444493], [-78.7561476512182, 0.763659689516822], [-78.75669754761903, 0.763167069600974], [-78.75693525008799, 0.762771622537284], [-78.75749660522625, 0.756896881336123], [-78.75729920198262, 0.756391307827215], [-78.75674827581562, 0.75574041815612], [-78.75661086249023, 0.755296645097063], [-78.75754322314695, 0.753903201933353], [-78.75792484055306, 0.752925874648289], [-78.75797129893935, 0.75255505903362], [-78.75768077172738, 0.751685500471216], [-78.75755386250464, 0.75016531859407], [-78.75839025664733, 0.747518980921111], [-78.75907876993037, 0.747201267807437], [-78.76072159840876, 0.747099730419207], [-78.76080523236236, 0.746948358401558], [-78.75987844333919, 0.745465678312219], [-78.75969098644073, 0.74439141372333], [-78.75973490040063, 0.743975496513488], [-78.76094051241887, 0.742654714273115], [-78.76134509147768, 0.742028684811502], [-78.7620386956323, 0.74182766617173], [-78.76292470786841, 0.741779885236164], [-78.76287429623906, 0.741527638082162], [-78.76169698205638, 0.740937693711122], [-78.76154977794347, 0.740707993906526], [-78.76149716952749, 0.740210705391967], [-78.76148625563944, 0.739472329240883], [-78.76165036377985, 0.738730920257567], [-78.76214571040863, 0.737876823678467], [-78.76242762893197, 0.736762415334659], [-78.76465287371416, 0.737134323779305], [-78.76495146546684, 0.737002619987232], [-78.76522490401585, 0.73663200792748], [-78.76547420917178, 0.735858651997772], [-78.76555942296552, 0.735253204978876], [-78.76540362472939, 0.734046202076426], [-78.76418668693319, 0.732561399877966], [-78.76352152881637, 0.731300153715604], [-78.76328498278893, 0.730436707597379], [-78.76320382244212, 0.728633735926071], [-78.76358244578829, 0.726969138650831], [-78.76298868027774, 0.72546730645394], [-78.76276445803654, 0.725222116111239], [-78.76261083101447, 0.724518038957915], [-78.76266864793598, 0.723921153660311], [-78.76179591098717, 0.722965948373455], [-78.76136513278549, 0.721916364112196], [-78.76102667902045, 0.721683491403502], [-78.76012638709837, 0.721575436911061], [-78.75979634918158, 0.721344686710504], [-78.75962214922808, 0.721074611515573], [-78.75908173442413, 0.718942220184147], [-78.75826553812902, 0.717746504126387], [-78.7580873495199, 0.716991582972593], [-78.75785381237391, 0.716575397528767], [-78.75727740222365, 0.716143417062425], [-78.7552050433121, 0.715215241828132], [-78.75399350246782, 0.714993247844242], [-78.75302814440143, 0.715085977604975], [-78.75094352500363, 0.714416080475111], [-78.75028272574174, 0.714401283001824], [-78.74945432000031, 0.714622346751795], [-78.7486837258788, 0.714667380261633], [-78.74779282097538, 0.714994335437873], [-78.74699269519616, 0.71552579036474], [-78.74590962396198, 0.715085192174224], [-78.7451825792597, 0.715013075597694], [-78.74443752284165, 0.715044047730286], [-78.74285024789931, 0.715446733153373], [-78.7425338552796, 0.715312012521384], [-78.74238358794945, 0.71494028961748], [-78.7416822374227, 0.714284968729634], [-78.74099341181625, 0.714104831300865], [-78.74021517070437, 0.714155816204077], [-78.73960285444376, 0.71405277185423], [-78.73911279287603, 0.713823430306372], [-78.73871579722451, 0.713391655950213], [-78.73850581669949, 0.712571233626215], [-78.73892527657222, 0.709959492767401], [-78.7388449859328, 0.708938114708305], [-78.73859784118022, 0.708221735629327], [-78.73829187655795, 0.707772095360249], [-78.73901948137663, 0.706899155590852], [-78.73914745596613, 0.706077292213474], [-78.7385103387588, 0.704497340291266], [-78.73737553275042, 0.703212527278988], [-78.73633131559485, 0.702789651402388], [-78.7355386648737, 0.702749297775063], [-78.73459628160701, 0.702477912319493], [-78.73248591328428, 0.701707382168903], [-78.73175008167222, 0.701899839694144], [-78.73125237113852, 0.702246344648127], [-78.73018086952143, 0.701976127609801], [-78.72863724207768, 0.701911160597243], [-78.72732025054881, 0.702087617043048], [-78.72688953226923, 0.701769037923608], [-78.72663586381732, 0.700967571023257], [-78.72597168874296, 0.700330229926059], [-78.72532163969836, 0.699122720151973], [-78.72513661834932, 0.698595867267409], [-78.7251276090239, 0.697942943529145], [-78.72527863727663, 0.697629681841784], [-78.72515620689825, 0.69737068595243], [-78.72481428224533, 0.697296985357853], [-78.72417067728763, 0.697430197301863], [-78.72323059061902, 0.696681632164913], [-78.72267567044574, 0.696623570474377], [-78.7222420594732, 0.69632798298337], [-78.72189782494873, 0.695878330654677], [-78.72006139079872, 0.694554666407701], [-78.71980645261375, 0.694117899837823], [-78.71992783171657, 0.692826486799724], [-78.72043272607965, 0.691690983705852], [-78.72050952831239, 0.6911516390624], [-78.72103321162743, 0.689829120545359], [-78.72104622557731, 0.689289744819884], [-78.72033033184222, 0.686475208498369], [-78.71894086747675, 0.683389998028611], [-78.71911432160347, 0.682216014200668], [-78.71951098992324, 0.681043246567258], [-78.71940454297028, 0.680787268226483], [-78.71856841635206, 0.680141203618974], [-78.71820596157205, 0.679489612762705], [-78.71732776182304, 0.678473202552227], [-78.71622806059517, 0.677811279552615], [-78.71600457520303, 0.677541011003658], [-78.71598731660612, 0.677074187311078], [-78.71669030150083, 0.674223507352366], [-78.71676082283525, 0.67351996813026], [-78.71661723186551, 0.671970612994155], [-78.71662916165981, 0.669286711857349], [-78.71647599003894, 0.668701174346159], [-78.71580677997511, 0.667512940042738], [-78.71509259151318, 0.667037437654834], [-78.7139416704801, 0.666667435929639], [-78.71249359455848, 0.665842412260003], [-78.71149607911353, 0.665583044724164], [-78.70905032393215, 0.664318170062304], [-78.70815974752014, 0.664371760106221], [-78.70726052021445, 0.664941119241688], [-78.7065087376151, 0.665754740638496], [-78.70630143545056, 0.665855877121128], [-78.70603355047534, 0.665730599058209], [-78.70592488448145, 0.665562665333336], [-78.70594932205081, 0.664683958595642], [-78.70576719427815, 0.664089813239191], [-78.70566041198018, 0.662977250975447], [-78.70480161027159, 0.660330018702897], [-78.70424647744704, 0.65783527662348], [-78.70405440079892, 0.655523757531761], [-78.7037974503573, 0.654303117246364], [-78.70306079569391, 0.652321137748231], [-78.70126674360488, 0.651115637584184], [-78.69930358700167, 0.650380265007939], [-78.6975016309943, 0.649083313760491], [-78.69672974855774, 0.647678827538185], [-78.69663659310281, 0.645911842707873], [-78.69684756764909, 0.644240724146988], [-78.69615596940953, 0.642547318542406], [-78.69607510666978, 0.641640304496173], [-78.69621877817244, 0.6386705433861], [-78.6958972998186, 0.637763112771787], [-78.69600498342992, 0.6368882794388], [-78.69625341467705, 0.63648002452534], [-78.69652389835481, 0.635047767006491], [-78.69637429450667, 0.634433074100847], [-78.69645158484907, 0.630627292303966], [-78.69665189450284, 0.629759894856369], [-78.69729612093246, 0.628701681179911], [-78.69865434721339, 0.627207553413741], [-78.69897329805487, 0.626632662778235], [-78.6991541992436, 0.625707773943046], [-78.69914350774891, 0.624274074722133], [-78.69875784127738, 0.622912973261727], [-78.69787879128219, 0.621162819503134], [-78.69701069781988, 0.620494573532987], [-78.6968351024948, 0.618709649427661], [-78.69749444482488, 0.616734228306483], [-78.699379862147, 0.614534380656958], [-78.7035909521156, 0.611530762396363], [-78.70472181133907, 0.610000161433153], [-78.70485800112994, 0.609219876431264], [-78.70548071694208, 0.608248044971818], [-78.70591040312866, 0.607038506314282], [-78.70591627036845, 0.605890093686058], [-78.70670003874724, 0.605049797329765], [-78.7079293986957, 0.602589311248171], [-78.70862042655347, 0.602438406045988], [-78.71319749437276, 0.602710354517096], [-78.71531126456392, 0.602549230113732], [-78.7168775416779, 0.603089950027248], [-78.71843326141172, 0.603220221958364], [-78.7191950552928, 0.60322054358189], [-78.71965646783465, 0.603112725502493], [-78.72004285561606, 0.602810454868018], [-78.72143777600247, 0.602605819885778], [-78.72261829133086, 0.601958244168733], [-78.7270618148314, 0.598330889562584], [-78.72811661715667, 0.597850531227951], [-78.72953030229618, 0.596646920910613], [-78.73076545249182, 0.594205465609646], [-78.73114118387116, 0.593104768491484], [-78.73182820914482, 0.592284154087217], [-78.73517638914527, 0.590924567665826], [-78.73825696730839, 0.590667871165725], [-78.7416573863775, 0.590149526528083], [-78.7435103446868, 0.589639705450293], [-78.747012354428, 0.587980631647567], [-78.74852535074146, 0.587700409353012], [-78.75000237283581, 0.587195328772724], [-78.75248933601272, 0.56444316773513], [-78.75305521181407, 0.565761825761277], [-78.75371418917999, 0.566906585632511], [-78.75560732599556, 0.569662452567985], [-78.75630251147345, 0.570298079141057], [-78.75714225815385, 0.570754402917662], [-78.7593049991341, 0.571389883929758], [-78.7608400675625, 0.572367206275687], [-78.76242965263506, 0.574261063538435], [-78.76333597074479, 0.576038756871312], [-78.76401426156724, 0.576708554825716], [-78.77044131974485, 0.581268093729009], [-78.77208836068952, 0.582990406100095], [-78.77318661180595, 0.583342877888376], [-78.77430922844799, 0.583167759947133], [-78.77824447906927, 0.581459865316216], [-78.77880264666648, 0.581369862706028], [-78.77938156554832, 0.581493403990925], [-78.78052121454593, 0.582095589237838], [-78.78168689527958, 0.582958874569094], [-78.78262341972236, 0.583990765475421], [-78.78398447073936, 0.586113109978054], [-78.78464578659685, 0.587719508338304], [-78.7850608623921, 0.588177485075448], [-78.78551503691443, 0.588322495452212], [-78.78694148360871, 0.587895991650831], [-78.78805679140673, 0.58783821579132], [-78.78916266758196, 0.588016122363722], [-78.79159342162235, 0.590057360522066], [-78.79245953420673, 0.590429815584484], [-78.79661818490702, 0.590325883136221], [-78.79912258478078, 0.591019481314994], [-78.80550102714972, 0.591493762949094], [-78.80734148330538, 0.590905503532388], [-78.80890106871392, 0.590054168934963], [-78.8098068902669, 0.590245888917914], [-78.8115443886279, 0.590360199001073], [-78.81252142167446, 0.590743308408247], [-78.81304416250751, 0.590764445687015], [-78.81305017245613, 0.590585046796573], [-78.81272653392996, 0.590306846540126], [-78.81277116188926, 0.590112513327818], [-78.81349858929171, 0.589719912627271], [-78.81425595490809, 0.589787188245364], [-78.81465720769668, 0.589069741965114], [-78.81510520738914, 0.588815168688766], [-78.81587260356005, 0.5890594580087], [-78.81643628819259, 0.589449579300318], [-78.81619455344492, 0.587778417995763], [-78.81540990029707, 0.586079775449754], [-78.81465465531514, 0.58513941514426], [-78.81297871776547, 0.582510530358995], [-78.81308978487907, 0.58101077966348], [-78.812983164693, 0.580217785353064], [-78.81337190592191, 0.579579268245757], [-78.8133118055248, 0.578298319809255], [-78.81399569592053, 0.575910993730577], [-78.81398000499256, 0.574476573913824], [-78.81385681689241, 0.573500583599924], [-78.81328211792486, 0.572648805232039], [-78.81318373060745, 0.571278740290511], [-78.81245966160884, 0.569562191302432], [-78.81183011407936, 0.56923304943777], [-78.81074315956006, 0.568915691999941], [-78.80997111732178, 0.568395134463619], [-78.80850289505771, 0.567820192488008], [-78.80790337741128, 0.566622763966682], [-78.8072905459987, 0.566077153069113], [-78.80705535331406, 0.56596224652352], [-78.80617917184514, 0.565937993124525], [-78.80506854185951, 0.565405349361041], [-78.80366669090299, 0.565267275135146], [-78.80344695636467, 0.565120681961996], [-78.80293335943063, 0.564492586108703], [-78.80254754075017, 0.563700089653241], [-78.80171007493638, 0.563406751816758], [-78.80024907948084, 0.56258992755555], [-78.79952304629225, 0.561364951175271], [-78.79899604821921, 0.560037194627042], [-78.79866328082525, 0.558645726420641], [-78.79881108252164, 0.557344538164494], [-78.79911065444217, 0.55684711665311], [-78.79987595550806, 0.556311597400843], [-78.80000439109874, 0.555971982419084], [-78.79989053441905, 0.555440916101217], [-78.798954882517, 0.554010153689699], [-78.79899789213795, 0.553359547680219], [-78.79934054293365, 0.552020158775459], [-78.79886107447737, 0.550651760591695], [-78.79917083852907, 0.548269449414325], [-78.7997082335021, 0.54717889919316], [-78.79966418209807, 0.546131667868693], [-78.80000948541594, 0.544008899350632], [-78.79867676492765, 0.543276459664797], [-78.79813092997806, 0.54225906463534], [-78.79667887716823, 0.541346586446825], [-78.7962164289818, 0.540586483147473], [-78.79597409918715, 0.540500282248447], [-78.7956319500327, 0.540481021923027], [-78.79508536748656, 0.540715236674602], [-78.79515140461115, 0.542078693537783], [-78.79476143838326, 0.54287747395788], [-78.79382010154497, 0.544001360971818], [-78.7929646980044, 0.544044101555527], [-78.79163909511334, 0.543359506213517], [-78.79145392565994, 0.542904961912643], [-78.79183921445535, 0.541900471455269], [-78.79188732452475, 0.540273941630839], [-78.79048516716144, 0.537735537604552], [-78.79030691388267, 0.536766401507174], [-78.90971852390285, 0.441120668042608], [-78.91030272055715, 0.439892579235417], [-78.91038826366054, 0.439084857885168], [-78.9103456698054, 0.437879285352291], [-78.910018014708, 0.436683940096398], [-78.90822103664708, 0.432667227604975], [-78.90609435600321, 0.429007290379382], [-78.90540856708901, 0.427365034321456], [-78.90501986631973, 0.426056934069673], [-78.90501777795585, 0.407940555117543], [-78.91139539571273, 0.406396454338603], [-78.91099898361014, 0.401543711639914], [-78.91221395564075, 0.40093377509617], [-78.91321895441598, 0.400169864133022], [-78.91420428769358, 0.398931865060684], [-78.91608587338774, 0.396129774346762], [-78.91697110620703, 0.395118005866437], [-78.9177971724956, 0.394450896247052], [-78.92164098063455, 0.393396909354648], [-78.92329829277882, 0.393417493405832], [-78.9267006940493, 0.393807441733919], [-78.92774836765514, 0.393700495352188], [-78.92950769003284, 0.392234909176436], [-78.93146836291073, 0.391123023560646], [-78.93384889578685, 0.390246535231979], [-78.93569348263301, 0.388892605127814], [-78.93703639216494, 0.38748073494791], [-78.93763295486835, 0.387027157950703], [-78.93957489993372, 0.38475742190194], [-78.94079057920553, 0.383674412433043], [-78.94214911586838, 0.382842373455792], [-78.94292145618597, 0.382603338050364], [-78.94347164052775, 0.382021593408356], [-78.94389549853453, 0.380081410283071], [-78.9444327868876, 0.379111930464151], [-78.9451107806566, 0.378117558019345], [-78.94809282622404, 0.374904724664966], [-78.94966771890762, 0.372243740470577], [-78.95223578462713, 0.36864639473065], [-78.95276020177899, 0.367487739868046], [-78.95354870080975, 0.364695949649083], [-78.9549604086969, 0.361144886371476], [-78.95778525901979, 0.355529849048501], [-78.95904129984459, 0.351541829163863], [-78.96124307544389, 0.349282375745139], [-78.96247836246165, 0.348436200744157], [-78.96594218853437, 0.345468646347461], [-78.96716975650601, 0.344641361440238], [-78.96786784628263, 0.344575937383647], [-78.96884504780509, 0.344234054253494], [-78.9711295752618, 0.342694739489228], [-78.97233790812724, 0.342504304226976], [-78.97276759110152, 0.342548835281006], [-78.97349051586214, 0.34224549663627], [-78.97690956274512, 0.338979724563534], [-78.97778710283097, 0.337751490450849], [-78.98009437509307, 0.335859669924742], [-78.98215355008548, 0.334408479181017], [-78.98256950367349, 0.333918148067385], [-78.98339435536303, 0.331828600510812], [-78.98380216556636, 0.331219910238395], [-78.98465826156082, 0.330545923687288], [-78.98787324200833, 0.328677795672624], [-78.9885327330493, 0.328637213784164], [-78.98978025052911, 0.328870714683545], [-78.99037531363888, 0.328750529089318], [-78.99145851942822, 0.327992656832688], [-78.99206972409866, 0.327282462037231], [-78.99299132499749, 0.326706441358106], [-78.99483211656988, 0.32588289343658], [-78.99576141496946, 0.325781389061866], [-78.99619366148718, 0.325400509096396], [-78.99654872412171, 0.324754511381596], [-78.99696728048687, 0.324345010165864], [-78.99819707706187, 0.323403967167988], [-78.99889565047717, 0.323134814352224], [-79.00048198061545, 0.321538053885869], [-79.00078012329142, 0.320986459113219], [-79.00200507294808, 0.320239582049857], [-79.00284554441666, 0.319141564231526], [-79.00373021531784, 0.318651673428122], [-79.00467387535652, 0.318573049314298], [-79.00615994926548, 0.317618745886092], [-79.00742701198212, 0.317504699961336], [-79.00943017221829, 0.317992323937304], [-79.01095557468976, 0.317607390452321], [-79.01183913102136, 0.316678481257663], [-79.01200233915705, 0.315974767328963], [-79.01251022118208, 0.314850483552749], [-79.01340178776857, 0.314064898255594], [-79.01648470403586, 0.313003891983534], [-79.01756122575773, 0.312817494687068], [-79.01856984387626, 0.312840899711452], [-79.0192633617824, 0.312376199028223], [-79.02133196964806, 0.309281143474242], [-79.02261433435038, 0.306930593740184], [-79.0229189848749, 0.306675107681163], [-79.02342667431783, 0.306572984419888], [-79.02423894052357, 0.30662424380747], [-79.02682799420575, 0.30703359446453], [-79.02779923041642, 0.307344690259838], [-79.02890162750366, 0.307193143720419], [-79.03185595974031, 0.306236975483215], [-79.03601736225991, 0.304479850405835], [-79.04091426138386, 0.304820824040805], [-79.04175410395445, 0.304480901312577], [-79.04231265101065, 0.303918802046916], [-79.04285955294, 0.303593896278274], [-79.04321840763852, 0.303476735771683], [-79.04398806090637, 0.303510234626885], [-79.04464795896217, 0.303970338008585], [-79.04606913588214, 0.305759421489335], [-79.04657648085904, 0.307599448539597], [-79.04638178150317, 0.308916767639722], [-79.04672833691195, 0.310052722780976], [-79.04813479519774, 0.313075516492438], [-79.04875819585948, 0.314704051400668], [-79.048979720159, 0.316874415695938], [-79.04925326920069, 0.317417888308295], [-79.0497729632033, 0.317873024736086], [-79.05062658183637, 0.318092082174597], [-79.05102876284246, 0.318600277138617], [-79.0514462975328, 0.318853014899413], [-79.05205108607501, 0.318878249870572], [-79.05271727267551, 0.319151321063223], [-79.05345172734252, 0.320196719037905], [-79.05522190991255, 0.321465021588236], [-79.05629014382818, 0.322562146211403], [-79.05641218590603, 0.322832580961029], [-79.05260011900607, 0.329151680079442], [-79.05256428887311, 0.330041591624084], [-79.05237847918997, 0.330394737429365], [-79.05202610586377, 0.330970555858148], [-79.05102537502557, 0.331856839665517], [-79.05079672538407, 0.333110563657323], [-79.05065363524702, 0.333172834808464], [-79.05010041163493, 0.332935099834324], [-79.04991600191563, 0.333017797734058], [-79.0493735766183, 0.33404676342605], [-79.04920322091026, 0.335277078670856], [-79.04884251343724, 0.335755872199613], [-79.04865899188232, 0.335884141706721], [-79.04783971742312, 0.335728002012234], [-79.04764164933988, 0.335837913192335], [-79.04757312399973, 0.33671841162689], [-79.04825845396738, 0.337920144777136], [-79.04820951416761, 0.338318616987557], [-79.04719363524816, 0.338589038830985], [-79.04647552373854, 0.339180964425216], [-79.04616699083422, 0.340588020158157], [-79.04579629613842, 0.341143666622773], [-79.04543307791957, 0.341146485773348], [-79.04464687923763, 0.340878500659719], [-79.04426583012777, 0.341116679570629], [-79.04404590828698, 0.34181521978576], [-79.04440696077954, 0.343631832824715], [-79.0442794651569, 0.346057777438756], [-79.04386124964013, 0.348389803077143], [-79.04329404035207, 0.349350035268865], [-79.04189323457281, 0.350361178643752], [-79.04148720495371, 0.351081287677592], [-79.0409702156177, 0.351544942126858], [-79.04069472215457, 0.351544999654323], [-79.04051311558426, 0.35130748259305], [-79.0400781688906, 0.351233600015412], [-79.03901034495559, 0.351870774106424], [-79.03863395180066, 0.351675564996967], [-79.0384723907929, 0.351403120558386], [-79.03814050035116, 0.349928402431372], [-79.03713396348643, 0.34908235422763], [-79.03664155104995, 0.34846086797672], [-79.03630267463512, 0.34820359733736], [-79.03387213366592, 0.34724766696306], [-79.03308409463064, 0.347123124504626], [-79.0319661090868, 0.347288241090175], [-79.03050884396747, 0.348028279618784], [-79.02981576881226, 0.348746024830311], [-79.02912722514131, 0.349776153400231], [-79.02888340083062, 0.349922756369052], [-79.02519837012731, 0.350784966566404], [-79.02481495039261, 0.351428906987296], [-79.02450343160379, 0.352970195688493], [-79.02419277807745, 0.35377361105311], [-79.0248823506113, 0.353916293591645], [-79.02573143674879, 0.353629395190133], [-79.02609886316355, 0.353670704971533], [-79.02666691957273, 0.356337828109317], [-79.02723179208898, 0.35707586039599], [-79.02730014112893, 0.357499760023542], [-79.02632966444231, 0.358434844877891], [-79.0261271600285, 0.359130304337997], [-79.02558943501595, 0.359963489168278], [-79.02403370925397, 0.361774964653168], [-79.02364850513499, 0.362537835046826], [-79.02218563697087, 0.363981954395502], [-79.02104266082809, 0.364329453428454], [-79.01886730798867, 0.365684437239116], [-79.01824282718344, 0.366482875730824], [-79.01655788281221, 0.368167359098906], [-79.01615191105898, 0.368201175082371], [-79.01416460231476, 0.367665542995191], [-79.01208595288512, 0.367542741207084], [-79.01180248765166, 0.36839694858869], [-79.01112374219534, 0.369272135872225], [-79.01124675695046, 0.369817747252496], [-79.01109567524526, 0.370682563552551], [-79.00991562802074, 0.373355961760727], [-79.0101286576734, 0.375793503560495], [-79.01055064529258, 0.376421284414007], [-79.01078010996217, 0.377267289030969], [-79.01062288440133, 0.378274511631377], [-79.00992432628173, 0.379358916229969], [-79.00882736886773, 0.382310451550381], [-79.00790191034443, 0.383894541405285], [-79.00709679374208, 0.385901360106611], [-79.00617524326822, 0.386890676752545], [-79.00545914794425, 0.388819302272466], [-79.00745052087476, 0.389967723095734], [-79.00722936806716, 0.390471117881168], [-79.00677128202159, 0.390981237230757], [-79.0064490286676, 0.391732623941095], [-79.0051261736307, 0.392378523622983], [-79.00494312131924, 0.392799013260908], [-79.0048274517893, 0.393883367104566], [-79.00422758097984, 0.394630254719436], [-79.0041365309442, 0.394914235164054], [-79.00413892667615, 0.396914007175468], [-79.00449860115127, 0.398175875851622], [-79.00445100622532, 0.398520446713174], [-79.00406941923539, 0.399116840086327], [-79.00394176543814, 0.399601086792808], [-79.0041818758297, 0.400568797316532], [-79.00409411003302, 0.40137946213891], [-79.00378247015529, 0.402047843595053], [-79.00396147234696, 0.403028284600642], [-79.00400849027814, 0.405114630763616], [-79.00478613541115, 0.407123210831733], [-79.0054341744184, 0.40803098820636], [-79.00554157612832, 0.408420440473882], [-79.00535521526463, 0.408821950678402], [-79.00409184338609, 0.409325437287096], [-79.00392554312504, 0.409706383783024], [-79.00458545386394, 0.411645533305891], [-79.00559148373787, 0.413124419937647], [-79.00579196605705, 0.413675182720463], [-79.00573654772454, 0.414274474995342], [-79.0053102039883, 0.415529264354815], [-79.00508531978606, 0.416680275750256], [-79.00510040899574, 0.417506420643628], [-79.00524951572267, 0.418049881171081], [-79.00625466940525, 0.419076888390756], [-79.0070288572973, 0.420461930666237], [-79.00716002287253, 0.421100735040405], [-79.00825353771685, 0.421915534972381], [-79.00823824710683, 0.423478570024416], [-79.00842868941848, 0.423953920898628], [-79.00878432952459, 0.424205628484108], [-79.0098469935632, 0.424533710278026], [-79.010197512676, 0.42484162979096], [-79.01024393820488, 0.427138108844966], [-79.01063683701524, 0.428245672326753], [-79.01183456378703, 0.429364149032192], [-79.01347699626153, 0.429946872266072], [-79.01387601811828, 0.430420122596163], [-79.01390446641518, 0.431016353344124], [-79.01339918452477, 0.435363035638758], [-79.01347345026802, 0.435768238959962], [-79.013739200815, 0.435989951165215], [-79.01399584731371, 0.43599719675545], [-79.0148297178954, 0.435597170210779], [-79.01596278269413, 0.435535477988377], [-79.0169891595293, 0.435274584181068], [-79.01743936257877, 0.435467012827576], [-79.0178739070422, 0.436744632309634], [-79.0185104463165, 0.438010942412132], [-79.01870916646357, 0.439367844526954], [-79.01967411820105, 0.442316017303528], [-79.02058043482731, 0.443750509969021], [-79.02056741571141, 0.443974382354012], [-79.02035689356345, 0.444171022492286], [-79.01893052547398, 0.444545110036294], [-79.01778600342631, 0.445189575660439], [-79.01731628649524, 0.445709489924733], [-79.01674283594528, 0.447008566405865], [-79.0157773239219, 0.447122902836271], [-79.0155507600912, 0.447448699359961], [-79.01563579703902, 0.447778995866536], [-79.01603820300281, 0.448069781099027], [-79.01709689757689, 0.447678565572544], [-79.01747463359844, 0.447664093863381], [-79.01829997889136, 0.448114439571665], [-79.01925330988017, 0.448274244770833], [-79.01948825527599, 0.448432069467695], [-79.01974672749247, 0.448912502754772], [-79.01964193733983, 0.450158312573018], [-79.0197279961913, 0.450472329481379], [-79.0213195306749, 0.452662535876535], [-79.0215095505324, 0.45320905031133], [-79.02148572035046, 0.453454258602748], [-79.02122161791279, 0.453736002234281], [-79.02077897707056, 0.453792112622549], [-79.01988300229524, 0.45364638833426], [-79.01964151750819, 0.453796202509523], [-79.01943790667048, 0.454182730510543], [-79.01954535214867, 0.455789238799565], [-79.02005765827616, 0.457006059307984], [-79.02088038374946, 0.458182895119878], [-79.02108922864068, 0.458636544371522], [-79.02114480677291, 0.459160223753527], [-79.02104424268826, 0.459640947755649], [-79.02072796641482, 0.459896904578497], [-79.01940766716135, 0.459587027221945], [-79.01898900758493, 0.459840411639302], [-79.01888290444323, 0.460239312655351], [-79.01895084544516, 0.461135269230064], [-79.01963286480874, 0.462769658688972], [-79.01955564994672, 0.463053542589999], [-79.0190484784659, 0.4633548457238], [-79.01887579473754, 0.463601027853123], [-79.01861710093974, 0.464399438238571], [-79.01856975787602, 0.464892464975111], [-79.01866718712591, 0.465101469852792], [-79.02034767706122, 0.467161257347223], [-79.02090048584115, 0.467411098316296], [-79.02146609701201, 0.467305727429145], [-79.02257918415731, 0.466654487582288], [-79.0245627049339, 0.465898261164819], [-79.02638342222183, 0.466628439577245], [-79.02756448962494, 0.466526038961161], [-79.0281426081911, 0.466971525488583], [-79.02888265001617, 0.468008225036003], [-79.02905947742286, 0.467974889595945], [-79.029553058129, 0.466893366647489], [-79.02986854636585, 0.466635627018207], [-79.03092517166654, 0.466457018600176], [-79.03176072957305, 0.466615805217204], [-79.03275800957088, 0.467311952935515], [-79.03306698557127, 0.467732606097517], [-79.03316329948586, 0.468215116745699], [-79.03310765389723, 0.470260730079957], [-79.03324169226056, 0.47070436491539], [-79.03362428358312, 0.4711221237023], [-79.03400707407245, 0.471114922971478], [-79.03505990284953, 0.470532259332163], [-79.0352974746514, 0.470552739827553], [-79.03624675781086, 0.471639328939566], [-79.03844056136589, 0.472164124022386], [-79.03884325162313, 0.472747833594822], [-79.03914505346853, 0.473903127546628], [-79.03929537151073, 0.474071379172282], [-79.0395835102367, 0.474114816706453], [-79.04024187355913, 0.473797465409412], [-79.04092511832229, 0.473719908879664], [-79.04142096164092, 0.473798374436486], [-79.04202659577393, 0.474160707472142], [-79.04237230751824, 0.47495376242484], [-79.04235822531963, 0.475364096671241], [-79.04118261694673, 0.477048357946037], [-79.04107797533361, 0.477468685316895], [-79.04133678398526, 0.478113003828342], [-79.04265189493807, 0.479043779154857], [-79.04302055814809, 0.479955608601901], [-79.04321914010097, 0.481516685172888], [-79.04329239578658, 0.485036475494859], [-79.04252156024874, 0.490105075517234], [-79.04285227743033, 0.491759406636473], [-79.04332834777706, 0.492369962455425], [-79.04368573881824, 0.492463427616457], [-79.04421116968932, 0.492282627114286], [-79.0447490128565, 0.491687684602106], [-79.04546801338203, 0.491251288760725], [-79.04721766339316, 0.491275727272686], [-79.04792468804334, 0.491165288094788], [-79.04915484362365, 0.489975443965425], [-79.05000158543301, 0.489518149954233], [-79.05053029765843, 0.489682781204417], [-79.05080051578041, 0.490038725997447], [-79.05128435253573, 0.491300847217442], [-79.05168227981216, 0.491743553966052], [-79.05212492910479, 0.491621074830349], [-79.05295390037905, 0.490990327949886], [-79.0535213322857, 0.490805084343742], [-79.05439756683457, 0.491092427301594], [-79.05497508716164, 0.491576509527033], [-79.05635344234082, 0.491683650764231], [-79.05657835162795, 0.491452036292201], [-79.05647565554123, 0.490951816170571], [-79.05675778598132, 0.489394406763022], [-79.05708648414924, 0.488743885821659], [-79.0573953740657, 0.488435326437555], [-79.05776202625924, 0.488233616747468], [-79.0585078015477, 0.488142133409212], [-79.05975869996284, 0.488643744104496], [-79.06017271842124, 0.488599291535184], [-79.06141127513678, 0.487932548394497], [-79.06290556064714, 0.485914534010465], [-79.06328001392689, 0.48555928288153], [-79.06368814436378, 0.48542034656598], [-79.06419313348262, 0.485598760970149], [-79.06446986720007, 0.485944884175569], [-79.0655710462526, 0.489218258348617], [-79.06640491874114, 0.4901551249326], [-79.06701442861885, 0.490349086609015], [-79.06801641005767, 0.489359692315147], [-79.0688134965676, 0.48763554047314], [-79.06934474175236, 0.486904805300468], [-79.07076037896678, 0.485705431066994], [-79.07271766664981, 0.484856731574428], [-79.07477486064253, 0.483094967470123], [-79.07528536298439, 0.483078706995347], [-79.07607687113395, 0.483750148623325], [-79.07679119265748, 0.485167440746235], [-79.07721955131639, 0.485589291504779], [-79.07755866163507, 0.48564853624777], [-79.07856804417041, 0.485351689974341], [-79.08003931392554, 0.485199190034704], [-79.08138745225344, 0.48469984070869], [-79.08342065891365, 0.482745594449715], [-79.0858616773768, 0.481449637123692], [-79.08745807748319, 0.480921531693288], [-79.09057584537456, 0.48041424977565], [-79.09268241627426, 0.479780644231773], [-79.09442596065962, 0.478960888262617], [-79.09723142494273, 0.476718367959219], [-79.09785417994136, 0.476321394839689], [-79.0997855416328, 0.475528371950544], [-79.09980326853648, 0.475049154884], [-79.0993289694103, 0.47373449055395], [-79.09935182487435, 0.47290117503639], [-79.09976424027991, 0.47190691431313], [-79.10009973048109, 0.471530323318862], [-79.10060429510585, 0.471285161444991], [-79.10140276832546, 0.471217604950745], [-79.10309824557393, 0.471418510208016], [-79.10364810184875, 0.47121141828873], [-79.10442917930877, 0.470590902136647], [-79.107042490636, 0.469903456902978], [-79.10982612384191, 0.470336782168342], [-79.11170340492488, 0.470478760745504], [-79.11199796450676, 0.470617979483966], [-79.11306811510931, 0.470583000430343], [-79.11350603880713, 0.470284868835044], [-79.11419858275791, 0.468841441177641], [-79.11540003295353, 0.467672738016708], [-79.11653385713413, 0.466854819641852], [-79.11827156103331, 0.46659553446869], [-79.11994775879684, 0.466568160453981], [-79.1204611328748, 0.46641039552911], [-79.12087477634213, 0.46593679658976], [-79.12152485391151, 0.464042970729927], [-79.12186959066098, 0.463519110093782], [-79.12254794138254, 0.463532007573485], [-79.12596905896534, 0.465468439181413], [-79.12659882617479, 0.465534400468645], [-79.12728134395805, 0.465336305762307], [-79.12851732873041, 0.46465477747414], [-79.12986259599684, 0.464124003995407], [-79.13015741396309, 0.463645584523284], [-79.13025287664853, 0.462114417777976], [-79.13044305317626, 0.461913498605821], [-79.13100393434975, 0.461856227530949], [-79.13225094890603, 0.462622155484669], [-79.13330196575697, 0.463548471125268], [-79.13353381225217, 0.46444078993755], [-79.13334335793412, 0.465696319488118], [-79.13354285221533, 0.466213151090254], [-79.13388307925428, 0.466576901419537], [-79.13426327872496, 0.466768402414406], [-79.13659462490895, 0.466640701044078], [-79.13856931564881, 0.466971957014962], [-79.13923243932314, 0.466735276230508], [-79.14103939345185, 0.46525529610677], [-79.14198887441643, 0.46508807235713], [-79.14201235628447, 0.465495103192503], [-79.14175581091236, 0.465702884641186], [-79.14174052893439, 0.465985567791685], [-79.14183998999653, 0.466426639449655], [-79.14229880029558, 0.466999959602758], [-79.14239825265072, 0.467306032928418], [-79.14226681219223, 0.467654234451047], [-79.14476990229284, 0.470746904219405], [-79.14670287712052, 0.475093478101515], [-79.14878135613046, 0.474631648176248], [-79.14919636850848, 0.474936213858729], [-79.15071531111253, 0.474958433939606], [-79.15194984630249, 0.474505984157119], [-79.15260928368521, 0.474401208882919], [-79.1530997384793, 0.474674087437188], [-79.15442271469549, 0.474935706842611], [-79.1550796617931, 0.475448658702222], [-79.15611437917876, 0.475483340494047], [-79.1569462183026, 0.476371459394736], [-79.15810711542468, 0.476783611847929], [-79.16010262122323, 0.478184979982326], [-79.16029220912206, 0.478771262855145], [-79.16029207491061, 0.479277763091938], [-79.16008236037901, 0.479573163766857], [-79.15854074331422, 0.480105688460756], [-79.15793445382175, 0.481067319467797], [-79.15771394313185, 0.481791062675815], [-79.15781054514242, 0.482278861312016], [-79.15836829487658, 0.483343779830953], [-79.162261020145, 0.485377402690222], [-79.16242863781932, 0.48571511550194], [-79.16237249046058, 0.486615545595711], [-79.16192508381603, 0.48729075564953], [-79.16122440702335, 0.487777354333128], [-79.16091852158338, 0.488416035142312], [-79.16080642555258, 0.489485281784933], [-79.16097393399077, 0.49021693900505], [-79.16142778151382, 0.490851327339459], [-79.16244009953851, 0.491275085343673], [-79.16392744972515, 0.491688220848871], [-79.16404781744733, 0.491831238991822], [-79.16396249701336, 0.492819040564789], [-79.16408717204378, 0.493170778400272], [-79.16439609982288, 0.493284509304994], [-79.16480707223317, 0.493946757793198], [-79.16472827860817, 0.49520425539668], [-79.16505461404569, 0.495662158805091], [-79.1662501802019, 0.496425826980358], [-79.16704628253477, 0.496653340701717], [-79.16810763775337, 0.496611689047324], [-79.16903115020654, 0.496946263693462], [-79.17011464931767, 0.497807881460016], [-79.17064225815724, 0.497808028872947], [-79.17151073908575, 0.497575237311216], [-79.17219169893639, 0.498387538957811], [-79.1725894245172, 0.498664146159981], [-79.17311224763375, 0.498783919683063], [-79.17366172191771, 0.49849332665511], [-79.17386104150795, 0.49820991775905], [-79.17427696706996, 0.498150220090901], [-79.1762759290252, 0.499071909687453], [-79.17709346509298, 0.499158269594071], [-79.17800072516806, 0.497977234743521], [-79.1784549727358, 0.497839354108031], [-79.17954247167377, 0.498320080370711], [-79.18109559536038, 0.498121748023032], [-79.1816534997601, 0.4982871054358], [-79.18210489221164, 0.498920410506326], [-79.1826743032437, 0.499306136282424], [-79.18459053228334, 0.50016423905117], [-79.18603999749948, 0.499714451464996], [-79.18653907975872, 0.499757656299546], [-79.18700952042776, 0.500245870297608], [-79.18739414962187, 0.50165280582151], [-79.18745097537663, 0.502428013236821], [-79.18799274266838, 0.502815760459663], [-79.18819228123387, 0.503174701423215], [-79.18864528277642, 0.503572716596365], [-79.19065884008799, 0.503147745202905], [-79.1910594195211, 0.502911960170698], [-79.19143130329213, 0.502956554370517], [-79.19199393273115, 0.503710770993504], [-79.19286581849876, 0.504282619315391], [-79.19318955945175, 0.504640220594096], [-79.19335728529137, 0.505105104361932], [-79.1933072856286, 0.505592043134834], [-79.19389602200911, 0.506777784668328], [-79.19404776720985, 0.508075320156517], [-79.19376941422897, 0.5090995032166], [-79.19330257438281, 0.509617045310695], [-79.19239426849758, 0.510005301575915], [-79.19215645891262, 0.510525618810087], [-79.19210283992469, 0.51104000630869], [-79.19225455365432, 0.511504464476545], [-79.19260458079805, 0.511724834014345], [-79.19323126181862, 0.512783913958713], [-79.19341918093647, 0.513362475585602], [-79.19235658175953, 0.513362173191093], [-79.19229213528217, 0.514463836020126], [-79.19190410798494, 0.51534801800156], [-79.19076946129768, 0.517125411033917], [-79.18976448061865, 0.51841832782583], [-79.1893728797147, 0.518595634018897], [-79.18795515061102, 0.518618284514165], [-79.1871804452822, 0.518467680230129], [-79.1864399735629, 0.51765144941734], [-79.18614520583935, 0.517508760462617], [-79.18589341792105, 0.517527587286001], [-79.18489547390959, 0.518407067670756], [-79.18439116846186, 0.518490657803654], [-79.18404985855696, 0.518393169002391], [-79.18201724998688, 0.516935346994151], [-79.18133765396237, 0.517166102082639], [-79.18041532198414, 0.517178495702132], [-79.17991330515699, 0.517431184983772], [-79.17949399589502, 0.517445170460075], [-79.17922368716864, 0.517210976625037], [-79.17894981726107, 0.517183498100838], [-79.17807088336531, 0.517789286025953], [-79.17642190810575, 0.517968939081968], [-79.17582296684249, 0.518234711054402], [-79.17550264484271, 0.518252432252591], [-79.17523270370707, 0.517995270325833], [-79.1745009842539, 0.518006180619167], [-79.17343843585682, 0.518654955807498], [-79.17185845548047, 0.518812743192976], [-79.17107150731034, 0.519093108137937], [-79.16899975565411, 0.518880544566208], [-79.16811543570077, 0.519170284623921], [-79.1674397445334, 0.518644619148737], [-79.16715294644132, 0.518597423332067], [-79.16685388881723, 0.518707294696498], [-79.1666647915272, 0.519071748540865], [-79.16647262568901, 0.519180837148987], [-79.1660440954358, 0.519097790974943], [-79.16587382050186, 0.518671832874], [-79.16553877027769, 0.518373056726421], [-79.16545883631036, 0.517397875271346], [-79.16478938478173, 0.516420081025503], [-79.163942127992, 0.516522920637783], [-79.16345242187289, 0.517089208391017], [-79.16283660608373, 0.517010086844829], [-79.16240705630315, 0.516727379703103], [-79.1619304500889, 0.516720187615161], [-79.1613911445297, 0.51734098702976], [-79.16074713228409, 0.517550045182193], [-79.16002632570743, 0.51742866367481], [-79.15906004012744, 0.51664601512964], [-79.15871029206976, 0.516548162524914], [-79.15833992704798, 0.516614427154922], [-79.15805865894352, 0.517023341891897], [-79.15802917390916, 0.517413340644094], [-79.15831187397038, 0.518268039610717], [-79.158298532945, 0.519048864385994], [-79.15810358922947, 0.519757837559233], [-79.15739182643242, 0.52128528488092], [-79.15740998052296, 0.52156127030192], [-79.1580602710028, 0.522307114829289], [-79.157981501856, 0.522903089365763], [-79.15761043487618, 0.523218656823718], [-79.1566757668134, 0.523065379680308], [-79.15642124192061, 0.523244980702131], [-79.15657143943342, 0.523821761729759], [-79.15642340106561, 0.524462566390065], [-79.15493968507249, 0.525678715476467], [-79.15439255559484, 0.526933210891507], [-79.15428045585124, 0.528148862065627], [-79.15331045106103, 0.528730190426188], [-79.15293819538483, 0.529114569175453], [-79.1526002346147, 0.530165757330046], [-79.15221904057367, 0.530400659197616], [-79.15204080059569, 0.530799835058283], [-79.15165267875162, 0.530770420340556], [-79.15106553273829, 0.530347232437686], [-79.15021453778981, 0.530654875574783], [-79.14959744800733, 0.530644742915172], [-79.14830341988038, 0.530117986139492], [-79.14794628924712, 0.530085054137345], [-79.14740743737832, 0.530378864998802], [-79.14557751603468, 0.532277878789997], [-79.14518284933287, 0.532512503467109], [-79.14478597119805, 0.532633010584533], [-79.14352339696256, 0.532665542529004], [-79.14256929510947, 0.533841142446622], [-79.14157187735131, 0.534785420168697], [-79.14069790372369, 0.53534361914319], [-79.14006978536753, 0.536174072102418], [-79.1397558042434, 0.536327517799475], [-79.13914609487101, 0.536284560123176], [-79.1386866972733, 0.536414812330919], [-79.13815895426023, 0.537401548909001], [-79.13684017825508, 0.538538779811515], [-79.13663376132158, 0.538839107795379], [-79.13655699640363, 0.53932023502975], [-79.13716228457524, 0.540019406303447], [-79.13720370502341, 0.540272789740664], [-79.13684753914377, 0.540620273132479], [-79.13528052950042, 0.54044780071194], [-79.13422850775694, 0.540476411315984], [-79.13311965849098, 0.539814973078769], [-79.13078901463224, 0.538925378313624], [-79.12991070579639, 0.538980898782021], [-79.12864201823703, 0.539649195455269], [-79.12823239354161, 0.540044223458704], [-79.12770246446483, 0.541126982183371], [-79.12716062828386, 0.541494479408381], [-79.1267223117223, 0.542305359359631], [-79.12505699847802, 0.543449521370856], [-79.12473037284511, 0.543834626713175], [-79.12425222305042, 0.545067321437548], [-79.12393071872876, 0.54515384701588], [-79.12361269349846, 0.545033754283951], [-79.12331208233951, 0.545235577225232], [-79.12293434139234, 0.547377788524447], [-79.12260243745385, 0.547980541851922], [-79.12305015896678, 0.54985391073752], [-79.1227646695111, 0.55053317720239], [-79.12127771834217, 0.550600523677895], [-79.12033446709638, 0.55095251639369], [-79.11977310836863, 0.551701410635278], [-79.11947810799664, 0.5529140835377], [-79.11919802297146, 0.553253988405256], [-79.11883198933215, 0.553270961684566], [-79.11858487766533, 0.553014169158896], [-79.1183026609736, 0.552136605107698], [-79.11709698704003, 0.551795051410021], [-79.11589671372768, 0.551132042981056], [-79.11564493569999, 0.551150861349867], [-79.11536283924043, 0.551605693568661], [-79.11529174902695, 0.552016737440247], [-79.1158593108871, 0.55466913955452], [-79.11575481527238, 0.555053316830342], [-79.11438776446018, 0.555173232077581], [-79.11419165435925, 0.555261874776105], [-79.11377846310334, 0.55585030995546], [-79.11203482556932, 0.556418423019749], [-79.11142913871123, 0.556460274769746], [-79.11130394995199, 0.556102790003009], [-79.11205604482664, 0.555503794959688], [-79.11202483932927, 0.555051666836368], [-79.1119413510239, 0.554904520779691], [-79.11123125752106, 0.554767572070712], [-79.11097021778119, 0.554536184686507], [-79.11079278444835, 0.554073611195299], [-79.11081394037741, 0.553358638949133], [-79.11207799845857, 0.552265641769954], [-79.11221377999178, 0.552076428544865], [-79.11214077386383, 0.55172954018292], [-79.11163954416169, 0.551508565582414], [-79.11071002826439, 0.551613431135842], [-79.10840332978556, 0.55265500409289], [-79.10801338816613, 0.552727398601361], [-79.10760798703565, 0.55254813980712], [-79.10675192432711, 0.551591095777545], [-79.10618798725363, 0.551696077402301], [-79.10582222372952, 0.552284706216052], [-79.10588852592981, 0.553095553184805], [-79.10560255867391, 0.553577779052934], [-79.10429700327462, 0.553829639667129], [-79.10373914325902, 0.554315303727976], [-79.1037181873368, 0.554683500163897], [-79.10463705312588, 0.55529397253043], [-79.10453245247479, 0.555725257534055], [-79.10393718428178, 0.555777691450387], [-79.10226627168802, 0.555345832855554], [-79.10193207998641, 0.555514092589599], [-79.10187974558704, 0.555976951428369], [-79.10202582555085, 0.556166344671179], [-79.10281946124607, 0.556545293693312], [-79.10386375244013, 0.556766535698182], [-79.10410388307844, 0.556934981460082], [-79.10415582442884, 0.557704861436938], [-79.10394683290433, 0.558188738571165], [-79.10350812462183, 0.558241131981993], [-79.10238045655184, 0.557525428416882], [-79.10196273426436, 0.557683081118944], [-79.09928820444998, 0.56072250278486], [-79.09881796038088, 0.561637609831196], [-79.09844789597376, 0.562738749118007], [-79.09789424696129, 0.563254068142155], [-79.0969855572992, 0.563411557249569], [-79.09665149842874, 0.563169475935743], [-79.09526311084105, 0.561264897316925], [-79.0932583699721, 0.55990717671582], [-79.09182829708828, 0.559978232425771], [-79.09016501024746, 0.560996928993236], [-79.08903576778926, 0.561020881358506], [-79.08872241258734, 0.561199633775579], [-79.08824178011749, 0.561746530897307], [-79.08829385006582, 0.562104168502724], [-79.08862805160975, 0.562177972902316], [-79.08999025467774, 0.561992241932306], [-79.09080014065272, 0.562652050254566], [-79.091154965726, 0.563388568138658], [-79.09112353578993, 0.563641017428722], [-79.09060133784915, 0.563840769167573], [-79.09038187582192, 0.564199221794663], [-79.0903817565986, 0.564567422071189], [-79.09085147984368, 0.565251352341084], [-79.09089309905444, 0.565703749892397], [-79.09071526387679, 0.566766155248316], [-79.09081264680924, 0.567538576539459], [-79.0915527115926, 0.567801869777605], [-79.09276894631147, 0.569101305810614], [-79.09372707417229, 0.570487258729526], [-79.09450082599807, 0.571972126271889], [-79.09446382614755, 0.57236800974864], [-79.09426709130224, 0.572677237403777], [-79.09397210140492, 0.572800855825692], [-79.09259558826508, 0.573060201344201], [-79.09051874384222, 0.572799698185266], [-79.09018689858179, 0.572886188945965], [-79.09006386519361, 0.573306785678079], [-79.09016206146406, 0.573665598707835], [-79.09105893449998, 0.574457689280438], [-79.0914274265117, 0.575039284331005], [-79.09124276349961, 0.576004216682192], [-79.09034512090396, 0.577525633590966], [-79.09036956752011, 0.57792153675396], [-79.09070115288617, 0.57861446519752], [-79.09178964376383, 0.579682389671053], [-79.09195239142011, 0.5803143421097], [-79.09167464238203, 0.580654500537659], [-79.09130644591744, 0.580733362151326], [-79.09058837061161, 0.580259195630784], [-79.08996694192436, 0.579560252150394], [-79.08966510101419, 0.579748504089712], [-79.08961673493322, 0.579991524159224], [-79.09051558355814, 0.581334610620468], [-79.09192274770335, 0.58172428726667], [-79.0926200428163, 0.582167392787598], [-79.09279153518456, 0.582718336405427], [-79.09275923026459, 0.583063978420491], [-79.09213658946875, 0.583971105753355], [-79.09076271771403, 0.5852776361363], [-79.09044613252667, 0.585369942084293], [-79.08864754447863, 0.58513314813946], [-79.08481568756122, 0.584895654879425], [-79.0832777812268, 0.584658949112983], [-79.08239144033426, 0.58478985396529], [-79.08168490924798, 0.585564564541493], [-79.08118593581837, 0.586833841223972], [-79.08100966289379, 0.587763724181994], [-79.08144930053649, 0.58850192771914], [-79.08155180002349, 0.588915272230063], [-79.08143434941267, 0.589343300989312], [-79.08096503266063, 0.589638358672866], [-79.0802026129702, 0.589475723317999], [-79.07927923315165, 0.588338805103363], [-79.07859024527544, 0.587836691543477], [-79.0777691601666, 0.587718319738566], [-79.07738788336623, 0.587836274813333], [-79.07700636904693, 0.58864799698488], [-79.077020884734, 0.58907607128402], [-79.07773884855854, 0.590596702636219], [-79.07869144338173, 0.592043612944712], [-79.079087242061, 0.592338971203304], [-79.0794245112505, 0.592280044329592], [-79.0795712478301, 0.591970114816974], [-79.07960093902672, 0.590907332449752], [-79.07980629740547, 0.590685988718145], [-79.08026089420427, 0.590553297165985], [-79.08106729897156, 0.590730710587892], [-79.08150710284647, 0.590981800822511], [-79.08165354028502, 0.591542770183907], [-79.08089470178724, 0.59383150449998], [-79.08045424340511, 0.594335413926785], [-79.07898641763698, 0.594943251072702], [-79.07780346760066, 0.595594641727985], [-79.0763267325634, 0.597002019794813], [-79.0758430399947, 0.597697107183927], [-79.07467239456022, 0.600198171352202], [-79.07443046335419, 0.600789054138403], [-79.07424594359122, 0.601785523359708], [-79.0739465189264, 0.602202571481398], [-79.07378534117768, 0.602283626809486], [-79.07333648539455, 0.602109653307074], [-79.07273840582131, 0.600753690833251], [-79.0728540186999, 0.599305280229577], [-79.07348744133425, 0.598343732915436], [-79.07357966120968, 0.597961374509546], [-79.07349928006897, 0.597405140441467], [-79.07325765287756, 0.597126952787777], [-79.07138197526012, 0.595515614916455], [-79.06956364283056, 0.594506853595625], [-79.06819401067199, 0.594123981426239], [-79.06706622747048, 0.593381980099905], [-79.06529363221652, 0.593265480542216], [-79.06471815503755, 0.593114639951004], [-79.06454567349546, 0.592604726341809], [-79.06447695432401, 0.591608173190066], [-79.06430440106978, 0.591306835878032], [-79.06387844752456, 0.591480499977729], [-79.06035506389637, 0.594770116646964], [-79.05927261208592, 0.596079122556282], [-79.05897315905568, 0.596588867456354], [-79.05869082901941, 0.597503536029478], [-79.05817895842738, 0.598327354497635], [-79.05645990990016, 0.598718141789598], [-79.05625514704705, 0.599088868369855], [-79.05621388613379, 0.600036452880785], [-79.05696224392044, 0.601638064476816], [-79.05724687362063, 0.603193217105907], [-79.05712777999409, 0.603946776462988], [-79.05677113943663, 0.604413162657838], [-79.05626013205732, 0.604580445678941], [-79.05486991240187, 0.604484248629479], [-79.05326568167763, 0.604746831316579], [-79.05288544642241, 0.604734732258093], [-79.05260032271791, 0.604579125087334], [-79.05243405290607, 0.604339827033242], [-79.05236298816813, 0.603693858622365], [-79.05274359325213, 0.602665273384672], [-79.05277955105282, 0.601792067989326], [-79.05236390156924, 0.601122052361988], [-79.05147363814595, 0.598514041262277], [-79.05125979976754, 0.598382384126499], [-79.0508557965708, 0.598382239591373], [-79.05064183245791, 0.598609438168614], [-79.04984468239171, 0.601503926837211], [-79.0490835449158, 0.603357742776287], [-79.0481090384072, 0.603764094525072], [-79.04736044848104, 0.603751861255086], [-79.04708708856361, 0.60393119031255], [-79.04696816579575, 0.604206270444971], [-79.04705057214686, 0.606359434422034], [-79.04695540919634, 0.606646483783754], [-79.04655130771549, 0.60692145998328], [-79.046028510573, 0.606837536295105], [-79.0453632739646, 0.606334896968194], [-79.04479328182283, 0.605317933768254], [-79.04462828187097, 0.601525971450043], [-79.04491370631953, 0.60083228698723], [-79.04523464728392, 0.600509433081166], [-79.04590015684522, 0.600246512280255], [-79.04623296642194, 0.599959547303831], [-79.04635193839373, 0.59954092510242], [-79.0462807508576, 0.599241854024663], [-79.04616198584696, 0.599074345214367], [-79.04562731362219, 0.598966496358766], [-79.04451037984835, 0.598930210159707], [-79.04361911016623, 0.599181088260243], [-79.04339320819575, 0.599563785391386], [-79.04302439843376, 0.600843568392337], [-79.04299994309986, 0.602781375166157], [-79.04280943029889, 0.603881794315132], [-79.04213181146078, 0.604778684642056], [-79.04058675944391, 0.605723105860477], [-79.04044408062215, 0.605974251822464], [-79.04042008726059, 0.60660821957354], [-79.04056259924317, 0.606823583662864], [-79.04207132140203, 0.607781079818], [-79.04226131504308, 0.608128041429952], [-79.04217797794986, 0.608570598204523], [-79.04173813861615, 0.609096757821089], [-79.04135784093388, 0.609264083416858], [-79.04052613639003, 0.60908435257255], [-79.04021727156132, 0.608868926499435], [-79.040051026498, 0.608569820367043], [-79.03948126154307, 0.60693084557048], [-79.0392674563707, 0.606715454662205], [-79.03876836575284, 0.606799005658981], [-79.03774600950179, 0.608102467196779], [-79.03756755743578, 0.608700490624587], [-79.03752109870139, 0.611210455423054], [-79.03706114823594, 0.61258190443087], [-79.03660145157231, 0.613251593771266], [-79.03609431219107, 0.613682030409803], [-79.03490540932614, 0.615499779958445], [-79.03411292923678, 0.616376681871707], [-79.03189416431744, 0.618337582329146], [-79.0305626040138, 0.620330708154377], [-79.02946836196875, 0.623201112337279], [-79.0287390780625, 0.624540550815346], [-79.02865958930086, 0.625274172614062], [-79.02880202764277, 0.625672950478818], [-79.02905543579547, 0.625896331934608], [-79.03154263419519, 0.62637574253824], [-79.03257225656934, 0.6268705512107], [-79.0330156933648, 0.627333239370566], [-79.03306299070648, 0.627955268428409], [-79.03285683226474, 0.628481507860768], [-79.03193741854858, 0.629836823975803], [-79.03163594907382, 0.631032883377341], [-79.03171488248134, 0.631782515671975], [-79.03228479887868, 0.632947010329114], [-79.0322049511806, 0.634621624403922], [-79.0318245152572, 0.635147794954053], [-79.03128581556041, 0.635227333622253], [-79.03063647969046, 0.634605074243285], [-79.03003484253942, 0.633536262119865], [-79.02884714629262, 0.632100400654355], [-79.02783341843691, 0.631478003903666], [-79.0270253635121, 0.631621235359867], [-79.02667673537498, 0.631828438320437], [-79.02585240361338, 0.63311998684166], [-79.02559883979433, 0.633311276724231], [-79.02437887699342, 0.633422450639515], [-79.02385595142319, 0.633693381696514], [-79.02242994364494, 0.634027761165036], [-79.02127321442012, 0.634505782181376], [-79.01988287155329, 0.635772559736238], [-79.0194080227223, 0.636552874419543], [-79.0188393498051, 0.637992537991634], [-79.01774933233591, 0.639125605568584], [-79.01706792044271, 0.639540010761812], [-79.01526162673144, 0.640017772042662], [-79.01488129523952, 0.64027280526995], [-79.01510238449507, 0.642122955635229], [-79.01606733821998, 0.645935105659468], [-79.01736527525831, 0.649013744791572], [-79.0176451990175, 0.648912352349446], [-79.01851758208882, 0.648023583590371], [-79.0196355707199, 0.648046533566988], [-79.02079801697485, 0.648744776583322], [-79.02114459704937, 0.648744913085701], [-79.0222589134043, 0.648517324688838], [-79.02313336568035, 0.647665109571322], [-79.02349745540161, 0.647762995333557], [-79.02391446754106, 0.64850757764208], [-79.02463213725801, 0.648241214367059], [-79.0249579548561, 0.647902090536621], [-79.02534531701258, 0.647977380725615], [-79.02562231348521, 0.649153478458509], [-79.02600691884942, 0.649389623205561], [-79.02623300713907, 0.648198803525895], [-79.0266045418928, 0.647860420536876], [-79.02694848446788, 0.64779726209462], [-79.02724100482806, 0.648088435703891], [-79.02743704915585, 0.648632292823021], [-79.02721252327142, 0.649731157806059], [-79.02676731103797, 0.650366990138067], [-79.02666806213591, 0.650824742553477], [-79.02746201737047, 0.651182481842643], [-79.02783688821486, 0.652201743012221], [-79.02815121127281, 0.652319502275067], [-79.02850739885622, 0.652876714996287], [-79.02850105718048, 0.653244175786361], [-79.02804130011341, 0.653397344906881], [-79.0278525464072, 0.65373878316912], [-79.0282458110611, 0.654801905670384], [-79.02879319431217, 0.655206205547446], [-79.02909893053875, 0.655230378165726], [-79.02978123085123, 0.654468595508529], [-79.030434806547, 0.654347059300397], [-79.03149701188286, 0.654821818682257], [-79.03222367220549, 0.654775992117559], [-79.03264683079587, 0.655426184014673], [-79.03312324126821, 0.65564084718539], [-79.03483635145402, 0.6557151260308], [-79.03514119061036, 0.655971947424287], [-79.03516853069719, 0.656340869714969], [-79.03392031901262, 0.657674152509689], [-79.03389170578035, 0.658032382864046], [-79.0342592509164, 0.658714833743841], [-79.03512413339816, 0.658935891160777], [-79.03558088487958, 0.658895745453371], [-79.03613784711291, 0.658470271410851], [-79.03677062677431, 0.657561896158015], [-79.03707049160782, 0.65744727244893], [-79.03798565569767, 0.658404907325994], [-79.03930345300232, 0.658982940021755], [-79.04004169927596, 0.659640945802169], [-79.04034968447243, 0.659666837573669], [-79.04078594560474, 0.659429658622195], [-79.04144517379618, 0.659568985534395], [-79.04220987404241, 0.658961395774189], [-79.04236634953926, 0.65917077970013], [-79.04214880561355, 0.659856256952115], [-79.04221831919168, 0.660334786414344], [-79.04274434822945, 0.660692876929798], [-79.04292935330854, 0.660528386096019], [-79.04301212882234, 0.660169180634666], [-79.04328873867215, 0.660036011290261], [-79.04343438912122, 0.660134897975024], [-79.04348404619678, 0.660399757628866], [-79.04338418580453, 0.661036726424334], [-79.04351652110476, 0.661417989365939], [-79.04382497817534, 0.661387640281402], [-79.04397440029055, 0.661029817390444], [-79.04436797208686, 0.661087571009257], [-79.04464108109909, 0.661867370922831], [-79.04480888976822, 0.662036703786967], [-79.04522063365665, 0.662020591659798], [-79.04675317678887, 0.661282919634396], [-79.04803508139759, 0.661329903370161], [-79.04836717657956, 0.661032733264828], [-79.04872284349607, 0.660401650486684], [-79.04918306588904, 0.660225512924738], [-79.04972581323507, 0.660330434009542], [-79.05013066890957, 0.659784003272281], [-79.05158532113302, 0.660016595805816], [-79.05205488516222, 0.659377237565231], [-79.05249027217134, 0.659315471108593], [-79.05289769789215, 0.659551990606798], [-79.0529903306177, 0.659484573445741], [-79.05286144497909, 0.659000049963095], [-79.05299693611974, 0.658663558391395], [-79.05346544277657, 0.65843579266925], [-79.0551742545444, 0.658762701622575], [-79.05550081434406, 0.658377638276594], [-79.0558676688604, 0.658314759175689], [-79.05658989237429, 0.658855125163043], [-79.05790435028759, 0.659520052677839], [-79.0584516021278, 0.659598029509406], [-79.05881310219328, 0.659447168843203], [-79.05915652535585, 0.659816491729229], [-79.05965612893787, 0.660008470496754], [-79.0599575752768, 0.659760835860554], [-79.05998627272578, 0.659416705475029], [-79.06081408866545, 0.659131842851957], [-79.06077663935869, 0.658648799901806], [-79.06061979405649, 0.658462381056858], [-79.06087864712137, 0.658030270686092], [-79.06075178013302, 0.65743091153148], [-79.06089436120155, 0.657111600769714], [-79.06227181819695, 0.656766911822925], [-79.06274573118654, 0.656263723259967], [-79.07852807278339, 0.657467405319132], [-79.07696466501605, 0.658659650844777], [-79.07631264947814, 0.658987517006448], [-79.07400722069896, 0.659852203978885], [-79.07290714855077, 0.659882536389345], [-79.07257093563788, 0.660097733170177], [-79.07212753516457, 0.6609281102707], [-79.07169955556043, 0.661389360015501], [-79.07119525431685, 0.661666012295219], [-79.06962142639283, 0.662003767921124], [-79.06904070295468, 0.662357291902358], [-79.06815431052561, 0.662956785133645], [-79.06685237933453, 0.664773736679789], [-79.06443996873541, 0.667599371828187], [-79.06368159432107, 0.668209625525817], [-79.06292330363513, 0.668606184881347], [-79.06076992410881, 0.669307464949747], [-79.0602542362564, 0.669704119351932], [-79.06031457428695, 0.670497862029018], [-79.0614663267678, 0.672055233646817], [-79.06167838684965, 0.672604816208915], [-79.06167825429118, 0.672940620427115], [-79.06134436205255, 0.673734206828379], [-79.06034312640506, 0.674985438822101], [-79.0595544248081, 0.675595674850541], [-79.0588566133227, 0.676419640861792], [-79.05821943968336, 0.677274157487021], [-79.05788545825938, 0.678281433259673], [-79.05752139610374, 0.67867814522594], [-79.05600485922855, 0.679349137944158], [-79.05518584169458, 0.679928830440757], [-79.05429830432627, 0.681819031182976], [-79.05392717870295, 0.68210221364506], [-79.05351776549436, 0.682153562166673], [-79.05092099740469, 0.681379777060839], [-79.04895722247961, 0.68132102177698], [-79.0484340383581, 0.681503973495716], [-79.04748226559317, 0.68229348187291], [-79.04720910514867, 0.682873390928841], [-79.04705718283579, 0.68360598671668], [-79.04657165722851, 0.684399500833643], [-79.04517599295505, 0.68613898818984], [-79.04459924146722, 0.687543010258795], [-79.04371942648005, 0.688488995024872], [-79.04185508454306, 0.689198938724815], [-79.04129213191088, 0.689301735382254], [-79.04040493862168, 0.689747828949234], [-79.04009767831535, 0.690280021524503], [-79.03968752783348, 0.692134383152982], [-79.03780709232068, 0.695107143990913], [-79.03680513792501, 0.69731608764548], [-79.03625757563918, 0.698866127566115], [-79.03610601478005, 0.699923724360427], [-79.0353597361089, 0.701542623515728], [-79.03470865163371, 0.702284807531501], [-79.03416670045213, 0.702532513491647], [-79.0340102290188, 0.702912065824534], [-79.03434352378926, 0.705728894091003], [-79.03481965731108, 0.706788555786674], [-79.03466066348932, 0.70710832509382], [-79.03057285362401, 0.709199261855553], [-79.03025887718603, 0.709830723479296], [-79.02976956964667, 0.711880060231712], [-79.02972550776767, 0.713093876968235], [-79.02937824444028, 0.713905269858514], [-79.02875290769232, 0.714036196264826], [-79.02781901393304, 0.713393940575479], [-79.0262103227775, 0.713042466488359], [-79.02549861554134, 0.712952598305691], [-79.0242604417524, 0.713034161065907], [-79.02357036609799, 0.713264031151832], [-79.02248515365147, 0.714650202249807], [-79.02215970728192, 0.714792001406278], [-79.02137894072109, 0.714420436073178], [-79.0211673998581, 0.714513150991104], [-79.02085807561329, 0.714998886106056], [-79.02051588735591, 0.716243438102734], [-79.020363956123, 0.71643990328807], [-79.02020125875794, 0.716450751454213], [-79.01931247578123, 0.715041888895856], [-79.01894920955822, 0.714856118000444], [-79.01590136240277, 0.715029487603636], [-79.01486563523888, 0.714843424140589], [-79.01381392717843, 0.713985873127912], [-79.0126970567054, 0.713330285349116], [-79.01194937282675, 0.711769830456859], [-79.01211315337241, 0.709153756752754], [-79.01264171977915, 0.70837085765245], [-79.01124580742383, 0.708350881610613], [-79.00753575141776, 0.709965190190643], [-79.00636430997773, 0.710117538555857], [-79.00469428604129, 0.709483550286041], [-79.00421687189248, 0.709920076101719], [-79.00343517713812, 0.711732174834757], [-79.00261627816975, 0.712866604798477], [-79.00189793699403, 0.71341141888715], [-79.00123895715107, 0.71426240602099], [-79.0006082658332, 0.716006471685886], [-79.00025156352626, 0.717864810503053], [-78.99928884332, 0.719258570742452], [-78.9992213351923, 0.721380896944292], [-79.00076348308947, 0.723431097990017], [-79.00117019342673, 0.724531546554666], [-79.00127683884182, 0.72569658395254], [-79.00104253007058, 0.726700109419003], [-79.00051082708168, 0.727256704421678], [-79.00026116083777, 0.727726079778845], [-79.00019527867835, 0.729549404019803], [-79.00050871020136, 0.732049831868337], [-79.00031308388077, 0.732945043121763], [-79.00000203830947, 0.733626823164389], [-78.99886722928107, 0.735367973098501], [-78.99838904323863, 0.735740096188565], [-78.99755938921956, 0.73606032055639], [-78.99729648093702, 0.736599609100949], [-78.99606459880496, 0.73768123986318], [-78.99573881806707, 0.738425047327913], [-78.99552176184352, 0.738629706823782], [-78.99470794760978, 0.739066154496297], [-78.99436879616471, 0.739386787881592], [-78.99264683998028, 0.740043432441206], [-78.99322333510476, 0.74061687288835], [-78.9934909439465, 0.741309762104081], [-78.99332271784492, 0.741574100341447], [-78.9929233496899, 0.7418277559543], [-78.99220355453835, 0.742023094226794], [-78.99175177131777, 0.742012311643251], [-78.99120153307751, 0.741467047931564], [-78.99048293466751, 0.741255137452805], [-78.9881650113095, 0.741692761294773], [-78.98716772623132, 0.742339146497481], [-78.9841483481815, 0.743767881386291], [-78.98213147956939, 0.745000323247191], [-78.98130362275748, 0.745811616416507], [-78.9790121465987, 0.747054538127581], [-78.97864286191759, 0.747398544957262], [-78.97851679973449, 0.749331749251784], [-78.977907996153, 0.750269235972637], [-78.97791705312042, 0.751245285774273], [-78.97781233910784, 0.751570585483113], [-78.97749850071584, 0.751886218842432], [-78.97583765105429, 0.752924613018421], [-78.97541015401443, 0.75368200908011], [-78.97468443646243, 0.754220859404485], [-78.97423573651812, 0.756841519091934], [-78.97384202757524, 0.757837810117381], [-78.97406338312842, 0.759463304071658], [-78.97398712672768, 0.759913013832957], [-78.97334953971414, 0.761405483914756], [-78.97278857008351, 0.761673151656351], [-78.97222747519459, 0.762208752307883], [-78.9725119066457, 0.763797348464738], [-78.97271135388301, 0.764170636095065], [-78.97251149370086, 0.764677700586775], [-78.97246369921685, 0.765242251458882], [-78.9727291746232, 0.766706441379858], [-78.97246275412462, 0.767251749589385], [-78.97316588018008, 0.767902780165002], [-78.97317476299321, 0.769223312952444], [-78.97252805780413, 0.769873698434126], [-78.9715878668634, 0.771811284463274], [-78.97038269633426, 0.77293331866828], [-78.9695741914517, 0.773452531062717], [-78.96898241342292, 0.775795925824817], [-78.96913114558942, 0.77669691862926], [-78.96868742280208, 0.777758063701887], [-78.96829614356007, 0.779317816680637], [-78.96659687420961, 0.78086373036026], [-78.96609494022113, 0.780917072464919], [-78.96525095076282, 0.780648729112847], [-78.96451319548, 0.780862714917426], [-78.96334201818864, 0.780984626809434], [-78.96305296009012, 0.781152899876292], [-78.96271050408664, 0.781665630427672], [-78.9625886154215, 0.78210957111805], [-78.96283160621799, 0.782852243726517], [-78.96234482288693, 0.783028074161191], [-78.96146216500073, 0.784099367677562], [-78.96021493095628, 0.784244204265292], [-78.9600169586036, 0.784764658518435], [-78.959347434223, 0.785415020003152], [-78.95884180751163, 0.786248873251066], [-78.9589438817354, 0.786455924584684], [-78.95938481769952, 0.786731727295004], [-78.96011389259758, 0.788730087377281], [-78.96035882664457, 0.789595494244793], [-78.960343474973, 0.791084212201912], [-78.9601769366169, 0.791463212056799], [-78.95935191672126, 0.791822400090874], [-78.95905493848336, 0.7926337004092], [-78.95767853694588, 0.792548810808773], [-78.9572221190835, 0.792831824829479], [-78.95679572604692, 0.793454760907365], [-78.95747236212044, 0.794278774534981], [-78.95776835332168, 0.795480783048744], [-78.95829275455866, 0.796131733331786], [-78.95819374315307, 0.796437890253081], [-78.95769164718178, 0.796820397723289], [-78.95742526523158, 0.797264264411742], [-78.95727280261994, 0.798014393994513], [-78.95751565961064, 0.799009686580934], [-78.95692239795025, 0.799208422967737], [-78.95616922216432, 0.79984342376001], [-78.95577368955053, 0.800026949607138], [-78.95511206137547, 0.800072548429694], [-78.9544809517984, 0.79991912839827], [-78.95397893508516, 0.800140875741076], [-78.95398609498707, 0.801036531291571], [-78.9535596152171, 0.802284104722157], [-78.95343018740964, 0.802582590380042], [-78.95292816647225, 0.802811991124448], [-78.95274554482914, 0.803033898235653], [-78.9525775752883, 0.804373462987845], [-78.95263802641263, 0.805146662441671], [-78.95179377651789, 0.805414165196356], [-78.95102956054164, 0.806139881124614], [-78.95110034417193, 0.808230901807415], [-78.95093255806455, 0.809195363710486], [-78.95051409867486, 0.809601828994456], [-78.94979154654268, 0.809821545834463], [-78.94963911248232, 0.810195720709827], [-78.94863620342656, 0.81059125351794], [-78.9476855443804, 0.810748655800603], [-78.94731942341784, 0.811040319782338], [-78.94734285315258, 0.811705369517459], [-78.94760890937343, 0.811916021302631], [-78.94848804616407, 0.812213106433514], [-78.9494386443302, 0.812180100821772], [-78.95005165313815, 0.812410068163868], [-78.95085495215089, 0.812295650859893], [-78.95180019808313, 0.813453972491446], [-78.95207540573952, 0.814367945482469], [-78.9537214860569, 0.814956154088676], [-78.95394787607201, 0.815244669940819], [-78.95402020279695, 0.816243543977234], [-78.95339865293124, 0.816834319086914], [-78.95308394092987, 0.817393577007978], [-78.95348585080404, 0.817916399357727], [-78.95542273591728, 0.819625097508502], [-78.9560437429551, 0.820685371914878], [-78.95623357793116, 0.821244890015624], [-78.956101489239, 0.822164921479985], [-78.95518604468545, 0.822985572050588], [-78.9547990471428, 0.82384251051672], [-78.95594348785556, 0.826332584412603], [-78.9561135075545, 0.827050748633293], [-78.95604679853724, 0.827525031242291], [-78.9555317434783, 0.828287866497271], [-78.95562143389132, 0.829237722626122], [-78.95595135809414, 0.829729299793111], [-78.95733754006345, 0.831126210600766], [-78.95802713792199, 0.832245456929038], [-78.95867145943537, 0.832679062253841], [-78.95876866799074, 0.833154515919435], [-78.95937132710006, 0.833038285074292], [-78.9599000773105, 0.833248776190221], [-78.95943035216956, 0.834407021306031], [-78.95994785942027, 0.83499607560707], [-78.96002597690885, 0.835914373636405], [-78.96081546040882, 0.836846877732967], [-78.96008344991296, 0.838278930550701], [-78.95886999673249, 0.838920456770784], [-78.95322940816803, 0.84287545618574], [-78.95207535034177, 0.84320672541558], [-78.95156580538062, 0.843501601794134], [-78.95025233959865, 0.843572332988873], [-78.94955468424988, 0.84380807168204], [-78.94784540864983, 0.842688649337413]]]}, "properties": {"PROVINCIA": "ESMERALDAS", "CANTON": "ELOY ALFARO", "PARROQUIA": "TELEMBÍ", "NUM_SECTORES": 2, "CASOS": 20, "CIRCUNSCRIPCION": "CIRCUNSCRIPCIÓN RURAL", "TIPOLOGIAS": "C, E", "ETIQUETA": "TELEMBÍ\n2 sectores (20 casos)"}}, {"type": "Feature", "geometry": {"type": "Polygon", "coordinates": [[[-78.86904596844015, 1.032997796359461], [-78.86726415964766, 1.03121924113006], [-78.86707146979377, 1.030538666339126], [-78.86678524853286, 1.025276377392615], [-78.85846301624372, 1.013575783840129], [-78.86613011063551, 1.004266722510692], [-78.87504978876396, 0.989966883191164], [-78.87624754502889, 0.981394949970463], [-78.87301851777964, 0.969819754664152], [-78.87941129779604, 0.961165342033859], [-78.87972428365939, 0.953762928137924], [-78.89096206230128, 0.951174731642698], [-78.89112857465443, 0.951224208582651], [-78.8912816664619, 0.951650555615791], [-78.8916839733829, 0.951593354121046], [-78.89178713893334, 0.951356811318851], [-78.89263545115323, 0.951249020374894], [-78.89302894592333, 0.951398079392487], [-78.89330900644109, 0.951240212538893], [-78.89378625613745, 0.951465268589734], [-78.89399483025942, 0.951440352843378], [-78.8942263834767, 0.951883511078391], [-78.8942409664479, 0.952578907669254], [-78.90758322338374, 0.953443604951828], [-78.90800102450608, 0.953256002113556], [-78.9079099469431, 0.952810485452038], [-78.90859246955765, 0.952092667834198], [-78.90889721203814, 0.952118078982198], [-78.90898347764517, 0.951755578463647], [-78.90927577088408, 0.951870942143857], [-78.90945282549755, 0.951688326972422], [-78.9094667218241, 0.951283559593805], [-78.9097368084151, 0.951135900212013], [-78.91060831305496, 0.951180560065575], [-78.91074116984763, 0.951784927516621], [-78.9114187784207, 0.952058326589835], [-78.91183172663467, 0.952791957104588], [-78.91168372782839, 0.953191637975665], [-78.91268599417832, 0.953219161098236], [-78.91304510602252, 0.953573271979132], [-78.91357575721658, 0.953249799655818], [-78.91329006195912, 0.952725820414284], [-78.91350125775537, 0.952454677252755], [-78.9138837044598, 0.952733836717422], [-78.91401443423449, 0.952695642067889], [-78.91416441070766, 0.952267535040549], [-78.91459906020428, 0.95248225761289], [-78.91486375946873, 0.952468894966439], [-78.91487824385783, 0.952093811702935], [-78.91565030848838, 0.951792867686415], [-78.91592577161877, 0.951878675096733], [-78.91614550303272, 0.952365655793058], [-78.91671124336092, 0.95293079302798], [-78.91683743815362, 0.952927281393692], [-78.91711083887363, 0.952556301759581], [-78.91785229347134, 0.952852952449562], [-78.91798916906548, 0.953568177412852], [-78.9182161793565, 0.953477412814843], [-78.91841807088882, 0.953661135231924], [-78.9184592299526, 0.95398113848847], [-78.91872880994144, 0.954233677452066], [-78.91886702646214, 0.954999292597581], [-78.91911968896852, 0.955326218574779], [-78.9191403878697, 0.955683144082376], [-78.91898426026215, 0.956063883118589], [-78.91906567486505, 0.956307392914664], [-78.91982924444201, 0.956621904515343], [-78.92014405473132, 0.957143830709244], [-78.92083180769419, 0.957549007708457], [-78.9214941761576, 0.95721151620997], [-78.92165907301084, 0.957265201915491], [-78.92165656004245, 0.957491501408578], [-78.921786789586, 0.957496364654517], [-78.92223208042253, 0.957212206068039], [-78.92256324245143, 0.956625366084316], [-78.92321624714015, 0.956592871819736], [-78.92392082157595, 0.95570557617172], [-78.92506623949616, 0.95570556065782], [-78.9240798203565, 0.956832038934483], [-78.92402244496994, 0.957394645827234], [-78.92425029985907, 0.957877049379259], [-78.9244327530761, 0.957980502896662], [-78.92518572795679, 0.957820207397767], [-78.9260753688383, 0.958027434308244], [-78.92735300907724, 0.957982282785525], [-78.92814001375405, 0.958143517915263], [-78.9292462148874, 0.958649422530219], [-78.92990580408608, 0.958606143556028], [-78.92990575128418, 0.959149891963151], [-78.93200668994835, 0.963076228421433], [-78.93301823753684, 0.965637993709894], [-78.93779177406289, 0.970355649046174], [-78.93968608051598, 0.970210836927304], [-78.9406213754549, 0.970395131703136], [-78.94143107175746, 0.970774554467223], [-78.94401870381786, 0.973834348288726], [-78.9443035465568, 0.974400999483883], [-78.94434889762309, 0.974860332858334], [-78.94566068397714, 0.974975966117545], [-78.9465039578524, 0.976423298284966], [-78.94680044666656, 0.976595720117889], [-78.94804384672346, 0.976619449944511], [-78.94869393993481, 0.976838020685852], [-78.94918447531654, 0.976815356858394], [-78.94936688410614, 0.976999191362282], [-78.94949196906333, 0.977653781212063], [-78.95032436736551, 0.978228426781483], [-78.9512817184107, 0.979675833948899], [-78.9520569755999, 0.980422686542833], [-78.95213670238176, 0.980629423723921], [-78.95201103146175, 0.980939379305636], [-78.95128058004924, 0.981547511237295], [-78.95128037029785, 0.981891991955902], [-78.95271743762659, 0.982352186298426], [-78.95353854900733, 0.982731622124016], [-78.95377794678492, 0.982995871502013], [-78.95382294020584, 0.98404082612908], [-78.95414186844476, 0.984833330185326], [-78.95376510413416, 0.985349818927726], [-78.95400419931316, 0.986107824853207], [-78.95479120115864, 0.986303518446349], [-78.95566921130647, 0.986912645405371], [-78.95674147989543, 0.986982205054735], [-78.95824572413083, 0.989530389198149], [-78.9590782396086, 0.989921318430121], [-78.9592030553619, 0.991012257015538], [-78.95933977050595, 0.991299409882751], [-78.96029752398618, 0.992092314152492], [-78.96055961801895, 0.992551786968572], [-78.96067343353151, 0.9929767196149], [-78.96062744403005, 0.993562311251924], [-78.95925747228848, 0.995283871320949], [-78.95869206344662, 0.996992487300738], [-78.95651507137296, 0.996992411441966], [-78.9497636804862, 0.998660518862452], [-78.94851588605678, 0.998774306416377], [-78.94682321210104, 0.999192772275752], [-78.94701233842015, 1.000097146816659], [-78.94861258785309, 1.002758691992911], [-78.950234084292, 1.004471863707716], [-78.94996874330266, 1.00462633763049], [-78.94949076156992, 1.006116700659047], [-78.94917744539796, 1.006567851815024], [-78.94917746692889, 1.007108171903171], [-78.94968417448116, 1.007299870713865], [-78.95034550316612, 1.007797872889097], [-78.95108949326837, 1.008762303718371], [-78.95091493440513, 1.009313947539973], [-78.95048871039776, 1.009857191076089], [-78.94960766548883, 1.010459854147513], [-78.9483290484727, 1.011997718916603], [-78.94814616632293, 1.012571735356908], [-78.94820222119179, 1.014133412920033], [-78.94775808578237, 1.014846856699606], [-78.94775814527785, 1.018410266262255], [-78.94816998267164, 1.021539395052299], [-78.94900247923877, 1.02426939126143], [-78.95126277848492, 1.029747647216126], [-78.92434463835522, 1.030188227860714], [-78.9243970169002, 1.029844974436632], [-78.92391517531526, 1.029410811229924], [-78.9233715522182, 1.02971501121904], [-78.92219222777268, 1.029992799905034], [-78.92187774150392, 1.030228345280759], [-78.92147837525387, 1.029698308275426], [-78.91951663838636, 1.029170364976209], [-78.91934414577548, 1.029222600710828], [-78.91904163812512, 1.029686219727609], [-78.91849567469741, 1.029792186270982], [-78.91830823560858, 1.029623126757863], [-78.91829094482661, 1.02941548245995], [-78.91876211116347, 1.029270996039141], [-78.91871272868781, 1.029032771078775], [-78.91756768272245, 1.028675385617465], [-78.91607735259888, 1.027639678483358], [-78.91468212113323, 1.027334387759496], [-78.91362378762393, 1.027483370008934], [-78.91338009391465, 1.028324045898622], [-78.91314337034753, 1.028459192350664], [-78.91298162220045, 1.028841394969722], [-78.9126239573701, 1.029039569486295], [-78.9120305828617, 1.028918929962775], [-78.91189377710614, 1.028515510079756], [-78.91153083332584, 1.028268128716089], [-78.91095199635873, 1.028583512490027], [-78.91069733712165, 1.028536872690601], [-78.90985834200079, 1.027317652355787], [-78.90977417671745, 1.026981382580847], [-78.90389277788057, 1.026979722265733], [-78.88541726970192, 1.03472285358136], [-78.86904596844015, 1.032997796359461]]]}, "properties": {"PROVINCIA": "ESMERALDAS", "CANTON": "ELOY ALFARO", "PARROQUIA": "COLÓN ELOY DEL MARÍA", "NUM_SECTORES": 1, "CASOS": 10, "CIRCUNSCRIPCION": "CIRCUNSCRIPCIÓN RURAL", "TIPOLOGIAS": "B", "ETIQUETA": "COLÓN ELOY DEL MARÍA\n1 sectores (10 casos)"}}, {"type": "Feature", "geometry": {"type": "Polygon", "coordinates": [[[-78.96901949471739, 0.946044790846361], [-78.96760446637046, 0.9458218053798], [-78.96714864418027, 0.94546466620797], [-78.96708357221391, 0.945070777513735], [-78.96611981365021, 0.944695436987868], [-78.96565516291898, 0.944382144590032], [-78.96469429543544, 0.94413420149898], [-78.96379543096921, 0.943381867420266], [-78.96313971554268, 0.943400106554808], [-78.96268822868235, 0.943158973917314], [-78.96197895722852, 0.943218772383471], [-78.96058527537176, 0.943985756425959], [-78.95914381856964, 0.945661111282805], [-78.9584509741941, 0.945429780861038], [-78.9580761349567, 0.945142943090042], [-78.95792925839781, 0.944863473547411], [-78.95794466824324, 0.943393875977241], [-78.9575382112771, 0.943104578828502], [-78.95701379685879, 0.943008700243333], [-78.95630770716637, 0.943159999244551], [-78.95615152729208, 0.943893895684821], [-78.95559360329318, 0.94426860667201], [-78.95525285136029, 0.944212438034214], [-78.95459186882034, 0.94372145533061], [-78.9535758536942, 0.943326012016498], [-78.9523273539227, 0.943439918396912], [-78.95192722010006, 0.943248092427767], [-78.95033391191961, 0.943946866841511], [-78.94979985309031, 0.944523937584788], [-78.94853984565428, 0.944962784419982], [-78.94683638057964, 0.944194966105271], [-78.94628283571188, 0.944612532324212], [-78.94502633513687, 0.944439002562047], [-78.9253654271524, 0.944427241733735], [-78.92542436015283, 0.944293827236753], [-78.92512283272609, 0.943840495040413], [-78.92421607914564, 0.942961767247], [-78.9235250121959, 0.942490751980103], [-78.92295535250899, 0.941615211316761], [-78.92207965425116, 0.940776285797629], [-78.92189789545907, 0.939498912041045], [-78.92176428851445, 0.939270448747455], [-78.92114360065995, 0.9390204467971], [-78.92037429336779, 0.939171789361772], [-78.92010317210854, 0.939095680063605], [-78.9191902604295, 0.938002855128302], [-78.91858636140879, 0.936246314655617], [-78.91835696293455, 0.934720913250989], [-78.91780599597466, 0.93260673335332], [-78.91784855469787, 0.931104459752478], [-78.91737395120808, 0.930946407197123], [-78.91603325338156, 0.931035298962426], [-78.91545775130042, 0.931237480734314], [-78.91490501158793, 0.931680625461242], [-78.9131905496567, 0.93212163019453], [-78.91175275937871, 0.931754601609667], [-78.91139570684788, 0.931485592358496], [-78.91112579940555, 0.931029391105907], [-78.91094907615528, 0.930044242643734], [-78.91111256698294, 0.928940585457142], [-78.91067440898604, 0.927904741234035], [-78.91082163435449, 0.927118873901116], [-78.9095970821951, 0.926131205256468], [-78.90885193615779, 0.925225554964454], [-78.91288016242534, 0.914795726700461], [-78.90933138201974, 0.909615431607011], [-78.90821033151185, 0.908727525031323], [-78.90654227896209, 0.907838490424107], [-78.90594807841651, 0.907239668202056], [-78.90537315682968, 0.90646710634338], [-78.90489445117727, 0.905134736983568], [-78.90299606901122, 0.904573768850696], [-78.90288108467429, 0.90441925665367], [-78.90307355892575, 0.903222418411543], [-78.902901171705, 0.902836205929475], [-78.90244106801985, 0.902507742527939], [-78.90173914313856, 0.901638582538644], [-78.90126459280143, 0.901421118866394], [-78.8997974995676, 0.901275474531321], [-78.89863485452625, 0.900112844467548], [-78.89855950552449, 0.899819597453633], [-78.89878670660568, 0.89867949302969], [-78.89849580760104, 0.898016901608069], [-78.89843137208848, 0.897506473188635], [-78.89864740550485, 0.897028785036617], [-78.8972169821877, 0.896874077977999], [-78.89664808648688, 0.896697514947985], [-78.8963710263859, 0.896447689440861], [-78.89619643679028, 0.895595792282894], [-78.89522660456494, 0.894131207304995], [-78.8942916665688, 0.893040221376481], [-78.89410834288599, 0.892253389705253], [-78.89420932551202, 0.891466302432299], [-78.8927442280373, 0.891837200986509], [-78.89200532651297, 0.892369604934657], [-78.89030099432297, 0.892224213553914], [-78.8976720584895, 0.886877859912708], [-78.89818685261577, 0.886628075635202], [-78.89897197678306, 0.885298387188637], [-78.89980134374548, 0.882593197798016], [-78.9004313066199, 0.881819088441498], [-78.90064467272839, 0.881731600566574], [-78.90167280627256, 0.882062820466942], [-78.90209846618312, 0.881715066712837], [-78.90220928465538, 0.881744061403565], [-78.90240380978436, 0.884021557588079], [-78.90289102935678, 0.884413589665258], [-78.90330815166709, 0.885036222967444], [-78.90409725899723, 0.885409621639898], [-78.90435392105606, 0.885475045226005], [-78.90458390939436, 0.885375270828299], [-78.90523301287479, 0.884112040924996], [-78.9062658313567, 0.884744337185843], [-78.90806882473477, 0.884277749154239], [-78.90839842542668, 0.883692516752047], [-78.90885047054122, 0.883546485942606], [-78.90942120755919, 0.883003250478341], [-78.91102881826359, 0.880982267545721], [-78.91089556337536, 0.880274534364666], [-78.91022278170549, 0.879388565569737], [-78.91003400979821, 0.878695719621366], [-78.90945707029607, 0.877797780947612], [-78.90945911841197, 0.877184334439574], [-78.91028351190228, 0.876615652176883], [-78.91074403418067, 0.877053778215674], [-78.91098044052781, 0.877043242428016], [-78.91203906872735, 0.876169729405599], [-78.91301955585033, 0.876106538677856], [-78.91327776308306, 0.875816820851877], [-78.91315287684704, 0.875238381784123], [-78.91321600332876, 0.874941502342578], [-78.91357784649264, 0.874676524921427], [-78.91396247222417, 0.874629002374504], [-78.91532746523714, 0.874903174011475], [-78.91631080441833, 0.875694745010871], [-78.91659321410776, 0.875169333794913], [-78.91692992434555, 0.875038966079993], [-78.91723864270139, 0.875177379830529], [-78.91768565990276, 0.875679692074444], [-78.91933374345273, 0.875500691904195], [-78.91960399125912, 0.874713798458961], [-78.91988624935135, 0.874461613512355], [-78.92110108965997, 0.87453823810681], [-78.92137791681404, 0.874688749339382], [-78.92153092925217, 0.875247315956927], [-78.92201363044403, 0.876031556910183], [-78.92282814692707, 0.87676896886663], [-78.9232995861661, 0.877453388370496], [-78.92436137676977, 0.877697102807641], [-78.92468379676605, 0.877586526795742], [-78.92697494468689, 0.875367887352586], [-78.92725700882747, 0.875307105752929], [-78.92785092492392, 0.875571172114528], [-78.92828065795766, 0.875498266805972], [-78.92861155380574, 0.874509870386558], [-78.92935324491584, 0.87489680007727], [-78.92967253111154, 0.875424088187596], [-78.93044862496669, 0.875317017893246], [-78.9306925604999, 0.875010741898955], [-78.9308714715205, 0.874370080324549], [-78.93188607689753, 0.874023907024149], [-78.93256860871799, 0.87320721713743], [-78.94150630421356, 0.866977194418776], [-78.94728373817055, 0.853245032588348], [-78.94812099108714, 0.854005687959045], [-78.95000478412334, 0.854665190126125], [-78.95125512081422, 0.855419016693259], [-78.95185522804489, 0.856225025297824], [-78.95182245084177, 0.85679707095442], [-78.9569843001863, 0.856799845278956], [-78.95995124493297, 0.863494127119444], [-78.96142303417768, 0.863494922146054], [-78.96161785214407, 0.862821591418013], [-78.96218183732597, 0.862015746025411], [-78.96324976501933, 0.861762533403108], [-78.96443613802097, 0.86188260178876], [-78.96620067970775, 0.862420985747198], [-78.96743130914864, 0.862988938979075], [-78.97110866527592, 0.864140431437789], [-78.97174632400673, 0.86424527611134], [-78.97229510123384, 0.864155997908619], [-78.9747270757244, 0.864605168536438], [-78.97698123723235, 0.864770596167814], [-78.97770807754748, 0.864502266416481], [-78.97799690692128, 0.864217153532911], [-78.97815840959842, 0.862846768407455], [-78.97803414470235, 0.862445008744755], [-78.98408479312971, 0.862448240561344], [-79.0013155508015, 0.866387841537595], [-79.00142016435008, 0.866273428488749], [-79.00236075273196, 0.866168410560866], [-79.00284554500784, 0.865960526463561], [-79.00369929564177, 0.864958156860158], [-79.00453824644063, 0.864602716982443], [-79.00481228558112, 0.864620583878625], [-79.00595912830936, 0.865167766177992], [-79.00730494386005, 0.865342351713308], [-79.00777570648293, 0.865167732473597], [-79.00880283585856, 0.863264886971976], [-79.0097860182505, 0.862614847659738], [-79.00984276338126, 0.862311705936559], [-79.00964135585149, 0.861668456638594], [-79.0100092745783, 0.860449272687679], [-79.01086289263102, 0.859696086311706], [-79.01196368474072, 0.859154697287715], [-79.01235611296596, 0.858304339284661], [-79.0131332599357, 0.857612865840954], [-79.01340933897865, 0.856988129855379], [-79.01434289488941, 0.856243480347522], [-79.01526197358615, 0.855179464724652], [-79.0155953253332, 0.854444808454752], [-79.01561143212986, 0.854039290591382], [-79.01505049320741, 0.853326050594584], [-79.01491059321195, 0.852713755602389], [-79.01501042122021, 0.852469225922219], [-79.01537294798037, 0.85211868139901], [-79.01580186507668, 0.851918446400403], [-79.01628790775193, 0.851374289356882], [-79.0167890722489, 0.851293714907328], [-79.01730353656134, 0.850674072541063], [-79.01845907422032, 0.850572135637633], [-79.01882936669784, 0.851019717877482], [-79.01909229524999, 0.850988659458344], [-79.01934836698707, 0.850136325832914], [-79.02019660755388, 0.849530235959696], [-79.0202729336278, 0.849047440039611], [-79.01997446530841, 0.84831272559946], [-79.02017324627371, 0.847955222490782], [-79.02061558834917, 0.847675514229035], [-79.02124719066862, 0.847744647847285], [-79.02249523047763, 0.847500255118113], [-79.02312125793868, 0.846696392520938], [-79.02367621415561, 0.846463577796731], [-79.02427755847684, 0.845979512736781], [-79.02455304432502, 0.845451969671398], [-79.02482146645907, 0.845215571477662], [-79.02655991352779, 0.844675665661932], [-79.02772144738474, 0.844625443928269], [-79.02820811587623, 0.844438977281685], [-79.02871070294397, 0.844035060752562], [-79.02931237341504, 0.843079728397871], [-79.02987586135971, 0.842674395348568], [-79.03023680111056, 0.842618248016366], [-79.03092070904431, 0.84299347407656], [-79.03142621005625, 0.84304906798943], [-79.04195370000622, 0.851853381475464], [-79.04057446577808, 0.851701756928978], [-79.03937524877091, 0.851338938053164], [-79.03874559357581, 0.851278248772627], [-79.03757607413094, 0.851488934787565], [-79.0371561771582, 0.851700005536171], [-79.0361659708502, 0.853087945438638], [-79.03484629690702, 0.853751306128441], [-79.03436621586968, 0.854384915043358], [-79.03388575039801, 0.855773113388779], [-79.03382548798292, 0.856346571430558], [-79.03397447322246, 0.858187847475572], [-79.03562118990945, 0.862987897770839], [-79.0360998640835, 0.865101001550442], [-79.03687818553911, 0.867606651017853], [-79.03687751583966, 0.868904547467468], [-79.03654690059982, 0.870413557802584], [-79.03696598946735, 0.871772042004456], [-79.03816243129583, 0.872969641333237], [-79.03900298191795, 0.875620588040983], [-79.03969212367717, 0.876617013757573], [-79.04223995560616, 0.878369013092063], [-79.04220978247737, 0.878731202540116], [-79.04163960670031, 0.879606229879989], [-79.04196907076185, 0.880323268136575], [-79.04205874261805, 0.880866623539677], [-79.04205780705276, 0.882655009466098], [-79.04183269369274, 0.883085008775096], [-79.04091024266219, 0.88385420446702], [-79.04039245053738, 0.884895267536065], [-79.03974555738264, 0.885534440734327], [-79.0394577409741, 0.887588665708226], [-79.03906930532354, 0.888539244913875], [-79.03824209293857, 0.889948003308278], [-79.03593041830219, 0.891712506950873], [-79.03542409300171, 0.892323453810429], [-79.03550534862015, 0.892914398291176], [-79.03577770009733, 0.893444210960587], [-79.03608065042124, 0.894666811407045], [-79.03628288921578, 0.894972530007304], [-79.03769890820583, 0.896450406392648], [-79.03978991490008, 0.897334407731042], [-79.04017766155665, 0.897691161536497], [-79.04122246964458, 0.899440495915594], [-79.04140758775722, 0.900221599964764], [-79.04133959470855, 0.901206307218577], [-79.0410524047691, 0.902055068886459], [-79.039921838224, 0.902971286694907], [-79.03971795573165, 0.903405066370645], [-79.03987766189447, 0.903807602813975], [-79.04063707654109, 0.904210464381404], [-79.04095661936884, 0.904774067591155], [-79.04095631695189, 0.905337496994773], [-79.04071613021304, 0.905900795802162], [-79.03935618446756, 0.907026913182035], [-79.03875582442987, 0.908233932971909], [-79.03779581355596, 0.90911879631621], [-79.03691550204354, 0.910486639719313], [-79.03663509203353, 0.911492607750172], [-79.03675440268466, 0.91265977429402], [-79.03899187455283, 0.915317168299938], [-79.0397507632162, 0.916685913547447], [-79.04014993622958, 0.917853236950498], [-79.0399088664258, 0.920026330871587], [-79.03930853980772, 0.921152856681767], [-79.03830833770492, 0.922399894188981], [-79.03730771746932, 0.92441158291771], [-79.0373469903119, 0.925699440606211], [-79.03758114018221, 0.926490882835477], [-79.01667349532921, 0.926479160527449], [-79.0158827339728, 0.925889820211315], [-79.01491495659832, 0.924767997790852], [-79.01431875433293, 0.924507709593146], [-79.01357343604742, 0.924745089668983], [-79.01264336786913, 0.925431833787505], [-79.01181728256948, 0.925534805958802], [-79.0103323421477, 0.926589416965027], [-79.0096016241221, 0.926741086692563], [-79.00887695297777, 0.926520328084436], [-79.00838157260954, 0.926193639077478], [-79.00681115020616, 0.923980497319006], [-79.00527833073984, 0.922794344954361], [-79.00455316440427, 0.922660659745288], [-79.00412806819519, 0.922746949359673], [-79.00249118876746, 0.923415837720665], [-79.000925722316, 0.923277517041897], [-78.99976239305305, 0.923792870504229], [-78.9993842411178, 0.924422413408218], [-78.99898312328092, 0.924678971213862], [-78.99897154130176, 0.925631150140786], [-78.99874743666246, 0.926100560230926], [-78.99794331426055, 0.926453273078028], [-78.99823496467407, 0.927426872138775], [-78.99779246959073, 0.928135628445198], [-78.99955656403269, 0.931023620126721], [-78.99913454679587, 0.931265873931817], [-78.99837610856088, 0.932155780005729], [-78.99794590800386, 0.932373077851044], [-78.99816750431954, 0.932847805338391], [-78.99814783330827, 0.933325107195321], [-78.99694360790097, 0.933560857994074], [-78.99621317921392, 0.933207450076657], [-78.9958330440614, 0.933683188199903], [-78.99497540892898, 0.933834144560702], [-78.9946112827526, 0.933640171478978], [-78.99417061373386, 0.933627531221607], [-78.9935920040291, 0.934039410284635], [-78.99324193168722, 0.934089932998741], [-78.99279804563918, 0.934997645652339], [-78.99223048437605, 0.935092889652879], [-78.99096847240286, 0.934912865850017], [-78.98915731106045, 0.935149346913748], [-78.98889583561251, 0.935464208288792], [-78.98882362059167, 0.937349176421267], [-78.98917267540152, 0.937978950680521], [-78.9888825279057, 0.938322909218811], [-78.98823924641992, 0.937788173603254], [-78.98717048754143, 0.937223897082515], [-78.98644101959735, 0.936455837240726], [-78.98571520488652, 0.936053244122129], [-78.98498888407573, 0.936855180909253], [-78.98482603896214, 0.938260070056631], [-78.98378552139278, 0.93857773262661], [-78.9831472155119, 0.93861343823081], [-78.9823884666868, 0.939258209392618], [-78.98202559344674, 0.941267955805234], [-78.98126956609293, 0.94248795569632], [-78.98048844687311, 0.942513810888761], [-78.97973436133094, 0.942234074553399], [-78.97869176078672, 0.942115472410498], [-78.97776666863051, 0.941652543478672], [-78.97716704025817, 0.941754092190213], [-78.97649390367891, 0.942224224291429], [-78.97466041114994, 0.940864379523642], [-78.97398110333633, 0.940512264204766], [-78.97266771510076, 0.940663214177015], [-78.97236723978575, 0.941782206326571], [-78.97178475286064, 0.942533401714883], [-78.97110694004967, 0.943169983650997], [-78.97012929868215, 0.943341290025007], [-78.96998730040615, 0.943476197343934], [-78.96962009849051, 0.945343789904364], [-78.96935105141631, 0.94585493239572], [-78.96901949471739, 0.946044790846361]]]}, "properties": {"PROVINCIA": "ESMERALDAS", "CANTON": "ELOY ALFARO", "PARROQUIA": "SAN JOSÉ DE CAYAPAS", "NUM_SECTORES": 1, "CASOS": 10, "CIRCUNSCRIPCION": "CIRCUNSCRIPCIÓN RURAL", "TIPOLOGIAS": "A", "ETIQUETA": "SAN JOSÉ DE CAYAPAS\n1 sectores (10 casos)"}}, {"type": "Feature", "geometry": {"type": "Polygon", "coordinates": [[[-79.13143999145375, 1.118831694329242], [-79.13115297489588, 1.118878546331753], [-79.1119386553338, 1.081300506412894], [-79.10994342036302, 1.079729146289077], [-79.10897729969419, 1.078056073058037], [-79.10863863140351, 1.076881444378366], [-79.10882786744209, 1.075496549823292], [-79.1086939853302, 1.074083241582223], [-79.1089313817824, 1.07297009756751], [-79.10870325575738, 1.072300282012091], [-79.10675094279642, 1.07003206861985], [-79.10607421971906, 1.069456105039518], [-79.10454018105713, 1.069668097860325], [-79.10294707714833, 1.068638003329603], [-79.10137666697418, 1.068105701781994], [-79.10078102974016, 1.067735592324693], [-79.09966294173698, 1.067334323860592], [-79.09913840095756, 1.067488077836718], [-79.098411891584, 1.068410931750504], [-79.09809275320313, 1.068493649557933], [-79.09683585741902, 1.068266991097448], [-79.09654203236474, 1.068090122104784], [-79.09599966819901, 1.067428342759199], [-79.09583685462499, 1.066610730886529], [-79.09566157499592, 1.066343603896355], [-79.09442931086691, 1.065800571585654], [-79.09385640320133, 1.065286525577301], [-79.09315309832122, 1.063684073439859], [-79.09280296898216, 1.062303467196529], [-79.0902933051914, 1.061586034422636], [-79.09031691410053, 1.061174626858867], [-79.08999838795984, 1.060116487559701], [-79.08904171140595, 1.058587667568128], [-79.08861406489805, 1.057631369353535], [-79.08848642190047, 1.056295121685697], [-79.0882337484254, 1.055667977903603], [-79.08789824184375, 1.055344601447939], [-79.08823248241278, 1.055091898409807], [-79.0884409998189, 1.054623097095746], [-79.08877610030814, 1.054433146406307], [-79.09068891722217, 1.054700169700999], [-79.09225555679359, 1.055794614759201], [-79.09322853111686, 1.055060443030219], [-79.09371422731175, 1.054369191744769], [-79.09475558274153, 1.054194775560398], [-79.09503291091121, 1.053578988147629], [-79.09499084220298, 1.052144047216638], [-79.09508546532874, 1.051947436384607], [-79.09636739394877, 1.051621888864041], [-79.09658014682765, 1.051425350316535], [-79.09605465458353, 1.050487074273643], [-79.09591964633216, 1.05002674144988], [-79.09600788360393, 1.049693949139735], [-79.09620332290964, 1.049605454801154], [-79.09700191155629, 1.049791762654922], [-79.09764820102701, 1.049736006121377], [-79.0982026610983, 1.04882217222984], [-79.09806578320465, 1.048033331373853], [-79.09874244683972, 1.047363803028568], [-79.09891892761722, 1.046685288191489], [-79.09926690340544, 1.046447779129514], [-79.1001167069121, 1.046617479406972], [-79.10042845114677, 1.046426875575031], [-79.10065045957941, 1.044879696423614], [-79.10125219162853, 1.043927005715357], [-79.10121172268202, 1.043401805159608], [-79.10079602065107, 1.042130840418906], [-79.10115098079723, 1.040877614269382], [-79.10156140621804, 1.040309464846], [-79.1030324185973, 1.039852181559362], [-79.10329237575841, 1.039582155902725], [-79.10387306160156, 1.03791203345142], [-79.10452890913889, 1.037041021580962], [-79.10434675272799, 1.035640981568896], [-79.10480470376271, 1.034608174848903], [-79.10539327724634, 1.034018608582711], [-79.10675891584609, 1.033861639561157], [-79.1070276593175, 1.033163734940731], [-79.10756247992377, 1.032932843602095], [-79.1077646313651, 1.032278119934006], [-79.10897671663069, 1.030346047558445], [-79.11054327585036, 1.0270438191316], [-79.11001474134754, 1.023145173963758], [-79.11009328314609, 1.022020625543004], [-79.10933080772703, 1.021060149618623], [-79.10926900258069, 1.020292057582844], [-79.10903177959588, 1.019790339279922], [-79.10956953090059, 1.018995293882638], [-79.10963235938617, 1.018007818015734], [-79.1105897979132, 1.01707304374191], [-79.11068039089372, 1.016539056728397], [-79.11128403618969, 1.016124007166554], [-79.1112843161283, 1.015642050611218], [-79.11188761659896, 1.015665915608328], [-79.11221093925778, 1.015329097575866], [-79.11272880137102, 1.01521185146509], [-79.11287675413847, 1.015059122721752], [-79.11298220468092, 1.014459676943115], [-79.11341052971032, 1.014299336250127], [-79.11382736313904, 1.013813644804115], [-79.1141660345613, 1.013809955209815], [-79.11485479783929, 1.014245296487972], [-79.11505367361356, 1.01364590465838], [-79.1153224481366, 1.013344318565707], [-79.11552879112955, 1.013348326742177], [-79.11594899208282, 1.013720847883673], [-79.1164276930683, 1.013905321287228], [-79.11657569941752, 1.013815255573717], [-79.11657587515704, 1.013509623646888], [-79.11675893515068, 1.013388291808835], [-79.11765431377839, 1.013357438765918], [-79.11782974523473, 1.012910848108236], [-79.11830883879183, 1.01241741444704], [-79.11804851563703, 1.011617825906463], [-79.11835634888955, 1.011034229777591], [-79.11836870146489, 1.009862616163617], [-79.11846223912104, 1.009666722351662], [-79.11873476752103, 1.00955321843076], [-79.11868835641364, 1.009028100446761], [-79.11910490997617, 1.009028342955403], [-79.11981324173566, 1.009338366465355], [-79.12003901811327, 1.009291477468602], [-79.12040559285151, 1.008878453656518], [-79.12049855754344, 1.008116776921716], [-79.12070780004348, 1.007921311631255], [-79.12101069718905, 1.008110383145484], [-79.12087419448883, 1.008348751670902], [-79.12081843740657, 1.008141558107666], [-79.12067794171806, 1.008137045695588], [-79.12086676067712, 1.008779617252034], [-79.12051887990046, 1.009183625106574], [-79.1206004663785, 1.009480086600811], [-79.12097411689102, 1.009631139228863], [-79.12100760043296, 1.01001865681698], [-79.12083430471684, 1.010299037315879], [-79.12048169101529, 1.010189018489766], [-79.12058669315256, 1.010618265771551], [-79.12096959221464, 1.01090482516211], [-79.1210193389657, 1.011223356997665], [-79.12125006827988, 1.011162173184935], [-79.12149368349499, 1.011556634916871], [-79.1217350434175, 1.011634968784133], [-79.12192959450604, 1.011492525176627], [-79.12199242335628, 1.011720959145367], [-79.12222270419015, 1.011782270581023], [-79.12232945061956, 1.011737203984943], [-79.12237051040412, 1.011431175287577], [-79.12252824022916, 1.011458550789319], [-79.12258463959112, 1.011707675513021], [-79.12267962005488, 1.011708910878384], [-79.12280264572077, 1.011115732361718], [-79.12297603561315, 1.01090633804342], [-79.12309456011224, 1.011230153944024], [-79.12344386573486, 1.01090730202871], [-79.12384744660203, 1.011039678928607], [-79.12370745738046, 1.011525938712815], [-79.12391330753901, 1.011618466501644], [-79.12396097749938, 1.012054413287306], [-79.12421846132851, 1.012299505769645], [-79.12467600531446, 1.012273713799004], [-79.12480471498682, 1.012449353471329], [-79.12431094897583, 1.013416118897825], [-79.12515877228851, 1.013540998705932], [-79.12539205843821, 1.013938284706513], [-79.12571176766609, 1.014141894677903], [-79.12570751603326, 1.01469411882946], [-79.12545731886057, 1.015061282961893], [-79.12557572806014, 1.015980732328477], [-79.12570554557182, 1.016194796003903], [-79.1260925235061, 1.016244492208656], [-79.12670313070308, 1.015978872338648], [-79.12821848115806, 1.015809335734859], [-79.12896831341749, 1.015382634665544], [-79.12936592235808, 1.015547357250195], [-79.12936338366096, 1.016058046230339], [-79.12867783483574, 1.016606315873356], [-79.12881561972968, 1.016753865662501], [-79.12913871465925, 1.016689189196008], [-79.12945105394016, 1.017142378383051], [-79.12972688129825, 1.017238557344758], [-79.12955942576329, 1.017821439884043], [-79.12986375578363, 1.017695747759354], [-79.1301076589531, 1.017960634626884], [-79.1305435410242, 1.017733770106751], [-79.13050871961846, 1.01825019699198], [-79.13117562365, 1.019068228455979], [-79.13150126572899, 1.019094528716393], [-79.13146504130202, 1.019264312919707], [-79.1311548311453, 1.019510040036265], [-79.13123597071558, 1.01978855493118], [-79.13094926457356, 1.019811543218234], [-79.13086899500367, 1.019608686979744], [-79.13071259342617, 1.019796493860428], [-79.13097182702272, 1.020266289981256], [-79.13092504890233, 1.020431248306229], [-79.13062678621371, 1.020597946626103], [-79.13085777302626, 1.021189451141371], [-79.13213012675384, 1.021305418271388], [-79.1328545691695, 1.020546079878345], [-79.13312219214386, 1.020501600016361], [-79.13360244758658, 1.020973130009849], [-79.13345079928699, 1.021544598683107], [-79.13401104544405, 1.021899318296956], [-79.13426121867312, 1.022478557256149], [-79.13508346487237, 1.02304889611279], [-79.13563378559698, 1.022828596393681], [-79.13594986078043, 1.022884264924002], [-79.13664148854484, 1.022045556903219], [-79.137278526294, 1.021843467934371], [-79.1384213106159, 1.021676758573656], [-79.13928148959198, 1.02195631133629], [-79.1394289604986, 1.022643807122847], [-79.13900934972291, 1.0235722252927], [-79.13938389891767, 1.02491977445168], [-79.13876691141746, 1.026329679060425], [-79.13896357303713, 1.02708221931219], [-79.13988833194057, 1.028622064063189], [-79.14038778203846, 1.030375786457822], [-79.14055659461292, 1.030508177311293], [-79.14199187359719, 1.030823789901384], [-79.14280787970118, 1.031220873328336], [-79.14421826807352, 1.031398030436633], [-79.14481214571114, 1.032049982523106], [-79.14478323295181, 1.033265098435949], [-79.14506132333324, 1.03379415859027], [-79.14577096984847, 1.034184941396689], [-79.14613043843401, 1.034578683261692], [-79.14679956432647, 1.034824581320288], [-79.14736210317632, 1.035454543243342], [-79.14802177624381, 1.035892499307825], [-79.1486847243367, 1.035949495579903], [-79.14996351217012, 1.036589283803711], [-79.15066208244774, 1.03665259635501], [-79.15107932081071, 1.036999851140544], [-79.15117169124909, 1.037276410225009], [-79.15155476694397, 1.037645890663757], [-79.15162902932812, 1.037940983643649], [-79.15191631432123, 1.03779779842932], [-79.15207083179035, 1.038000112390045], [-79.1528351045854, 1.038285482862493], [-79.15323032015215, 1.039211815019833], [-79.15386648025415, 1.039499193016946], [-79.1542768722037, 1.039498659597065], [-79.15472180949989, 1.039235091942267], [-79.15525670586798, 1.039419218370794], [-79.15552891030923, 1.039194973561971], [-79.15587810011051, 1.039354584860903], [-79.1561391141659, 1.039253613414338], [-79.15626419605721, 1.039415274061712], [-79.15639653886227, 1.039079066727125], [-79.15765415137857, 1.03881886459865], [-79.15824383145222, 1.039240018073047], [-79.15840459630545, 1.039651150263857], [-79.15879328193353, 1.039451374607004], [-79.15980415935257, 1.039645639295031], [-79.15993898554699, 1.039345995422468], [-79.16009082215369, 1.039314660573635], [-79.16047661051581, 1.039467689457137], [-79.16064490875063, 1.039985498353071], [-79.16084628018069, 1.040149165384002], [-79.16114281725191, 1.040104860635483], [-79.16123664055179, 1.040312980399491], [-79.16151666424632, 1.040243620660794], [-79.16167253266818, 1.039959617133828], [-79.16195766640394, 1.039931875230669], [-79.16227140806889, 1.040460396686356], [-79.16258472674687, 1.040420674503563], [-79.16286965393907, 1.040559240432551], [-79.16383900118653, 1.041279993742261], [-79.16488584762324, 1.04144998829912], [-79.1653684403385, 1.041712652648384], [-79.1661207006479, 1.041755165211575], [-79.16655232761494, 1.042094733510124], [-79.16666667493048, 1.042368730544371], [-79.16734204429132, 1.042785770821377], [-79.1683871078584, 1.042855531312925], [-79.16849092480383, 1.043025404652349], [-79.16924421081633, 1.043234313072434], [-79.16944838697259, 1.043429728339641], [-79.1698205048647, 1.043256482250063], [-79.17007123212238, 1.043279889456008], [-79.17030046775875, 1.043480772152984], [-79.17039400787154, 1.043861558376773], [-79.17085364648482, 1.043928796513205], [-79.1712487979985, 1.044477935605736], [-79.17211144986258, 1.044338130554785], [-79.17311554618371, 1.044530475956094], [-79.17338601597486, 1.04519533111816], [-79.17382303384659, 1.045495775282463], [-79.17410975572157, 1.046206049845795], [-79.17501096590156, 1.046415207413466], [-79.17523544732722, 1.046243075166283], [-79.17577727512788, 1.046436710209599], [-79.17639150822116, 1.046377734462337], [-79.17663145234278, 1.046655217329563], [-79.1769473488486, 1.046774101811515], [-79.1773713442221, 1.047300085839533], [-79.17783083552132, 1.0472888859849], [-79.17808891894279, 1.047612798502472], [-79.17854156812473, 1.047252270295255], [-79.17915596587372, 1.047264764071078], [-79.17946049371497, 1.047487032410157], [-79.17968040020897, 1.047100126656743], [-79.18034554516902, 1.047028783360376], [-79.18083203706614, 1.046803525587331], [-79.18106707952576, 1.046930234392926], [-79.18169342046444, 1.04690000688747], [-79.18188759982966, 1.046997178275724], [-79.1830243581587, 1.04685504293625], [-79.18408971574812, 1.047349439765249], [-79.18530524335404, 1.047428142922184], [-79.18567296730862, 1.047594802103414], [-79.18655597486865, 1.047681181918792], [-79.18713408061326, 1.048970602038731], [-79.18779287792083, 1.049728178363078], [-79.18906264024514, 1.050611843660084], [-79.18963208486221, 1.05168498033409], [-79.19003953762024, 1.051872451826041], [-79.19060178867362, 1.052508494078853], [-79.19094367456884, 1.05255601534848], [-79.19099249822912, 1.052863554215937], [-79.19124218998668, 1.053045622971915], [-79.19135211679769, 1.053429133177489], [-79.19282364831471, 1.052963599941076], [-79.19311343701318, 1.052502464549819], [-79.19382035892438, 1.052612140478534], [-79.19407925821685, 1.052954253429386], [-79.1954499189976, 1.05297100938493], [-79.19672568339621, 1.05343779464495], [-79.19734367365173, 1.053336838447318], [-79.19784394270174, 1.052595625331835], [-79.1978843168458, 1.051939657444505], [-79.19813226517093, 1.051415742515693], [-79.19910443238813, 1.051254570664947], [-79.19902788899219, 1.051685134688133], [-79.19918808787084, 1.051901318721574], [-79.20015024456669, 1.051938695297425], [-79.20049270821637, 1.052519116893553], [-79.20088134708048, 1.052685439804288], [-79.20077087599138, 1.053243177761783], [-79.20128035623544, 1.053855476841568], [-79.20153010674524, 1.053932378216783], [-79.20349115704542, 1.053808669004798], [-79.2039410724076, 1.054113392624725], [-79.20377555027427, 1.054473525903229], [-79.20321113203607, 1.05476673293156], [-79.20311395574429, 1.055419792282493], [-79.20291209729392, 1.055740874431082], [-79.20328891697099, 1.056474774662352], [-79.2037233685087, 1.056686980175467], [-79.2047908202591, 1.056532151798108], [-79.20512747768856, 1.056774425640984], [-79.20580792093213, 1.056745057871892], [-79.20618331936971, 1.057033152584841], [-79.20723476561366, 1.056484354224986], [-79.2076276499595, 1.05698982882051], [-79.2081412867292, 1.058269462783496], [-79.20833036006604, 1.058399113130055], [-79.20905512213396, 1.058460678608928], [-79.20951137366754, 1.058685847376055], [-79.20939547377225, 1.059778139462499], [-79.20908988297951, 1.060022660747298], [-79.20943773482075, 1.060495622846312], [-79.21005199262393, 1.060443079901288], [-79.21049230820931, 1.060258229198511], [-79.21055136415399, 1.060357463559868], [-79.21024878503492, 1.060988749133344], [-79.2111188213873, 1.061703369307993], [-79.21103984983041, 1.061865371108145], [-79.21057666769126, 1.061974248338851], [-79.210757091744, 1.062394212769706], [-79.21158464791141, 1.062774946916764], [-79.2124419218728, 1.062719199991651], [-79.21349295247445, 1.062865311763771], [-79.21456715637946, 1.06270723490293], [-79.21546957432813, 1.062264207238881], [-79.21603558383894, 1.062377481718445], [-79.2161010493522, 1.062737878186267], [-79.21563105990725, 1.063279815289091], [-79.21544034955376, 1.063719458971802], [-79.21644458805271, 1.065095373991739], [-79.2164018099126, 1.065277201233724], [-79.2160896495847, 1.065534921989237], [-79.2160796121711, 1.065806021406475], [-79.21657877982751, 1.066080763652383], [-79.21644387755141, 1.066328640553265], [-79.2156095013455, 1.0665563053208], [-79.2156157052374, 1.067171224001238], [-79.2157404135893, 1.067306849440325], [-79.2159440959713, 1.067277217354525], [-79.21645691916879, 1.066616301940978], [-79.21671966149067, 1.06667930320156], [-79.21685405136864, 1.067165345684871], [-79.2163677393791, 1.067499015094334], [-79.2162259660095, 1.067821581955366], [-79.21627207313792, 1.068100671911072], [-79.21652489996559, 1.068378616690298], [-79.2166560074612, 1.068788606764862], [-79.21725674570831, 1.069440316277385], [-79.21720705650091, 1.070078352568962], [-79.21654986926525, 1.070567368262776], [-79.21647094456341, 1.070802075016088], [-79.21667741521091, 1.071542716860563], [-79.21642739115376, 1.072167523220127], [-79.2166140773079, 1.073096697492501], [-79.21645613244539, 1.073575967445777], [-79.21687958640688, 1.074125028139977], [-79.21684985474981, 1.074425957529121], [-79.21568040736418, 1.074593829212459], [-79.21544994540939, 1.075410355018433], [-79.21530207714781, 1.075552421842087], [-79.21478650436826, 1.075370266276354], [-79.21373513217571, 1.075806055419691], [-79.2133247390742, 1.075508303530511], [-79.2130402241022, 1.075499725983389], [-79.21224660932288, 1.076691286757517], [-79.2121840027274, 1.077134259066873], [-79.21199333140868, 1.077342493712019], [-79.21173060086582, 1.077259686843973], [-79.21147139594984, 1.076829727146434], [-79.21050875450702, 1.077163020127951], [-79.21036087564119, 1.077321634576418], [-79.21042609722615, 1.078095378723812], [-79.20987072236564, 1.078538058748396], [-79.20972596540871, 1.078888473455069], [-79.2100115156165, 1.079278750720829], [-79.21092479459244, 1.079018134357501], [-79.2110692782801, 1.079133877889797], [-79.21109541370002, 1.079454643092573], [-79.21098688308122, 1.079616536165973], [-79.21046124439943, 1.079751867380664], [-79.21026078698496, 1.079950058088302], [-79.20993161090117, 1.081186380825941], [-79.20964010414956, 1.081762688708738], [-79.20961544140452, 1.082416926099127], [-79.20943531004119, 1.082421614446613], [-79.20928111272876, 1.083125557323283], [-79.20908137928198, 1.083315428471168], [-79.20799399959468, 1.083562554783793], [-79.20571294576179, 1.084389246366761], [-79.20534549268174, 1.084732819583486], [-79.20502842263753, 1.084607764355095], [-79.2040819873784, 1.084573288557099], [-79.20159025556018, 1.085567501466052], [-79.19982367184534, 1.086462040999962], [-79.19947724890596, 1.086773990194878], [-79.19861519901932, 1.087003068982145], [-79.19829101064829, 1.087237082309101], [-79.19731128530435, 1.086991343872679], [-79.19702092782236, 1.086685975703939], [-79.19669849063911, 1.086694372566395], [-79.19579278384079, 1.087214038679321], [-79.1946135133252, 1.08760444837766], [-79.19344667251329, 1.088234658616283], [-79.19265965916053, 1.088281658431206], [-79.19144815835074, 1.088780448697324], [-79.18914851010678, 1.089921156477452], [-79.18903520128416, 1.090109176770294], [-79.18877128267351, 1.089763674971425], [-79.18813534620573, 1.089661230961301], [-79.18791782021044, 1.089457242661402], [-79.18745212217289, 1.089568638330018], [-79.18734223764245, 1.089437271384445], [-79.1865237763993, 1.089345263210789], [-79.18236911834042, 1.091590849036361], [-79.18208891146323, 1.092042090082629], [-79.18139344607965, 1.09223834519546], [-79.181131365558, 1.091977213344757], [-79.18082594421817, 1.091930186127678], [-79.18063996763203, 1.091650834475147], [-79.18022411023719, 1.091494775575476], [-79.17949182448235, 1.090775526215822], [-79.17697739470947, 1.090622311965767], [-79.17176321358374, 1.092926576411117], [-79.16406459007885, 1.096764233673941], [-79.16032118009652, 1.098788092435687], [-79.15781486396828, 1.10031400950437], [-79.15400475211928, 1.102842649987016], [-79.14963866759672, 1.106050924453078], [-79.14260485854723, 1.111587743579478], [-79.13766949381922, 1.115894437187871], [-79.13400095711857, 1.11883776608135], [-79.13191402321038, 1.120023792083502], [-79.13147322627758, 1.120117279283533], [-79.13098231683871, 1.120043539529208], [-79.13085857084045, 1.119683299832618], [-79.13129822924029, 1.119401277070614], [-79.13143999145375, 1.118831694329242]]]}, "properties": {"PROVINCIA": "ESMERALDAS", "CANTON": "ELOY ALFARO", "PARROQUIA": "SANTA LUCÍA DE LAS PEÑAS", "NUM_SECTORES": 1, "CASOS": 10, "CIRCUNSCRIPCION": "CIRCUNSCRIPCIÓN RURAL", "TIPOLOGIAS": "G", "ETIQUETA": "SANTA LUCÍA DE LAS PEÑAS\n1 sectores (10 casos)"}}, {"type": "Feature", "geometry": {"type": "Polygon", "coordinates": [[[-79.39264504446741, 1.083144944608532], [-79.39238737342407, 1.083109163090084], [-79.39194775382913, 1.082767450068919], [-79.39158908960965, 1.081959066897433], [-79.3916043238694, 1.080268041457902], [-79.39098797487016, 1.078074920447839], [-79.39066653324161, 1.077459023269693], [-79.38846413065089, 1.075005385693066], [-79.38761599303862, 1.073592764652515], [-79.38617250941007, 1.072482609903128], [-79.38607192643077, 1.071380898091519], [-79.38639622598984, 1.070220346312652], [-79.38716547750809, 1.0693043922792], [-79.38945260049654, 1.067327132796798], [-79.38945329052541, 1.065986332469424], [-79.38963577486903, 1.065202429472574], [-79.3903414178894, 1.064466177537679], [-79.3933129050381, 1.062984794381613], [-79.3966068489257, 1.062222808420018], [-79.39745672408459, 1.061877069372118], [-79.39836390324265, 1.06130245572574], [-79.39947068712588, 1.059953749360693], [-79.40053330619666, 1.05898702470446], [-79.40390266862748, 1.057196762846885], [-79.40474263137307, 1.056453919214256], [-79.40490465814977, 1.055972755768918], [-79.40440957864868, 1.054967192716026], [-79.40291296447461, 1.054039868870206], [-79.4007789658644, 1.053336218134434], [-79.4006247133965, 1.052742018278942], [-79.40138893432908, 1.052032400500987], [-79.40139703334876, 1.05132052754908], [-79.40104270068906, 1.050868508846475], [-79.4005225989943, 1.050577299255369], [-79.40007253988493, 1.050087839225163], [-79.3998296213465, 1.049238663014471], [-79.39988817670826, 1.047784068242438], [-79.39927655734446, 1.04390704157006], [-79.39932838817299, 1.041422695314963], [-79.39853955402465, 1.041096472629928], [-79.39773033772143, 1.041065513571567], [-79.39572306867264, 1.040447893661049], [-79.394949260075, 1.039781177512355], [-79.3941612848403, 1.037754589879121], [-79.39288722406489, 1.035895622005336], [-79.39251231930496, 1.035033561257263], [-79.39329907029676, 1.033274804538625], [-79.39481206091469, 1.031004365545866], [-79.39498443361377, 1.030179724270161], [-79.39488559072069, 1.027159876247042], [-79.39445795546492, 1.026185628801604], [-79.39463400199428, 1.02597320137615], [-79.39620028526582, 1.025129831558297], [-79.39873510425817, 1.022539589800495], [-79.40055337670921, 1.022080049443497], [-79.40235963974452, 1.022187213111096], [-79.4029732134205, 1.021785394577455], [-79.40301033433127, 1.021254278283518], [-79.40168666624454, 1.018331418725288], [-79.40142456020521, 1.016518915566395], [-79.40164840093573, 1.013556320240047], [-79.40085141202724, 1.012328050143795], [-79.39790770370341, 1.011630006874055], [-79.3968255777131, 1.011005496288293], [-79.39652794403116, 1.010588025818005], [-79.39665262459724, 1.009815618295969], [-79.39832336595776, 1.007944247233265], [-79.39844508870945, 1.007251941255587], [-79.39824339883728, 1.00598929169574], [-79.39767771837853, 1.004400642527199], [-79.3976792981201, 1.003459066574101], [-79.39796165923082, 1.002934596331353], [-79.39929246498872, 1.00169635436942], [-79.40075059554017, 1.001039208613285], [-79.40103312095947, 1.000771002320976], [-79.4014255499711, 1.000002306683193], [-79.40148799301883, 0.999299825622101], [-79.40201427690175, 0.997893583749027], [-79.40221265367103, 0.996815468064707], [-79.4019540306046, 0.995489895758368], [-79.40185921108527, 0.994040787333852], [-79.40202330478927, 0.993312901772173], [-79.40238648068852, 0.992900095798439], [-79.40191503237845, 0.991458598991137], [-79.40208615519505, 0.99029805833118], [-79.40175232755126, 0.989288360200226], [-79.40226471406505, 0.987853280864982], [-79.40273527648316, 0.987050316010639], [-79.4026342431207, 0.985532212326315], [-79.40229372397512, 0.984247806755288], [-79.40298391688098, 0.983762942308121], [-79.40324939995416, 0.983183789850108], [-79.40338431402719, 0.981775408765033], [-79.40323453511193, 0.980273259936518], [-79.40357864207671, 0.979482311884915], [-79.40366881637345, 0.978532580048629], [-79.40358182289415, 0.978005633890363], [-79.40309614218647, 0.977189953318186], [-79.4023858267311, 0.977007705525204], [-79.39910585065277, 0.977669573960277], [-79.39801748315185, 0.976999338771069], [-79.39747867522875, 0.97632163892105], [-79.39776932396002, 0.974665790321255], [-79.39766380175054, 0.973787567571134], [-79.39547130636217, 0.971628724456406], [-79.39519753220465, 0.970750422384697], [-79.39565955411081, 0.968868846800333], [-79.3974058454946, 0.965770985015402], [-79.39775554727156, 0.964202986507667], [-79.39774632106224, 0.962818757140578], [-79.4078403649644, 0.966314414460657], [-79.40920387118057, 0.967250998290198], [-79.40991109711604, 0.967908634070363], [-79.4110125228384, 0.968078453480629], [-79.41171061384505, 0.969831921503878], [-79.41268962187475, 0.970298862788318], [-79.41435447545891, 0.971426777804969], [-79.41511494218265, 0.971784909901914], [-79.41521569667636, 0.972473371973751], [-79.41555583643469, 0.973087878539836], [-79.41603109755323, 0.973520487750169], [-79.41622991153461, 0.973937139655307], [-79.41739068271959, 0.974756056164402], [-79.4171643393657, 0.974825279852226], [-79.41693784794329, 0.975211447483722], [-79.41732126452314, 0.975914847087821], [-79.4180981396901, 0.976885853626851], [-79.41965836131028, 0.976784670615478], [-79.42092322367306, 0.977149645116511], [-79.42296097307226, 0.978029850852202], [-79.4249678478132, 0.978268471895585], [-79.42659301447979, 0.978213167566726], [-79.4282640406871, 0.97730649477403], [-79.42945368703987, 0.976360162056811], [-79.4305120349185, 0.975875184547662], [-79.4314623817716, 0.975012302375346], [-79.44531519116812, 0.973730281478157], [-79.45045220643478, 0.972620944773359], [-79.45633159675441, 0.972617624825319], [-79.4560621034654, 0.973307624434725], [-79.45658166542904, 0.973454460507584], [-79.4568027136366, 0.973919013534879], [-79.45667926031366, 0.974217318608169], [-79.4565027129528, 0.974218364075869], [-79.45598764675076, 0.973653385880771], [-79.45563573127596, 0.97348907264524], [-79.45453151756608, 0.973991521455148], [-79.45439679435688, 0.974225293958191], [-79.45451561222067, 0.974625510397554], [-79.45501273099416, 0.974456586865034], [-79.45506885066868, 0.975059705047542], [-79.45526602770471, 0.975267851068593], [-79.4558911203729, 0.975017802404806], [-79.45621932578072, 0.975214287954075], [-79.45628887796936, 0.976208912260792], [-79.4561006701478, 0.977081983815583], [-79.45582625801704, 0.97760413231034], [-79.4555317152332, 0.977609621288442], [-79.45516665325191, 0.977333241879145], [-79.4548986213753, 0.977392971706483], [-79.45490318731719, 0.97760744360856], [-79.45478490839963, 0.977654513360498], [-79.45463170206229, 0.977241912246471], [-79.45431534883505, 0.976911625350316], [-79.45413635644361, 0.97698809065313], [-79.45392542223455, 0.977471500943479], [-79.45391145528811, 0.978033410999105], [-79.45447973859697, 0.978041015486127], [-79.45478495795052, 0.9781728191831], [-79.45485162958546, 0.978423688415152], [-79.4544936611996, 0.978850144845805], [-79.45474794370125, 0.97913796437616], [-79.4548627962101, 0.979563006820964], [-79.45390026382789, 0.98015325432846], [-79.45329725397464, 0.980020893162654], [-79.45367870095568, 0.980765121670663], [-79.45412379071088, 0.98073018196607], [-79.45420745808161, 0.980821446532369], [-79.4540826425986, 0.981565159473925], [-79.45426939745064, 0.981942262547788], [-79.45509710380801, 0.982007427038367], [-79.45519988846138, 0.981786809017866], [-79.45497838161194, 0.981191515479412], [-79.455419971534, 0.980912990732174], [-79.45580715817097, 0.981015724844453], [-79.45554567453823, 0.981397315383604], [-79.45585620302099, 0.981702034784447], [-79.45586898395571, 0.982167769594342], [-79.4561899663862, 0.982266712628356], [-79.45630344448759, 0.982442085730433], [-79.45617540250586, 0.983316339635065], [-79.45638455456276, 0.983541531805836], [-79.45661871401441, 0.983504662685463], [-79.45668950734036, 0.983730555596702], [-79.45658072584664, 0.983834241254914], [-79.45605729385309, 0.983795540634672], [-79.45610931854475, 0.98412355935977], [-79.45602128338916, 0.984210535913738], [-79.45534020144234, 0.983963803466337], [-79.45513450681287, 0.984084498952623], [-79.4551473164448, 0.984219139011436], [-79.4556290284993, 0.98462258584541], [-79.45489078804727, 0.984895214939477], [-79.45483165174576, 0.985164975499619], [-79.45515629578058, 0.985421121369199], [-79.45556858942591, 0.98539386897084], [-79.45555915098808, 0.985731075687907], [-79.45606481687378, 0.985679470734129], [-79.45592604874199, 0.985926963252825], [-79.45558698779828, 0.98600173159596], [-79.45515712120702, 0.986450728024756], [-79.45501321593402, 0.986759473709686], [-79.45503207284897, 0.987206016258498], [-79.45540787064543, 0.987334196882828], [-79.45607890607853, 0.987179903786677], [-79.4563832448746, 0.987359772588285], [-79.4563632186436, 0.987799895004024], [-79.45605734845189, 0.987916720486166], [-79.45611897678576, 0.988343166743854], [-79.45642732517108, 0.988731907482128], [-79.45662654903906, 0.988577359444578], [-79.45750775731422, 0.989096993351388], [-79.45728501067073, 0.989635628580526], [-79.4566908328373, 0.990098996518126], [-79.45683851347594, 0.990448272980845], [-79.45730182375563, 0.990669832662763], [-79.45812538168214, 0.990343673527289], [-79.45833006893662, 0.990701630172917], [-79.45820972079163, 0.990939188382853], [-79.45768294268665, 0.991198825052746], [-79.45786100542243, 0.991524972388261], [-79.45832532913178, 0.991557089158316], [-79.45843939831622, 0.992099142739304], [-79.45831845193487, 0.992295185065416], [-79.45790155775244, 0.992335492953798], [-79.45734193659175, 0.991960252992958], [-79.4570165502303, 0.991942306229262], [-79.45613767918606, 0.992166956685123], [-79.45579713860934, 0.992514530510879], [-79.45582737054745, 0.992816899466554], [-79.45602016916963, 0.99294276385605], [-79.45696001316819, 0.992582448261606], [-79.45706358421697, 0.992666713602205], [-79.45691141927725, 0.993441611278097], [-79.4573603913966, 0.994370439035827], [-79.45731716462964, 0.994683711453457], [-79.45708670068701, 0.9950972197398], [-79.45665110594142, 0.994894605717249], [-79.45641008098828, 0.994983888364147], [-79.45639503981049, 0.99591438413222], [-79.45668533482062, 0.996153566147481], [-79.45745301688345, 0.996073632776816], [-79.45787158031635, 0.995903165384087], [-79.45795287767639, 0.99598626638885], [-79.4581579846877, 0.996894992820398], [-79.45802008594346, 0.997575686114042], [-79.45850834649863, 0.997819098506113], [-79.4586516376797, 0.998158236228586], [-79.45852191209448, 0.99826029706092], [-79.4578784023145, 0.998046633847822], [-79.45733485083744, 0.99843811029249], [-79.45728890598116, 0.998617433558012], [-79.4577316494576, 0.998844897341987], [-79.45876639821716, 0.998725373153899], [-79.45845266731087, 0.999572184902752], [-79.45930822844551, 1.00040454802777], [-79.45923658627436, 1.001079759621122], [-79.4593530039642, 1.002158455836243], [-79.45959891835477, 1.002294774854835], [-79.46016052047085, 1.00214329327777], [-79.46061663669072, 1.002321395554376], [-79.46058017786865, 1.002863967686931], [-79.46070983826634, 1.003188875121482], [-79.46120436967865, 1.002841470463274], [-79.46136799540982, 1.003080297841931], [-79.46134843475849, 1.003258555846069], [-79.46083986623077, 1.003586591498879], [-79.46077681838702, 1.003765763090333], [-79.4614580303674, 1.004054111103887], [-79.4618712815134, 1.004075809886499], [-79.4619832518481, 1.0042024355969], [-79.46198169026123, 1.004679001539646], [-79.46167362284092, 1.005085839380861], [-79.46180157540263, 1.005270064945281], [-79.46171420875315, 1.005708780764017], [-79.46158984707597, 1.005968573194889], [-79.46101887872564, 1.006434567495119], [-79.46099866751833, 1.006660167762162], [-79.46115604087488, 1.007099153411036], [-79.46130335898653, 1.007163302903013], [-79.46253218411515, 1.006590645773397], [-79.46253982006547, 1.006838666864909], [-79.46199946628512, 1.007053655837148], [-79.46190920480481, 1.007548797610355], [-79.46207167452495, 1.007767353603693], [-79.46258273281659, 1.007160544518933], [-79.46261585351229, 1.007705353258422], [-79.46238826197084, 1.008468018556521], [-79.46282578536368, 1.008679685488657], [-79.46314595297589, 1.009124699963523], [-79.46302242966503, 1.009524815164578], [-79.46218886097408, 1.009655298749377], [-79.46168955457777, 1.009844037246135], [-79.46156120755107, 1.010034847095254], [-79.4616911821369, 1.010313147841284], [-79.46202568058806, 1.010545202814339], [-79.46208742202244, 1.012129172408904], [-79.46249850739176, 1.011822065884556], [-79.46267079952682, 1.011828235602452], [-79.46202226898477, 1.012886065835958], [-79.46266867744629, 1.013040875203222], [-79.4624203531712, 1.013677087552844], [-79.46255741914986, 1.014054782018911], [-79.4628674229954, 1.014391908218161], [-79.46291198483134, 1.015308351808239], [-79.46309575710433, 1.015345111412631], [-79.46340944793603, 1.015089643376287], [-79.4635788644667, 1.015099149178398], [-79.46340374801777, 1.015751489580089], [-79.46471693061382, 1.016899223980729], [-79.46470712407773, 1.016997050230068], [-79.46433267269009, 1.017078788884949], [-79.46436838194033, 1.017613470121945], [-79.46462305862153, 1.017990733097735], [-79.46505669906574, 1.018074543839754], [-79.46505190110138, 1.019033409209807], [-79.46530473233169, 1.019222758508592], [-79.46522319739103, 1.019618275863924], [-79.46558608818714, 1.019876598013937], [-79.4656691910219, 1.020632324661128], [-79.46613301402125, 1.02089264082816], [-79.46696404939911, 1.020900672065453], [-79.46709315064662, 1.021036372732447], [-79.46698219573291, 1.021235541295064], [-79.46673244101264, 1.02114783992976], [-79.46652744117237, 1.021225011829118], [-79.46644945759553, 1.021431175421859], [-79.46660046139154, 1.021803605850146], [-79.46654757063952, 1.022002652989829], [-79.46616298816248, 1.022100455596858], [-79.46669109385061, 1.023019912561547], [-79.46685230487263, 1.023627759520246], [-79.4666388119084, 1.023696126362095], [-79.46649319584142, 1.023319634911317], [-79.46601279409442, 1.023586046785156], [-79.46598164731559, 1.024258024358618], [-79.46609889991004, 1.024452375409061], [-79.46656501546944, 1.024353094929567], [-79.4665892375681, 1.024796033199071], [-79.46641431392464, 1.025051826949158], [-79.46619286337122, 1.025066335321524], [-79.46559246405396, 1.024488466565843], [-79.46536766325472, 1.024919909865462], [-79.46531887552074, 1.025417065930946], [-79.46502438461896, 1.025480850529684], [-79.46479467442694, 1.025721376512311], [-79.46492211723945, 1.025889920871908], [-79.46526185006698, 1.025763813240101], [-79.4653228566576, 1.025943386377784], [-79.46474642666368, 1.026372495308122], [-79.46381985011726, 1.026572157954558], [-79.463688481764, 1.027342899324558], [-79.46340797835983, 1.027754901845385], [-79.46361284480417, 1.027906951316363], [-79.46415068341557, 1.027915443622306], [-79.46406162505953, 1.028478656269912], [-79.4637232234146, 1.028952397665589], [-79.4637783199336, 1.029322304600699], [-79.46398363884813, 1.02924805061226], [-79.46417184587621, 1.029729692214425], [-79.4635206460704, 1.030003887386487], [-79.46327638102949, 1.030304965126685], [-79.46329672596448, 1.030517970500308], [-79.46392483099699, 1.030425707291583], [-79.46401427323632, 1.0305179408606], [-79.463298174851, 1.031187739882253], [-79.46292668135376, 1.032189938498012], [-79.46307243604483, 1.032345125935115], [-79.46367691711438, 1.032245838201331], [-79.46377910177074, 1.031845661397709], [-79.46405598416861, 1.031542992455003], [-79.46449082646184, 1.031759230881731], [-79.4646179944015, 1.031527942208516], [-79.46414629505249, 1.031251493493189], [-79.4641708355533, 1.031052974828059], [-79.46503105664253, 1.031207530565084], [-79.46509688344455, 1.031416778697975], [-79.46484774297659, 1.031949926444535], [-79.46482827070253, 1.032339779237401], [-79.46489989800125, 1.03251923378828], [-79.46521498166763, 1.03256365740355], [-79.46527697761279, 1.032783279931873], [-79.46523903041923, 1.032933376822842], [-79.46465748128946, 1.032839449574361], [-79.46437895024991, 1.032965366876939], [-79.4641919896559, 1.033528315554814], [-79.46463827018681, 1.033764536371085], [-79.46466480815897, 1.033992657467669], [-79.4645756292823, 1.034100279440656], [-79.46401342942367, 1.034164920849802], [-79.46393319352514, 1.034475635863098], [-79.46444236846644, 1.034876740034175], [-79.46474784341817, 1.034456508528877], [-79.46524369690933, 1.034371040734739], [-79.46533450512104, 1.03462546878259], [-79.46575281181927, 1.034793364873352], [-79.4659422249281, 1.034147565619648], [-79.46614631443317, 1.034073318520351], [-79.4663631424328, 1.034183317913563], [-79.46615747040543, 1.03481740372421], [-79.46532754440821, 1.035204986237858], [-79.46500454331323, 1.035115014518218], [-79.46425955798047, 1.035218221659384], [-79.46416890315834, 1.035612515465435], [-79.46445443458424, 1.035970342820705], [-79.46437340848851, 1.036244039395093], [-79.46423270415754, 1.036247484326209], [-79.46384775340019, 1.035745927109633], [-79.46358960304944, 1.035964134429331], [-79.46373711748821, 1.036547083975625], [-79.46409077319775, 1.036449003405185], [-79.46421458082663, 1.036813877673977], [-79.46504463032673, 1.036665105447294], [-79.46513460311566, 1.036396315912672], [-79.46551905664904, 1.036612017006666], [-79.46518771188852, 1.036994240066761], [-79.46446030435628, 1.039007711275528], [-79.46439916267799, 1.03951709001943], [-79.4646697595584, 1.039654432861395], [-79.4647109008442, 1.040028162601959], [-79.46464389917288, 1.040265745029446], [-79.46434115920005, 1.040541402995691], [-79.46478933265038, 1.04094207083637], [-79.4645300521834, 1.041059398382145], [-79.46415530737606, 1.040835628541301], [-79.46340810383755, 1.041282664821924], [-79.4628506272475, 1.041308005663157], [-79.46240201951281, 1.041224610405276], [-79.46215518423216, 1.040741305988376], [-79.46192861050616, 1.04076895353179], [-79.46186364471266, 1.041319576673267], [-79.46195917794536, 1.041742675894495], [-79.46182945649947, 1.041844794922902], [-79.46146926561322, 1.041722235348165], [-79.46134667673054, 1.041899689852765], [-79.4617010424203, 1.042228254524168], [-79.46191209321485, 1.042098147237686], [-79.4621242539451, 1.042173030970198], [-79.4619637365933, 1.042689623374416], [-79.46210301350763, 1.043180017117759], [-79.46183893048149, 1.043178987298561], [-79.46167234872499, 1.042815426838312], [-79.461212462616, 1.042731358142464], [-79.46101692600517, 1.043423808950664], [-79.46065476704621, 1.043215291215863], [-79.46039958243237, 1.043461011231622], [-79.46019856526242, 1.044205660899691], [-79.4605629962967, 1.044464297247216], [-79.46073249450576, 1.044805013095148], [-79.46055782560192, 1.045189265211592], [-79.46062086699222, 1.045710945104774], [-79.46018572987428, 1.045754190280637], [-79.4599696016045, 1.044757050848881], [-79.45978823664305, 1.0448120781709], [-79.45956189676258, 1.045244676351039], [-79.45982591984784, 1.04597302738426], [-79.45998238325909, 1.047098233814229], [-79.4605426945769, 1.047999572515664], [-79.46055992688432, 1.048378487479156], [-79.46013957356246, 1.048636168949219], [-79.45967480849829, 1.048665771278956], [-79.45940411834418, 1.049646100983935], [-79.45874109378747, 1.049662304519746], [-79.45857525851002, 1.049971526677533], [-79.45722130775238, 1.051266314577803], [-79.44061665009961, 1.061266456300186], [-79.433929252167, 1.065573821626118], [-79.42823397272781, 1.069504889255392], [-79.42603151413209, 1.07054659912671], [-79.42427768257944, 1.071212946849844], [-79.42333699586025, 1.071326502529359], [-79.42251892026856, 1.0711565067861], [-79.41890287188343, 1.074123263570318], [-79.41910272283756, 1.074770814532084], [-79.4188840122729, 1.075156419325103], [-79.41595519860692, 1.07640582990733], [-79.4147786235923, 1.07676714724288], [-79.40922188836787, 1.078429553837957], [-79.40442968798286, 1.079559216144871], [-79.4012918820158, 1.080490509011517], [-79.39739154783025, 1.081917438654542], [-79.39590554371154, 1.082616993358369], [-79.39517088210991, 1.082569122516225], [-79.39404188448714, 1.082936373517063], [-79.39369030029478, 1.08286885559504], [-79.39264504446741, 1.083144944608532]]]}, "properties": {"PROVINCIA": "ESMERALDAS", "CANTON": "RIOVERDE", "PARROQUIA": "RIOVERDE", "NUM_SECTORES": 3, "CASOS": 30, "CIRCUNSCRIPCION": "CIRCUNSCRIPCIÓN URBANA", "TIPOLOGIAS": "D, E, H", "ETIQUETA": "RIOVERDE\n3 sectores (30 casos)"}}, {"type": "Feature", "geometry": {"type": "Polygon", "coordinates": [[[-79.42296097307226, 0.978029850852202], [-79.42092322367306, 0.977149645116511], [-79.41965836131028, 0.976784670615478], [-79.4180981396901, 0.976885853626851], [-79.41732126452314, 0.975914847087821], [-79.41693784794329, 0.975211447483722], [-79.4171643393657, 0.974825279852226], [-79.41739068271959, 0.974756056164402], [-79.41622991153461, 0.973937139655307], [-79.41603109755323, 0.973520487750169], [-79.41555583643469, 0.973087878539836], [-79.41521569667636, 0.972473371973751], [-79.41511494218265, 0.971784909901914], [-79.41435447545891, 0.971426777804969], [-79.41268962187475, 0.970298862788318], [-79.41171061384505, 0.969831921503878], [-79.4110125228384, 0.968078453480629], [-79.40991109711604, 0.967908634070363], [-79.40920387118057, 0.967250998290198], [-79.4078403649644, 0.966314414460657], [-79.39774632106224, 0.962818757140578], [-79.39794016500639, 0.96227134144996], [-79.39877054794516, 0.961019934735631], [-79.39903326583942, 0.960235842112733], [-79.39825304816905, 0.958835798483941], [-79.3983112948303, 0.958256914050995], [-79.3987219905959, 0.957448507143182], [-79.39923464706789, 0.956860905334655], [-79.40024724556554, 0.954510155799911], [-79.40050717614733, 0.953054348175108], [-79.40078039486168, 0.952367716680333], [-79.4013892543119, 0.951711142033688], [-79.40142663428306, 0.950920374346284], [-79.40244584169994, 0.948552291144312], [-79.4023791616019, 0.947396321472728], [-79.40277583245343, 0.945295020697691], [-79.40301535310307, 0.944654426914027], [-79.40364978448379, 0.943839493624106], [-79.40438687195297, 0.94329042577777], [-79.40653936739055, 0.942194703499922], [-79.40669362427776, 0.941698203750386], [-79.40650292996627, 0.940956413912531], [-79.40657137954788, 0.940461977317191], [-79.4077482517566, 0.938769297368646], [-79.40809506130066, 0.937951265937435], [-79.40845608683769, 0.936754329024598], [-79.40856616119788, 0.935661597041803], [-79.40825240626965, 0.934542862459552], [-79.40796606939932, 0.934075733855571], [-79.40765236633688, 0.93377341566399], [-79.40585678626636, 0.93272981666608], [-79.40561997515034, 0.932151732482342], [-79.40282357360933, 0.930282469563022], [-79.40228846284406, 0.930294966509022], [-79.40062645274365, 0.930872081057505], [-79.39794742332195, 0.931196544122832], [-79.39760202641938, 0.931077370589648], [-79.39752095816655, 0.930544748268638], [-79.3968555781734, 0.92954122332071], [-79.39575629445665, 0.928383790885471], [-79.3952379325289, 0.928053910497516], [-79.39437835937507, 0.927916166337449], [-79.39065308249725, 0.928340251223442], [-79.38987531913025, 0.928339894755185], [-79.38908399235791, 0.928160975048737], [-79.3889052703115, 0.928051973584036], [-79.38828495158533, 0.926946459909333], [-79.38808003882997, 0.925512579787478], [-79.38742074778673, 0.924973669671046], [-79.38484159785128, 0.9234156774831], [-79.38211531530594, 0.922806966635681], [-79.38167729467709, 0.922622343221067], [-79.38117264497848, 0.922155120260907], [-79.38098201882869, 0.921262254113244], [-79.3805866965988, 0.920424235658519], [-79.38014276910778, 0.917528006511275], [-79.37972871372335, 0.916770321574041], [-79.37705160307078, 0.913416533660606], [-79.37570532498367, 0.912675451271561], [-79.37543791373201, 0.911276347712098], [-79.37407679132738, 0.909291829323604], [-79.37450733490184, 0.906521622287072], [-79.37434416069658, 0.905257927776963], [-79.37390784486165, 0.904543510538354], [-79.37374694569183, 0.903935774228606], [-79.37459007516499, 0.900786529900048], [-79.37511075517617, 0.899654388086566], [-79.37530624775101, 0.898460196364026], [-79.37509668852874, 0.897957547985851], [-79.37410926442305, 0.896488019540209], [-79.37305909209586, 0.895416219897183], [-79.37161317441334, 0.894454124246672], [-79.3695122808256, 0.89356041123936], [-79.36732964398985, 0.892391964038407], [-79.3668933177311, 0.8917050211284], [-79.36656623787297, 0.890812102440304], [-79.36338601851922, 0.887731146311643], [-79.36280159376756, 0.887898615227982], [-79.36138250321933, 0.888007861618455], [-79.35974520954392, 0.887869781454987], [-79.35943789847671, 0.887638587544616], [-79.35881797398596, 0.886509612250816], [-79.35828670598939, 0.884531549655635], [-79.35799281907777, 0.884051144551031], [-79.35706205331849, 0.883254042157142], [-79.35575886097531, 0.882409911813795], [-79.35385003325119, 0.882502789088727], [-79.35282584739228, 0.882408605458902], [-79.35212763610325, 0.882127110981724], [-79.35161583225775, 0.881423925060828], [-79.35096518645226, 0.878846125516917], [-79.35026734422485, 0.877721084590697], [-79.34873158554315, 0.876408216693211], [-79.34806280915107, 0.875360808079369], [-79.34538440756604, 0.872136981857262], [-79.34492210096666, 0.871273487030257], [-79.34351596238774, 0.870199547506702], [-79.34324325329895, 0.869787383054954], [-79.34310859357448, 0.868943527373286], [-79.34166208551055, 0.866146966340965], [-79.34032656337133, 0.864307698454421], [-79.33875509200676, 0.862438355232441], [-79.33772135143296, 0.860390364293515], [-79.33759873091597, 0.859978267793125], [-79.33777628043605, 0.859580037200067], [-79.33885471997313, 0.858344380728924], [-79.34042486932752, 0.855914011993914], [-79.34049146183578, 0.855475370977108], [-79.33960686743934, 0.854375361134287], [-79.33899316664012, 0.85368835570549], [-79.33790193116126, 0.852959938248993], [-79.33691169928717, 0.852808884217415], [-79.33562870012838, 0.85167179449607], [-79.33402740026196, 0.851097886427552], [-79.33299557279797, 0.850452574228896], [-79.33149725188896, 0.850141967777038], [-79.33011345884334, 0.848910817300101], [-79.32872582718238, 0.848050398720535], [-79.32751589969612, 0.847763267736741], [-79.32662612549915, 0.84783453163481], [-79.3257377491055, 0.848115904963467], [-79.32541598397232, 0.848048958463611], [-79.32474011842126, 0.84726050165018], [-79.32353040843974, 0.846471812941507], [-79.32274800662415, 0.845145927910296], [-79.32271273980022, 0.844393577329093], [-79.32324718130177, 0.842996613866568], [-79.32331868378935, 0.842244308470872], [-79.32255442324339, 0.840098924446886], [-79.32218174018574, 0.837734280167074], [-79.32175492837322, 0.83711610620741], [-79.3201005656184, 0.83582567568479], [-79.31481551278914, 0.835877134377514], [-79.31327929340208, 0.835748261891438], [-79.31331526548009, 0.834852643985912], [-79.31278163827574, 0.834350858587343], [-79.31268758596192, 0.833836994906244], [-79.31217688041446, 0.833741567060394], [-79.31110912496527, 0.83392023200125], [-79.31007709579283, 0.833776485368341], [-79.30826247148528, 0.832772593283958], [-79.30708816510807, 0.832449658737273], [-79.30641213979058, 0.832055289441239], [-79.30602096380056, 0.831338615737213], [-79.30570127184227, 0.829905469545712], [-79.30609324058855, 0.828759231861701], [-79.30609348407451, 0.828186028608003], [-79.30502577939583, 0.828257219198961], [-79.3041005217347, 0.828113519535942], [-79.30157348406858, 0.828613982177446], [-79.29936708539509, 0.828326428474007], [-79.29758804717295, 0.827358383357805], [-79.29698330966463, 0.826713270653968], [-79.29652100484905, 0.825889095147901], [-79.29652146133628, 0.824814344164648], [-79.29655756869776, 0.823596308840539], [-79.29705663426913, 0.821661971054721], [-79.29773323276703, 0.820694985226833], [-79.29880123296816, 0.819907290840277], [-79.29919290838171, 0.819441731973846], [-79.29954899484463, 0.81897615767603], [-79.29983403840774, 0.81818812801305], [-79.29990547149373, 0.817579131062123], [-79.29930201023036, 0.81388888983689], [-79.29937344285122, 0.813279893796515], [-79.29972966125938, 0.812491892605779], [-79.30080858102083, 0.810797291253422], [-79.30185286069445, 0.809985695880012], [-79.30308676842402, 0.809604080649657], [-79.30398855392883, 0.809126792162686], [-79.30493808755874, 0.8079330179091], [-79.30584026737783, 0.806500388424619], [-79.30579344718365, 0.804971826894515], [-79.30503508241007, 0.802869764267692], [-79.30527255824927, 0.802344426982046], [-79.30593706194604, 0.80191480198608], [-79.30679129501895, 0.80167632283826], [-79.30783527569187, 0.80158122276622], [-79.30868962694103, 0.801056140784032], [-79.30925936344735, 0.800292105607647], [-79.30973452712085, 0.798715989908809], [-79.31206138502084, 0.794513447553942], [-79.3131055221362, 0.794036205340243], [-79.31372233956084, 0.794179760587421], [-79.31429182150373, 0.794036692547294], [-79.31462419811895, 0.793511390023593], [-79.31481479813753, 0.791553014076439], [-79.31472101119441, 0.78878247963915], [-79.31542114947574, 0.788227471906589], [-79.31670256983008, 0.78769061228597], [-79.3185533268086, 0.787368935636944], [-79.32097339632664, 0.787334091373808], [-79.32268175707098, 0.787119831248562], [-79.32442588145264, 0.786475676476607], [-79.32773635640051, 0.784757383620108], [-79.32855516427608, 0.784112851968709], [-79.32884011915392, 0.783503930782155], [-79.32997946925359, 0.782250489581501], [-79.33165259922129, 0.781140563168572], [-79.33243570422934, 0.780782619306404], [-79.33385939943001, 0.780460756161183], [-79.33549643580497, 0.780640537000799], [-79.33592363340411, 0.780318275439154], [-79.33674290396002, 0.778491487063885], [-79.33741932534976, 0.777918542922184], [-79.33927008142741, 0.777632670068432], [-79.34146286409418, 0.777979412400293], [-79.34203222393744, 0.778158766526327], [-79.34263701843454, 0.778732220061087], [-79.34302826429771, 0.779341415975132], [-79.34388218687339, 0.779914968720557], [-79.34427365615403, 0.779950949597049], [-79.34551928604817, 0.779951442796455], [-79.34623114458381, 0.779772594367693], [-79.34697862240164, 0.779522108054746], [-79.34826012237575, 0.778806094940401], [-79.3490787793227, 0.778555635701864], [-79.35174806277935, 0.778377556560039], [-79.35434583716172, 0.779059274523658], [-79.3556624446165, 0.779597183158328], [-79.35612469204641, 0.780672149157832], [-79.35587443585604, 0.783573967975891], [-79.35594541932285, 0.784075562085876], [-79.35868483452602, 0.786620303205853], [-79.35925419955578, 0.786799659021955], [-79.36078450406218, 0.786943569991535], [-79.3614248961706, 0.787517042987151], [-79.36188725599652, 0.788305403411872], [-79.36195821217171, 0.788878651335651], [-79.36181574032652, 0.789165204754535], [-79.36192239638027, 0.789451856948879], [-79.36313212978787, 0.790276340687283], [-79.36516058400044, 0.790707061005831], [-79.36637048628535, 0.79110162969255], [-79.36704648514633, 0.791639292655396], [-79.36854064576386, 0.7932162449441], [-79.36943026978572, 0.793539035194309], [-79.37049788586165, 0.793754416424574], [-79.37224181106687, 0.793719281582644], [-79.37473322766184, 0.793433656366429], [-79.37551615306829, 0.793577272331617], [-79.3760853859371, 0.79411489484722], [-79.37775771579356, 0.795154525406777], [-79.37804217208871, 0.795835341588495], [-79.37797054372496, 0.796981762006131], [-79.37871767056308, 0.797662762948533], [-79.38053267358777, 0.797914267669527], [-79.38095964379013, 0.798201049487895], [-79.38156432824478, 0.799096954611402], [-79.3822047975357, 0.799491300866766], [-79.38302334683583, 0.799563278510195], [-79.38405533951835, 0.799886128086983], [-79.3851229081407, 0.800244817465817], [-79.38604804734406, 0.800782584173755], [-79.38693770803154, 0.801033723634206], [-79.38928653329471, 0.801392920835014], [-79.3902473492012, 0.8017157416764], [-79.39138600540672, 0.802325247064677], [-79.39177729014817, 0.802862803573627], [-79.39196630959886, 0.804899033622985], [-79.39262997316344, 0.806666751495844], [-79.39305683393252, 0.807240150776398], [-79.39315144148937, 0.808004492702779], [-79.39300887322516, 0.80852989565117], [-79.3922017397405, 0.809580492945405], [-79.39196384763648, 0.811156776309596], [-79.39267462053483, 0.813784357833639], [-79.39262646694753, 0.815551792907234], [-79.39291100213482, 0.816029598082009], [-79.39385987530976, 0.816555439559593], [-79.39442925039937, 0.816746745187172], [-79.39547322392507, 0.816794933897451], [-79.3964221951482, 0.817081930020706], [-79.39694409537036, 0.817320985585774], [-79.39722861333264, 0.817846560703149], [-79.39675359622305, 0.819040597995273], [-79.39651586963801, 0.820186961414064], [-79.39642006639976, 0.822432072003511], [-79.39556516264554, 0.824246952844958], [-79.39537475272985, 0.825727717684172], [-79.39532672332992, 0.827160771244133], [-79.39570501183753, 0.830504763298099], [-79.39764877049004, 0.835139165995899], [-79.39888216209715, 0.836190594375404], [-79.40011533966722, 0.837767484128552], [-79.40073176513971, 0.838961968908989], [-79.40196494421961, 0.840538861161552], [-79.40253383735461, 0.841924404419896], [-79.4024856820343, 0.84364407906582], [-79.40220005532622, 0.845841347236927], [-79.40181961571757, 0.847799728936638], [-79.40139199422694, 0.84908932023357], [-79.4012488632855, 0.850952261309284], [-79.40172305695582, 0.851812305589234], [-79.4027191344154, 0.852959183863567], [-79.40319332816475, 0.853819229038438], [-79.4031930520748, 0.854487999456907], [-79.40376173929951, 0.856351239407333], [-79.40437841630123, 0.856924729593004], [-79.40447277272736, 0.858262310140701], [-79.40433015003812, 0.858883251973278], [-79.40385538343537, 0.859408513874203], [-79.40717806628672, 0.865942964499655], [-79.40844158567621, 0.868161395576816], [-79.41001754914166, 0.870240235050769], [-79.41171225133743, 0.872827931391267], [-79.41195223801492, 0.872790320792727], [-79.41271261103223, 0.872286180826424], [-79.41343134715203, 0.872093039034826], [-79.41403231927468, 0.871636853173974], [-79.41523974930864, 0.871573334729747], [-79.41562074337996, 0.871432593517503], [-79.41672093183757, 0.870648236803447], [-79.41791746391233, 0.870218889614619], [-79.41851694607948, 0.869670906036228], [-79.41921363126541, 0.868712644526396], [-79.42050624088206, 0.867982899154063], [-79.4209675794936, 0.867133243865943], [-79.42152159343058, 0.867470992521817], [-79.42302500963817, 0.866876809930336], [-79.42330097209701, 0.866965283999506], [-79.42398914132454, 0.867910473786488], [-79.42502887794376, 0.867747758714126], [-79.42541241741742, 0.867317431953948], [-79.42556198399788, 0.867372933433561], [-79.42581983163537, 0.867817999183189], [-79.42625712129508, 0.86798477025574], [-79.42705765601313, 0.867916914832406], [-79.42752517198156, 0.867772951355997], [-79.42787142655679, 0.867124831943344], [-79.42871203641306, 0.86748178309006], [-79.42983062161564, 0.866973170859797], [-79.43032189960788, 0.866288483165998], [-79.43106006830736, 0.866692871498263], [-79.43113655036173, 0.866415979783806], [-79.43080509037134, 0.86560406302922], [-79.43082460160882, 0.865350842549636], [-79.43103061403664, 0.865130438552735], [-79.43124750973193, 0.865096885605107], [-79.43177400926217, 0.865281147733006], [-79.4321618195854, 0.865172692057162], [-79.4324868119309, 0.864449225920746], [-79.43339356743166, 0.86519717060286], [-79.43360077887898, 0.864901250186678], [-79.43346932663823, 0.864489065479579], [-79.43356766224798, 0.864156472017406], [-79.43398489008084, 0.86417346685268], [-79.43467398704675, 0.864625585832918], [-79.43583836154055, 0.864412542485343], [-79.43604550983993, 0.86449031549542], [-79.43644013048718, 0.865087557604892], [-79.43665006615238, 0.865195268958936], [-79.43674818790619, 0.864702462081834], [-79.43747411955923, 0.863257280615059], [-79.43796473990986, 0.861751763883649], [-79.43799129123256, 0.859882604814642], [-79.43791411208439, 0.85941528143173], [-79.43765635054126, 0.859077686461048], [-79.43677957084226, 0.858895599922204], [-79.43628945889067, 0.85915500510766], [-79.43499942948401, 0.86047846643269], [-79.43445781043732, 0.860556125099707], [-79.43409682762639, 0.860374250645786], [-79.43373593047723, 0.859984692325724], [-79.43288549223479, 0.858452664396732], [-79.43226667528853, 0.858114921060032], [-79.43123508482962, 0.858114495280641], [-79.42991961885335, 0.858581242630218], [-79.42826905500223, 0.858632480696399], [-79.42672173730814, 0.858476076608304], [-79.42561301448478, 0.857904484973332], [-79.42517474909064, 0.857514895817586], [-79.42476238029155, 0.856865711896147], [-79.42471098063854, 0.856424361463991], [-79.42481425524586, 0.856138839108936], [-79.42538169247271, 0.855983310537735], [-79.42698065084637, 0.85598397119375], [-79.42772861531003, 0.855828516601774], [-79.4302305848582, 0.854920927228057], [-79.4305917459951, 0.854661470435109], [-79.43087580256937, 0.853752965884129], [-79.43082440055507, 0.853311615207716], [-79.43061818929225, 0.853051924175699], [-79.42889082614047, 0.85170126484069], [-79.42809173641189, 0.850740395771899], [-79.42752557131524, 0.847754699509933], [-79.42664940516191, 0.846066904951149], [-79.42590165291915, 0.845703152251917], [-79.4255993594182, 0.844689057801027], [-79.42473408536728, 0.843116069136641], [-79.42468249024155, 0.842731865241508], [-79.42597195502047, 0.840841771391745], [-79.42660418213659, 0.840838772187628], [-79.42679291821521, 0.840674431347132], [-79.4270488535976, 0.839844398924013], [-79.42733253496587, 0.83949967128866], [-79.42840809887198, 0.839368699242417], [-79.42931837323425, 0.838957028547781], [-79.42981512858915, 0.837796990476851], [-79.43030302089008, 0.837457318368101], [-79.43101182407311, 0.837379193631429], [-79.43144359553477, 0.836739784203953], [-79.43169592024503, 0.836852029927195], [-79.43178485922611, 0.837090281638469], [-79.43172537520063, 0.839370311272332], [-79.43193594131169, 0.840563103806292], [-79.43213438027054, 0.840847975979246], [-79.43316356216664, 0.841004399085305], [-79.43389022815097, 0.842321845306309], [-79.43495860149255, 0.843107016429031], [-79.43592327939355, 0.84326151479818], [-79.43691772732119, 0.843107808780307], [-79.4381795051173, 0.842617957673999], [-79.43860670441894, 0.841960004483957], [-79.43928975703048, 0.839088655409423], [-79.43968781978828, 0.838037459748004], [-79.4413262883206, 0.835556191989833], [-79.44182643963848, 0.83443458292319], [-79.44183948599095, 0.833698683706293], [-79.44027282993497, 0.826465680503724], [-79.44157178953908, 0.82623271401598], [-79.44407704189895, 0.825486568408727], [-79.44658253137001, 0.824133370678434], [-79.44751038594622, 0.823900254395905], [-79.44857751587308, 0.823387016805345], [-79.45423665990164, 0.823996280105469], [-79.45558181656475, 0.824276982668308], [-79.45627742699111, 0.824837608095488], [-79.45738979569288, 0.82731294248561], [-79.4579460614085, 0.8283404778021], [-79.45827065386712, 0.828667478585151], [-79.45910553932866, 0.828947983403763], [-79.46114672845724, 0.828715300526478], [-79.46188883762495, 0.828995768852482], [-79.46258414580926, 0.830350234865278], [-79.46453194717931, 0.831705191500689], [-79.46565110883182, 0.832093161859989], [-79.46682456869836, 0.833986966414921], [-79.46677883063057, 0.83449056917695], [-79.46659241855279, 0.835287894937919], [-79.46636063022645, 0.835654239154286], [-79.46505826982788, 0.836472898855458], [-79.46466200573582, 0.836965870105379], [-79.46440122556093, 0.837490372297171], [-79.46428630349779, 0.838182804377671], [-79.4646817141281, 0.83988267928327], [-79.46512981342613, 0.84102345215311], [-79.4650452335383, 0.841816734502986], [-79.4645237969851, 0.843901086024242], [-79.46461730007127, 0.844677537374676], [-79.46485685608114, 0.845118301022434], [-79.46491921206669, 0.84557997726077], [-79.46540915494357, 0.846141010577172], [-79.4670241848978, 0.846787406585233], [-79.46841324478851, 0.848713428501227], [-79.47176724473088, 0.851659163122844], [-79.47288539608161, 0.852265810034346], [-79.47391785694248, 0.85200642132575], [-79.47563845620448, 0.852007107078649], [-79.4768429791726, 0.851747786537965], [-79.47811213883122, 0.851196214317731], [-79.47901548189805, 0.851131623010555], [-79.4799832197686, 0.851391808552345], [-79.48056374554307, 0.851846689973147], [-79.48166001953999, 0.853405932102458], [-79.48262755440024, 0.854185719929852], [-79.48352985357154, 0.856784092560985], [-79.48333569730872, 0.858277872329998], [-79.48339988724425, 0.85912225189594], [-79.48385124017562, 0.859901837005044], [-79.4848187253925, 0.860811528498754], [-79.484947437619, 0.861655935424988], [-79.48430174575144, 0.86282478333027], [-79.4830754743835, 0.863668645076937], [-79.48139720749964, 0.865356677522713], [-79.48133255638152, 0.865681402309339], [-79.48184793715184, 0.867695069402962], [-79.48197643958954, 0.869059077060832], [-79.48185705905605, 0.870988231437497], [-79.48227328001872, 0.872751085107923], [-79.4830161452073, 0.87407862052056], [-79.48390567794492, 0.875012687470669], [-79.48500996985358, 0.877044172402485], [-79.48526342006575, 0.878283360496736], [-79.48519858202128, 0.879062738321963], [-79.48384312226315, 0.880231290640945], [-79.48293932559547, 0.881400026235326], [-79.48198695719597, 0.883005125580117], [-79.4814060256636, 0.8835529036783], [-79.47988154611431, 0.883844552013008], [-79.47897621550291, 0.88446545498883], [-79.47838398401576, 0.885261722872605], [-79.47770943665601, 0.885655585096369], [-79.47743614959343, 0.886036408638117], [-79.47679452233666, 0.887918264856883], [-79.47694647051652, 0.888387339169941], [-79.47714136973326, 0.88845920830399], [-79.47784469837083, 0.889239590819024], [-79.47800144933004, 0.889589021461217], [-79.47851956682791, 0.889857243476193], [-79.47833008288234, 0.89107037493755], [-79.47841298457573, 0.891800248708751], [-79.4775564701934, 0.893564668507411], [-79.47758581542092, 0.8944620251256], [-79.47784116898565, 0.894934732825497], [-79.47784102589556, 0.895281706144197], [-79.47819153818855, 0.895580966593537], [-79.47830419040567, 0.896221119361183], [-79.47815553426086, 0.896418473174538], [-79.47783456894484, 0.896526020387393], [-79.47723432809138, 0.896525769117525], [-79.47665198733989, 0.896352038202276], [-79.47622519549826, 0.896560043134507], [-79.47534280645881, 0.897650244159958], [-79.47517381717725, 0.898155078196073], [-79.47439844743201, 0.899131060989208], [-79.47413080983397, 0.899287873733798], [-79.4742509722356, 0.899586320519922], [-79.4740011381217, 0.900135388911401], [-79.47413269088122, 0.901054322948654], [-79.47525896869632, 0.902282362580562], [-79.4752812860969, 0.903253945456875], [-79.47625090918989, 0.90390762085233], [-79.47606520385052, 0.904589523245555], [-79.47606235726475, 0.905143338446636], [-79.47691856467446, 0.905189923921493], [-79.47777424617485, 0.905453506290669], [-79.47823285848834, 0.905902372420118], [-79.47855342367136, 0.906756779320736], [-79.47991523812715, 0.907529071843275], [-79.48035161605176, 0.908564194158842], [-79.48024131773924, 0.909407651600887], [-79.47978988059816, 0.909801693763089], [-79.479290604128, 0.909954031229812], [-79.4791003227085, 0.910205206871581], [-79.47862483301206, 0.910321659147213], [-79.47873463313643, 0.91066867927889], [-79.47837231862098, 0.911586806991595], [-79.47842906988102, 0.912304706849893], [-79.47834054355883, 0.912529603577919], [-79.47773936192213, 0.9130634464257], [-79.47764413652935, 0.913390757116127], [-79.4782130705749, 0.914920552544602], [-79.47808195749779, 0.915788527370331], [-79.47828356110314, 0.916877390526057], [-79.47800392594088, 0.917619075235472], [-79.47799754861916, 0.918645036399078], [-79.47773566337243, 0.919572178985035], [-79.47781865743853, 0.920062762680062], [-79.47764903020806, 0.92065493668008], [-79.4777496640929, 0.921591208359952], [-79.47753241406018, 0.922368813207042], [-79.47712907711903, 0.922748634415221], [-79.47691371696891, 0.923832054193728], [-79.47648183566068, 0.924253020379065], [-79.47605867411124, 0.924296389328669], [-79.47561637395584, 0.924622831084891], [-79.47528430337955, 0.925675569746066], [-79.47455207430401, 0.92579011232595], [-79.47406933755337, 0.926172769088029], [-79.4732651389655, 0.926424872649494], [-79.4729048687142, 0.926711866055462], [-79.4724397943959, 0.927483377984189], [-79.47241094822682, 0.929266432449812], [-79.47462037869053, 0.931836875468503], [-79.47383114508548, 0.933070502919119], [-79.47343960160633, 0.933485257932035], [-79.47293538405563, 0.933629778612604], [-79.47261497183091, 0.934256204303884], [-79.47222003850032, 0.934100368814463], [-79.47167065138227, 0.934342384982936], [-79.47133910539398, 0.934793401280644], [-79.47124672924562, 0.935164632583221], [-79.47105044862774, 0.935228031215409], [-79.47070413961467, 0.935645822824537], [-79.47059470191303, 0.936135852682138], [-79.470452756587, 0.936153066287824], [-79.47028621484573, 0.935933637068283], [-79.46993848870159, 0.935854194332366], [-79.46966718164761, 0.935620316522579], [-79.46915079105891, 0.936330234102637], [-79.46843121801342, 0.936374105059001], [-79.46835456633185, 0.936987548264434], [-79.46770073193204, 0.936890536288032], [-79.46765429957537, 0.937348039049275], [-79.46675838000819, 0.937510510973969], [-79.46667279979324, 0.937783057587565], [-79.46674945439794, 0.938076635282493], [-79.46637599710172, 0.93814662776695], [-79.46657674815087, 0.938333483687537], [-79.46642665251788, 0.938665156036951], [-79.46655102176275, 0.939299560049139], [-79.4663124750987, 0.939587928410373], [-79.46598593529983, 0.939531381912573], [-79.4655330197077, 0.939750002769919], [-79.46563128636724, 0.940223283888035], [-79.4663989305974, 0.940318623727129], [-79.46659798994251, 0.940700587754812], [-79.46630065702212, 0.941095678418195], [-79.46584294275989, 0.940918481472591], [-79.4655602054071, 0.941268483953386], [-79.46572318199131, 0.942369002410856], [-79.46554221442574, 0.943052752621569], [-79.46568499015194, 0.943482251624394], [-79.46607437038298, 0.943923823630818], [-79.46577619380929, 0.944103840964829], [-79.46509290941795, 0.944186527123423], [-79.46539782360243, 0.944801157937235], [-79.46519306968193, 0.945293004760976], [-79.46539237949891, 0.945530317281812], [-79.46551290392962, 0.946150460880089], [-79.4659215163683, 0.946727370393267], [-79.46561343425252, 0.947063378752317], [-79.46557412364439, 0.947316052183652], [-79.4659301830193, 0.947728365252269], [-79.46548388860448, 0.948352029342296], [-79.46553526273755, 0.948638783114312], [-79.46591656030313, 0.949132167463037], [-79.4658589366843, 0.949800695101027], [-79.46533983677072, 0.949969406346555], [-79.46527076055546, 0.950658930673812], [-79.46485583915354, 0.950907536066914], [-79.46515182664342, 0.951749451821268], [-79.46513368964015, 0.95206733927678], [-79.46434078650812, 0.952792751895758], [-79.46412642767626, 0.952754580382253], [-79.46400274309643, 0.952472261082839], [-79.46371595956754, 0.952474065102137], [-79.46353278669686, 0.952882312965038], [-79.4635796202598, 0.953215324706947], [-79.46409988633619, 0.953422717007303], [-79.46408151002537, 0.953665557818995], [-79.4638477139043, 0.953859721885337], [-79.46327082511687, 0.953701136267448], [-79.46290289170979, 0.953036037858302], [-79.46259245293533, 0.953759598370706], [-79.46238544661345, 0.953818236174147], [-79.46218499999166, 0.95363414924704], [-79.46202379624104, 0.952957446481663], [-79.4615438607175, 0.953496647864165], [-79.46165327844433, 0.95384879658123], [-79.46156584378127, 0.954018275390069], [-79.4609234324083, 0.954153756567662], [-79.46091226010552, 0.954029996997619], [-79.4612001367281, 0.953840355348422], [-79.46107520795212, 0.953728668954944], [-79.4602427367725, 0.953942841362629], [-79.46019015185175, 0.954340982543976], [-79.46036846676084, 0.955159607488856], [-79.4608813649507, 0.955057041909714], [-79.4610482455671, 0.955369752108165], [-79.46096280423235, 0.95572944066898], [-79.4604039546358, 0.956190489606386], [-79.45940901692074, 0.955694518709209], [-79.45904346648712, 0.955716519556705], [-79.45910123634292, 0.955261078224189], [-79.45894604365522, 0.955131252143187], [-79.45822250706264, 0.955331116943999], [-79.4575043461893, 0.955351675934727], [-79.45738430439468, 0.955645168769778], [-79.45669136966558, 0.956276325523167], [-79.45683495234816, 0.95687999885122], [-79.4565586527848, 0.956871737744572], [-79.45574066762413, 0.956452061003553], [-79.45554848382753, 0.956498337008187], [-79.4558838128263, 0.95711119613731], [-79.45517155506646, 0.95784468636581], [-79.45583329896543, 0.959237857578593], [-79.45649435122473, 0.959809102791727], [-79.45572839768268, 0.960005588821925], [-79.45612774488846, 0.960444325796455], [-79.45621797111274, 0.960848913274255], [-79.45556646619582, 0.961755686536067], [-79.45539538049671, 0.962375957820118], [-79.45524786494778, 0.962347812626692], [-79.45489410034256, 0.961845194116226], [-79.45468550100713, 0.961937642436102], [-79.45454634483615, 0.962278984593941], [-79.45490163680105, 0.962735432508528], [-79.45433052767208, 0.963062495107274], [-79.45387449611977, 0.963918553142158], [-79.454304418916, 0.964212525079464], [-79.45440705939498, 0.964427791491075], [-79.45379477294408, 0.964623275567047], [-79.45371185469965, 0.964798524305167], [-79.45435453389196, 0.965343180621049], [-79.45403348021793, 0.966203707130477], [-79.45439307021165, 0.967431987691754], [-79.45505250509561, 0.96756784389652], [-79.45524035674853, 0.967965525053977], [-79.45542232144774, 0.968057842622589], [-79.4557902023925, 0.967940677395489], [-79.45600169218932, 0.967287319453651], [-79.45621182670375, 0.967288448518865], [-79.45636394255583, 0.967491751881904], [-79.45657438921361, 0.968124096083981], [-79.45654000362502, 0.968487751624266], [-79.45630222129364, 0.968819828136985], [-79.45600977726387, 0.968874711248768], [-79.45592413159879, 0.969046272475433], [-79.45603136109861, 0.969345340169374], [-79.45646059970927, 0.969708969683107], [-79.45642638602557, 0.970097090134893], [-79.45611453987235, 0.970558841212118], [-79.456074314478, 0.97085745504093], [-79.45673679407473, 0.971663414043241], [-79.45674667114592, 0.971859073459051], [-79.45585272192075, 0.972020975391545], [-79.45592236803292, 0.972252485460373], [-79.45629707591485, 0.972454672518649], [-79.45633159675441, 0.972617624825319], [-79.45045220643478, 0.972620944773359], [-79.44531519116812, 0.973730281478157], [-79.4314623817716, 0.975012302375346], [-79.4305120349185, 0.975875184547662], [-79.42945368703987, 0.976360162056811], [-79.4282640406871, 0.97730649477403], [-79.42659301447979, 0.978213167566726], [-79.4249678478132, 0.978268471895585], [-79.42296097307226, 0.978029850852202]]]}, "properties": {"PROVINCIA": "ESMERALDAS", "CANTON": "RIOVERDE", "PARROQUIA": "CHONTADURO", "NUM_SECTORES": 2, "CASOS": 20, "CIRCUNSCRIPCION": "CIRCUNSCRIPCIÓN RURAL", "TIPOLOGIAS": "E, G", "ETIQUETA": "CHONTADURO\n2 sectores (20 casos)"}}, {"type": "Feature", "geometry": {"type": "Polygon", "coordinates": [[[-79.40844158567621, 0.868161395576816], [-79.40717806628672, 0.865942964499655], [-79.40385538343537, 0.859408513874203], [-79.40433015003812, 0.858883251973278], [-79.40447277272736, 0.858262310140701], [-79.40437841630123, 0.856924729593004], [-79.40376173929951, 0.856351239407333], [-79.4031930520748, 0.854487999456907], [-79.40319332816475, 0.853819229038438], [-79.4027191344154, 0.852959183863567], [-79.40172305695582, 0.851812305589234], [-79.4012488632855, 0.850952261309284], [-79.40139199422694, 0.84908932023357], [-79.40181961571757, 0.847799728936638], [-79.40220005532622, 0.845841347236927], [-79.4024856820343, 0.84364407906582], [-79.40253383735461, 0.841924404419896], [-79.40196494421961, 0.840538861161552], [-79.40073176513971, 0.838961968908989], [-79.40011533966722, 0.837767484128552], [-79.39888216209715, 0.836190594375404], [-79.39764877049004, 0.835139165995899], [-79.39570501183753, 0.830504763298099], [-79.39532672332992, 0.827160771244133], [-79.39537475272985, 0.825727717684172], [-79.39556516264554, 0.824246952844958], [-79.39642006639976, 0.822432072003511], [-79.39651586963801, 0.820186961414064], [-79.39675359622305, 0.819040597995273], [-79.39722861333264, 0.817846560703149], [-79.39694409537036, 0.817320985585774], [-79.3964221951482, 0.817081930020706], [-79.39547322392507, 0.816794933897451], [-79.39442925039937, 0.816746745187172], [-79.39385987530976, 0.816555439559593], [-79.39291100213482, 0.816029598082009], [-79.39262646694753, 0.815551792907234], [-79.39267462053483, 0.813784357833639], [-79.39196384763648, 0.811156776309596], [-79.3922017397405, 0.809580492945405], [-79.39300887322516, 0.80852989565117], [-79.39315144148937, 0.808004492702779], [-79.39305683393252, 0.807240150776398], [-79.39262997316344, 0.806666751495844], [-79.39196630959886, 0.804899033622985], [-79.39177729014817, 0.802862803573627], [-79.39138600540672, 0.802325247064677], [-79.3902473492012, 0.8017157416764], [-79.38928653329471, 0.801392920835014], [-79.38693770803154, 0.801033723634206], [-79.38604804734406, 0.800782584173755], [-79.3851229081407, 0.800244817465817], [-79.38405533951835, 0.799886128086983], [-79.38302334683583, 0.799563278510195], [-79.3822047975357, 0.799491300866766], [-79.38156432824478, 0.799096954611402], [-79.38095964379013, 0.798201049487895], [-79.38053267358777, 0.797914267669527], [-79.37871767056308, 0.797662762948533], [-79.37797054372496, 0.796981762006131], [-79.37804217208871, 0.795835341588495], [-79.37775771579356, 0.795154525406777], [-79.3760853859371, 0.79411489484722], [-79.37551615306829, 0.793577272331617], [-79.37473322766184, 0.793433656366429], [-79.37224181106687, 0.793719281582644], [-79.37049788586165, 0.793754416424574], [-79.36943026978572, 0.793539035194309], [-79.36854064576386, 0.7932162449441], [-79.36704648514633, 0.791639292655396], [-79.36637048628535, 0.79110162969255], [-79.36516058400044, 0.790707061005831], [-79.36313212978787, 0.790276340687283], [-79.36192239638027, 0.789451856948879], [-79.36181574032652, 0.789165204754535], [-79.36195821217171, 0.788878651335651], [-79.36188725599652, 0.788305403411872], [-79.3614248961706, 0.787517042987151], [-79.36078450406218, 0.786943569991535], [-79.35925419955578, 0.786799659021955], [-79.35868483452602, 0.786620303205853], [-79.35594541932285, 0.784075562085876], [-79.35587443585604, 0.783573967975891], [-79.35612469204641, 0.780672149157832], [-79.3556624446165, 0.779597183158328], [-79.35509312190712, 0.779310350337114], [-79.35174806277935, 0.778377556560039], [-79.35014651961689, 0.778412751947251], [-79.34826012237575, 0.778806094940401], [-79.34697862240164, 0.779522108054746], [-79.34551928604817, 0.779951442796455], [-79.34388218687339, 0.779914968720557], [-79.34302826429771, 0.779341415975132], [-79.34263701843454, 0.778732220061087], [-79.34203222393744, 0.778158766526327], [-79.34075114752368, 0.777800001047913], [-79.33927016676935, 0.777632680050056], [-79.329269529015, 0.753987501673963], [-79.31428604394988, 0.750789381146803], [-79.30215409159534, 0.738105946703144], [-79.29193612525158, 0.72474542071688], [-79.2924005284333, 0.724072395376236], [-79.29372271009983, 0.724159466859954], [-79.29670043007835, 0.724030738416275], [-79.29944992964563, 0.724595047025637], [-79.29993595249, 0.72443235016712], [-79.3009039288068, 0.723090871493975], [-79.30151556677507, 0.721948747023282], [-79.30105598539615, 0.721195710656861], [-79.30011543651304, 0.718740404373692], [-79.30014253656358, 0.718129010189241], [-79.30084704024873, 0.7170525519971], [-79.30078807294908, 0.716630498348566], [-79.2993055833958, 0.713989543765135], [-79.29753251633254, 0.712257474671591], [-79.29695241837145, 0.711207592075636], [-79.29707076780433, 0.710926282476189], [-79.29767290230474, 0.710515296291063], [-79.29841495246862, 0.709639045747903], [-79.29892047700373, 0.708849277420968], [-79.29900317776723, 0.708260549302798], [-79.29881359870454, 0.707150291926823], [-79.29882487091862, 0.705711061538733], [-79.29863149946726, 0.705375529641831], [-79.2973096726129, 0.704314554666118], [-79.29728385996569, 0.703037944294902], [-79.29734265176928, 0.702301804021531], [-79.29753634839967, 0.701739167771454], [-79.2978805423354, 0.7011765855904], [-79.29889197952507, 0.698493270744273], [-79.29933294566614, 0.697854973403568], [-79.29951340202872, 0.697116787383514], [-79.29908556238529, 0.695343762058894], [-79.29915154669268, 0.694099911492444], [-79.29942080879798, 0.692639131518989], [-79.29836605549963, 0.691151683390948], [-79.29781334103866, 0.688980046258343], [-79.29783134246273, 0.688472353806799], [-79.29838522515172, 0.68769341778297], [-79.29877794773228, 0.686676355326743], [-79.29812281439742, 0.68498799713406], [-79.29759638458175, 0.684132924845982], [-79.2969408815479, 0.683494234257757], [-79.29625352974358, 0.683159535010257], [-79.29438382440685, 0.683409311350589], [-79.29253360944685, 0.683287053824756], [-79.29092129125789, 0.682940196048466], [-79.29033557005272, 0.682566653029616], [-79.28948156577007, 0.680899872858737], [-79.28887518757833, 0.678129415006837], [-79.28867109800336, 0.677696492220852], [-79.2881338760282, 0.67696586616228], [-79.28727418316369, 0.676186430806115], [-79.28711306000676, 0.675845504300227], [-79.28652133777697, 0.675503338896151], [-79.28607758341566, 0.674992446071995], [-79.28417521482478, 0.674417192569537], [-79.28290683488146, 0.674416742193583], [-79.28005287325276, 0.674734937133795], [-79.27891122234178, 0.6750537390497], [-79.27802270722894, 0.676904831686903], [-79.277070928922, 0.678309008155651], [-79.27643660512696, 0.678691830893276], [-79.27535844168622, 0.678819127233385], [-79.27428043633451, 0.678499531436692], [-79.2730757074216, 0.677860683689069], [-79.27206105569408, 0.677732636156968], [-79.27123661380128, 0.677732339936066], [-79.26908021161212, 0.678210374643774], [-79.26789661271008, 0.6776140957794], [-79.26730516060897, 0.6763370559902], [-79.26561469730237, 0.674378648480755], [-79.26443097748977, 0.674122858495528], [-79.26299397883034, 0.672760397613686], [-79.26299421957985, 0.672079424765155], [-79.26378771842074, 0.671245864372898], [-79.26387344743121, 0.670989835422416], [-79.26348630824977, 0.670390469232407], [-79.26339146638439, 0.669576459702731], [-79.26263115448413, 0.667565191315334], [-79.2633927948494, 0.665793868157365], [-79.2642492405839, 0.664932315155112], [-79.26505880716437, 0.662107625507818], [-79.2651067863109, 0.660910618995198], [-79.26470908474788, 0.660383338127927], [-79.26333238482574, 0.660158653388819], [-79.26217231777784, 0.659714784574206], [-79.26193623794373, 0.657630820300123], [-79.26068192021599, 0.654797312595682], [-79.2605000233881, 0.653859686990813], [-79.26104815290404, 0.649579703592608], [-79.26092690964096, 0.648886680996381], [-79.26038040300881, 0.648438092138971], [-79.25963131945966, 0.648315543027329], [-79.25801769378403, 0.648641184062742], [-79.25714092904893, 0.648477733727756], [-79.25578803216244, 0.647993468625895], [-79.25551278700081, 0.644841633130919], [-79.25521895595983, 0.644217287895046], [-79.25533059825021, 0.643371484523201], [-79.25521949617374, 0.642627513639907], [-79.25357984601807, 0.641679200179433], [-79.25297283685322, 0.640537615932932], [-79.25254158673296, 0.63859189259166], [-79.25190465178363, 0.637629854187489], [-79.2515368006394, 0.636195824196178], [-79.25103687772369, 0.635050128438637], [-79.24961043744393, 0.633708986067176], [-79.2486618401999, 0.632998118308584], [-79.24737232852259, 0.632869868896668], [-79.24545777747025, 0.63214915747161], [-79.24480783334073, 0.6315334152189], [-79.24478077197035, 0.630528454077336], [-79.24432505686265, 0.62892847828369], [-79.24402207181188, 0.626798498737524], [-79.24422484120652, 0.625881395300295], [-79.24421797959127, 0.625158332396671], [-79.24372967320025, 0.623262192822189], [-79.24385171054944, 0.621999389700583], [-79.239883790762, 0.620478817310078], [-79.2369183163248, 0.618633295897083], [-79.23648303596309, 0.618592387162344], [-79.2345392976576, 0.618887267309107], [-79.23391166617142, 0.618876866385684], [-79.23317276049995, 0.618632041426249], [-79.23290974498268, 0.618071461658473], [-79.23424334825698, 0.616187223017591], [-79.23444774204889, 0.613086543746236], [-79.23398655136582, 0.606597042805949], [-79.23379443993491, 0.605893818560454], [-79.23283304673309, 0.604966145145768], [-79.23191245151361, 0.603090748466295], [-79.23221273461489, 0.602676722979534], [-79.23259358675948, 0.60157560521376], [-79.23259372628999, 0.601144683249855], [-79.23169025885797, 0.600474067937872], [-79.23050129656625, 0.60018640013738], [-79.22883662069462, 0.600185857573446], [-79.22774235211165, 0.60123886027154], [-79.22697395875463, 0.601563617894912], [-79.22626786549637, 0.601429897659918], [-79.22529160017491, 0.600714478128065], [-79.2243179137113, 0.601141979779837], [-79.22344020075315, 0.600774684237159], [-79.22287534047071, 0.600702608935104], [-79.22211451325163, 0.600191640937239], [-79.22224146982673, 0.599808644266052], [-79.222685484414, 0.599489589676188], [-79.22254037825796, 0.599002747279332], [-79.22070796457837, 0.59773696900063], [-79.22056649101509, 0.596962431752222], [-79.22064782960607, 0.595861865218035], [-79.21777365679141, 0.593496697270054], [-79.21386736460666, 0.589816609608087], [-79.21343248025815, 0.58855283092316], [-79.21351380745001, 0.587472649218299], [-79.21409875226034, 0.586043570399781], [-79.21487081255817, 0.585801821579054], [-79.21557961980061, 0.585170228635612], [-79.2164711657676, 0.58286742772905], [-79.21744349523573, 0.581196470080021], [-79.21937775993348, 0.578710561702445], [-79.22186823048523, 0.578008191758371], [-79.2224714639592, 0.578200929238055], [-79.2233416999599, 0.578273727800762], [-79.22377113682406, 0.578701758238591], [-79.22426716615428, 0.578691724140505], [-79.22462546779875, 0.57847624179184], [-79.22496609659665, 0.577265246926278], [-79.22531270628274, 0.576869166727381], [-79.22678835942646, 0.576868381116369], [-79.22844861523973, 0.576603943331512], [-79.22991640766286, 0.57674707291983], [-79.23222197910746, 0.575518007445499], [-79.23283199841872, 0.576238448921125], [-79.23444324967342, 0.57751163676479], [-79.2355341222453, 0.578603547723251], [-79.23611007115086, 0.579265096135846], [-79.23713287926773, 0.580825634277086], [-79.23908618447756, 0.582273337859929], [-79.23970738968744, 0.582918650465671], [-79.24042298671891, 0.584759908674874], [-79.2412627461222, 0.585996288615901], [-79.24274885319488, 0.58697263952606], [-79.24496648687577, 0.588935474386324], [-79.24630214404331, 0.590747177680193], [-79.24688215319608, 0.590812536073985], [-79.24733625448704, 0.590487270920674], [-79.24804715038978, 0.590487496555494], [-79.2488227543644, 0.590227507126769], [-79.24985664302443, 0.590683247649767], [-79.25050260708291, 0.59165933780054], [-79.25140722158773, 0.592180097572366], [-79.2526997419807, 0.59224556652022], [-79.25567265056438, 0.592051331616154], [-79.2574176667281, 0.591791647440836], [-79.25793466353481, 0.591856870601525], [-79.25873867810775, 0.592338486276621], [-79.25967935693473, 0.592638134049104], [-79.26019639505074, 0.592573237878224], [-79.26064890883693, 0.592183025249083], [-79.2607138598733, 0.591142095351651], [-79.26059134484622, 0.589206819838879], [-79.2610624628544, 0.587251219876681], [-79.26156376467343, 0.585845682873354], [-79.2625660591739, 0.584027759532779], [-79.26309751720778, 0.583263960316502], [-79.26385664526508, 0.582484951079304], [-79.26452459059409, 0.582087896373666], [-79.26552666346217, 0.580988095316964], [-79.26658917624984, 0.580774513664878], [-79.26810695174679, 0.580805540752102], [-79.26919973688572, 0.580866995050054], [-79.27011032558748, 0.581142304333523], [-79.27108179246541, 0.580867575141659], [-79.2723571222693, 0.579584500414675], [-79.27433056101657, 0.57854610786858], [-79.27624385078332, 0.57564360637968], [-79.27685092087971, 0.575796584802074], [-79.27751851991985, 0.576560758417969], [-79.27770002770474, 0.57863881499795], [-79.27830689638708, 0.579464089691007], [-79.27924773311132, 0.580106113598445], [-79.2810386018524, 0.580534485817799], [-79.28213144990818, 0.58041258495434], [-79.28334589037517, 0.579740659057401], [-79.28413514876678, 0.579725620516355], [-79.28516709522303, 0.580245437885134], [-79.28621428376647, 0.580551347173213], [-79.28689729320551, 0.580551555579747], [-79.28741346489554, 0.58015444634834], [-79.28788425412824, 0.579253099160655], [-79.28911413018386, 0.577725521999093], [-79.28969123059825, 0.576595013361769], [-79.2900255620399, 0.575204677838227], [-79.29031397605424, 0.575097808513719], [-79.29078441656624, 0.575357702444007], [-79.29163405346466, 0.576473363925299], [-79.29192200278942, 0.577925006884049], [-79.29190584415205, 0.581194821635517], [-79.29228503944289, 0.582050591342266], [-79.29305905031907, 0.582280020652812], [-79.29462233384675, 0.582463851166689], [-79.29664110919667, 0.582158874474405], [-79.2971724201132, 0.581899283132124], [-79.29850817828867, 0.581609376774451], [-79.30019312568953, 0.581013983541718], [-79.30108883927761, 0.580326672717977], [-79.30143834000205, 0.578966893512933], [-79.30118058024333, 0.578065318830286], [-79.3008164703644, 0.577515143169009], [-79.30008802566692, 0.577163493203713], [-79.29945080368113, 0.576292365281962], [-79.29904135354876, 0.575085154432511], [-79.29914778062975, 0.574474002681859], [-79.30072644997502, 0.573970248343103], [-79.3010975001517, 0.573214444224639], [-79.31212580618066, 0.573214575350336], [-79.31311879857051, 0.573894207019302], [-79.31467205942747, 0.575249364177373], [-79.31736387624666, 0.577175408739469], [-79.31865299099445, 0.578360837632767], [-79.31987286046622, 0.579798738554311], [-79.32045587065237, 0.579822787285961], [-79.32250679891091, 0.579393566669376], [-79.32346115790405, 0.580414128191221], [-79.3251858267075, 0.583297954430248], [-79.32562362933915, 0.58375622506291], [-79.32794342473464, 0.584890423207983], [-79.3289236730494, 0.586155712352821], [-79.33001904294242, 0.586971668879422], [-79.33111528329154, 0.587583968064015], [-79.33193636654991, 0.588481415176464], [-79.33267830495707, 0.589688486742811], [-79.33433018968614, 0.591437717804763], [-79.33473840719607, 0.59260562288219], [-79.33503310573956, 0.593063582428549], [-79.33715844916138, 0.594406367003311], [-79.33911239092454, 0.594846381652662], [-79.33963704203919, 0.595387159888562], [-79.33998522733492, 0.595125727952697], [-79.34119839059161, 0.594693635858879], [-79.34263610532098, 0.593773262108647], [-79.34412316065057, 0.593385563714072], [-79.34503445327852, 0.59334731295995], [-79.34629403141356, 0.593620444503996], [-79.34761040130853, 0.593242640832858], [-79.34927768011956, 0.594026763330832], [-79.34987299797584, 0.5940840974501], [-79.35076400826249, 0.593983529923462], [-79.35330531034516, 0.592586975079932], [-79.35520348586597, 0.59240676230001], [-79.357304986169, 0.591526456658937], [-79.35795252520056, 0.591502865047011], [-79.35861203202269, 0.591712420078566], [-79.35994731671468, 0.59271412217886], [-79.3605005575697, 0.592901398700548], [-79.3612133690684, 0.592701748085781], [-79.36282667823625, 0.591622966874024], [-79.36332117003302, 0.591492614776284], [-79.36474551147032, 0.592406350240672], [-79.36507506827934, 0.592880875248298], [-79.3646528432112, 0.594709997640503], [-79.36518499200652, 0.596357899787898], [-79.36555677387545, 0.599248616470978], [-79.36619402464488, 0.599089730925398], [-79.3677864408653, 0.599126292781421], [-79.36894182212882, 0.598806947458647], [-79.3698502695071, 0.598098652042271], [-79.37028009737539, 0.597310176881369], [-79.37060872155307, 0.596988050750501], [-79.37114107233857, 0.59704210956061], [-79.372122491104, 0.597779096213106], [-79.37301450702991, 0.59765437939007], [-79.37330108133901, 0.597356205808708], [-79.37362384292788, 0.596196727068233], [-79.37432370024784, 0.59515818284522], [-79.37580629003715, 0.594445983388264], [-79.37604073640048, 0.594225568715432], [-79.37602568149241, 0.593173426445162], [-79.37616049563847, 0.592969803348198], [-79.37644683151125, 0.592868056430334], [-79.37823670992317, 0.592914978550049], [-79.37907143100227, 0.592421893025557], [-79.3802836265163, 0.593220805604541], [-79.38123274062961, 0.593545933865917], [-79.38296776739197, 0.594709280979772], [-79.38407588362176, 0.595067375809799], [-79.38533339871873, 0.595115678113511], [-79.38601979932629, 0.594944683307744], [-79.38686761799796, 0.59421112754152], [-79.38799886212597, 0.59444288831083], [-79.38898254047577, 0.594237975694096], [-79.38999026375777, 0.593527707298706], [-79.39069978908582, 0.593230377090628], [-79.39343185648525, 0.593384738885556], [-79.39509136188848, 0.592618225003424], [-79.39672722509427, 0.592219149601541], [-79.39731239489075, 0.591388316800989], [-79.3976115328137, 0.590497840159285], [-79.39762518798362, 0.589556119155144], [-79.39776340171048, 0.589085432342346], [-79.39849768709409, 0.587972540494179], [-79.39933451140377, 0.587043717615616], [-79.39996387764474, 0.586839600584334], [-79.40121190878823, 0.586780723265858], [-79.40131816879942, 0.585570879683389], [-79.40162542669415, 0.585198636262292], [-79.403820611705, 0.58513378873961], [-79.4055134060568, 0.584838270571959], [-79.40628017282, 0.584495007012577], [-79.40673876681475, 0.583944552477218], [-79.40707179011885, 0.583313481738874], [-79.40728026627546, 0.582165161195183], [-79.40771748120699, 0.580959929454281], [-79.40767226530889, 0.580741599585319], [-79.40709095794712, 0.579993965815338], [-79.40678500529961, 0.579238180515931], [-79.40679693619835, 0.57865703032949], [-79.4072795837782, 0.57753618949028], [-79.40749217054673, 0.576451085442175], [-79.4091265762928, 0.574828817383467], [-79.40999217471223, 0.573141577789605], [-79.41003581193873, 0.572246073055502], [-79.41236965204183, 0.57171879789177], [-79.41218790235747, 0.573361338869199], [-79.41237156377792, 0.573931631237966], [-79.41319587910954, 0.574904571522563], [-79.41421142456272, 0.577048148846362], [-79.41416294190002, 0.577389113350334], [-79.41392089647964, 0.57777873523631], [-79.41271097725459, 0.578606484256211], [-79.4121957429427, 0.579837176016704], [-79.41257850227962, 0.580896281630368], [-79.41261998192596, 0.58330246855738], [-79.4130045229508, 0.583914078675131], [-79.4136321412268, 0.584158857835224], [-79.41444185026027, 0.584913272680532], [-79.41464395820935, 0.586238250477094], [-79.41433991104242, 0.587400016642675], [-79.41408669593022, 0.58780761148212], [-79.41283117171243, 0.588327028160049], [-79.41236536494182, 0.588693795699887], [-79.41160579673681, 0.589641403928268], [-79.41012751156076, 0.590283054375853], [-79.40961030305417, 0.592342138051272], [-79.40970694055049, 0.592829276610703], [-79.4104808364619, 0.593901144511204], [-79.41044901943027, 0.595431054998587], [-79.40999629072303, 0.596239136998282], [-79.40978133604754, 0.597141947462112], [-79.40914083302258, 0.598151997860214], [-79.40797863162567, 0.599342820448113], [-79.40757547415973, 0.601206958819357], [-79.40709138702977, 0.601937482095187], [-79.40690395088343, 0.602566203272646], [-79.40651035317235, 0.603252508616848], [-79.40636473521542, 0.604811218378109], [-79.4069452032328, 0.60544463299328], [-79.40989671089795, 0.605932616021806], [-79.41217063736738, 0.606956221706152], [-79.4122290219825, 0.607375094754253], [-79.41129675993537, 0.608108631280979], [-79.41105723462981, 0.608612071258434], [-79.41160002716632, 0.609657856091006], [-79.41212138097629, 0.609927587805736], [-79.41261720691745, 0.610459781440353], [-79.41332975934635, 0.614409374268938], [-79.41323282506966, 0.614945168496186], [-79.41289389500976, 0.6156757345296], [-79.41381309218089, 0.616260544195494], [-79.41444210622953, 0.616358154554572], [-79.41599053480978, 0.616309907539785], [-79.4163292081202, 0.616456142681307], [-79.41788566597009, 0.61656648475178], [-79.41858908584621, 0.617121836501676], [-79.41885518255299, 0.617543058649436], [-79.41951996604058, 0.619854986815137], [-79.41979660805387, 0.62288913354396], [-79.42014886851584, 0.623839303565767], [-79.42088942756685, 0.624846274606462], [-79.42184086725473, 0.625600749821473], [-79.4221914786006, 0.62670184708589], [-79.42205093280484, 0.629823741346758], [-79.42268232209742, 0.631228923364125], [-79.42430587199476, 0.632843901566131], [-79.42542211345051, 0.634570568207352], [-79.4288463049913, 0.636484545228785], [-79.42961288579842, 0.636650971590006], [-79.43013939174995, 0.636488064544858], [-79.4308485458886, 0.634959515707063], [-79.43173979785814, 0.633879459864741], [-79.4331774928124, 0.633676063041332], [-79.43553425407036, 0.633608375707984], [-79.43732483590851, 0.632926955183893], [-79.43800248198839, 0.63224519586748], [-79.43838957688186, 0.632294025472711], [-79.43945368929383, 0.633755701248241], [-79.440250037917, 0.634414401357142], [-79.44251898737414, 0.636934586939858], [-79.44327871779919, 0.637930219584299], [-79.4440541055604, 0.63966000978333], [-79.44511330454355, 0.639992539890722], [-79.44554883470437, 0.639895248649338], [-79.4460810670265, 0.640041546821087], [-79.44796791335399, 0.641113786310268], [-79.44888703926357, 0.641990882827443], [-79.450481650348, 0.644453268250782], [-79.45140243022327, 0.64476823806183], [-79.45198299695498, 0.645109400060223], [-79.45251501121848, 0.645986380574856], [-79.45311923809636, 0.646329164566172], [-79.45408501656776, 0.64604755953644], [-79.45445726345805, 0.646216434396185], [-79.45524358447481, 0.647572550608521], [-79.45680812724167, 0.648551138942392], [-79.45845451074608, 0.648657097189629], [-79.46030588593634, 0.649142333392686], [-79.46291011032633, 0.650581854632063], [-79.46528823127436, 0.651105080930741], [-79.4677558597511, 0.651885235328884], [-79.46848151103717, 0.652518719191386], [-79.46901354478514, 0.653346994465467], [-79.46928321294529, 0.654232085653032], [-79.46954541891775, 0.654657327140153], [-79.46973743138514, 0.655771432749601], [-79.47042185436219, 0.656610750984935], [-79.47077425700463, 0.657644685869599], [-79.47162914225837, 0.658966648745255], [-79.47203877933362, 0.659977720731174], [-79.47300877001626, 0.660943746232008], [-79.47349888150536, 0.661736881983637], [-79.47416061453667, 0.662449759898466], [-79.47421731254525, 0.662713954848855], [-79.47383913717287, 0.663115303877064], [-79.47358737717944, 0.663195265745815], [-79.47303865205059, 0.663113970050225], [-79.4725923470427, 0.663319945689601], [-79.47309957149513, 0.665262880382092], [-79.47314514197807, 0.666062319680198], [-79.472729804917, 0.667404379331013], [-79.47280677700343, 0.667766799154445], [-79.47370030708048, 0.667456426492177], [-79.47403177075299, 0.667456608734764], [-79.47426863099875, 0.667711678554387], [-79.47491546413616, 0.670615709054001], [-79.47525022106929, 0.671616130582467], [-79.47568559404164, 0.672054680843786], [-79.47747586833854, 0.672542370187877], [-79.47887899593476, 0.673127362906326], [-79.47921762064266, 0.673468457802177], [-79.47979792273149, 0.674686457460067], [-79.48047511001094, 0.675563499462717], [-79.48051945958115, 0.676025925555245], [-79.48240566260016, 0.677275601084088], [-79.48303902726447, 0.677999945392448], [-79.48299014984451, 0.679558738315028], [-79.4831352594151, 0.679753635928685], [-79.48463547593768, 0.679364407305351], [-79.4850709722197, 0.679413257321954], [-79.48608699819268, 0.679949419608706], [-79.4865093378814, 0.680524436358749], [-79.48671646035925, 0.681621032308352], [-79.48650018122774, 0.683434582083683], [-79.48603351151735, 0.685820996935714], [-79.48579342494132, 0.686478518508652], [-79.48560062377543, 0.687840745722391], [-79.48627790357867, 0.688425516286102], [-79.4871488520875, 0.688669358335755], [-79.48864365537133, 0.688025728900716], [-79.48913669323034, 0.68814997798525], [-79.48951696260907, 0.6887027529545], [-79.4895167231376, 0.689462912551997], [-79.48897687435247, 0.691689044158056], [-79.48832834677202, 0.696358411679924], [-79.48843504506488, 0.699562058445558], [-79.48878979959332, 0.702260783612306], [-79.48903159581693, 0.702747991125802], [-79.4895153900173, 0.703089139720739], [-79.4901040427539, 0.705188234476737], [-79.49160994704015, 0.706474911923853], [-79.49250671780179, 0.707592027029968], [-79.49312095295858, 0.709967695881594], [-79.49301273563324, 0.71121656709504], [-79.49274288838676, 0.711922374225249], [-79.49193412516665, 0.71273644286421], [-79.4916644025307, 0.713333629249001], [-79.49153707419654, 0.715600592376844], [-79.49130147468256, 0.716794069920573], [-79.49101136622559, 0.717355524448554], [-79.48994892554333, 0.717918332830467], [-79.48974084178106, 0.718230468130293], [-79.48983613664436, 0.718454494160309], [-79.49027781003915, 0.718760048112422], [-79.49268311916188, 0.719968752850982], [-79.49322157204884, 0.720559809029578], [-79.49353001827197, 0.721226985784421], [-79.49355162529272, 0.723001546086579], [-79.49337991508084, 0.723744710858672], [-79.49304106625695, 0.724085588204543], [-79.49241187439233, 0.724426369075578], [-79.4915401787844, 0.726423307906744], [-79.49163678290908, 0.726959183295701], [-79.49265252015832, 0.728372201746497], [-79.49308790828348, 0.728762051717516], [-79.49311344473594, 0.730362433529022], [-79.49366331320986, 0.731353323692683], [-79.49365127178825, 0.733837871238465], [-79.49284658724932, 0.73553787660876], [-79.49166782526048, 0.738709027157616], [-79.49238601918773, 0.741248309081314], [-79.49375811494446, 0.744223525648472], [-79.49504845861917, 0.745512743463307], [-79.49623380327651, 0.746979335647254], [-79.4975265894864, 0.749260394372374], [-79.49934880040793, 0.750850050385291], [-79.49969477166303, 0.751423128477126], [-79.49994182566279, 0.752245335978288], [-79.50062322771831, 0.753046480061183], [-79.50080102094708, 0.756670028596423], [-79.50164271690404, 0.759551658370235], [-79.50154574918913, 0.76008746891295], [-79.50125525058516, 0.760525785996835], [-79.50048071791068, 0.761304926273341], [-79.49980308775923, 0.761743107236414], [-79.49935475195828, 0.762334663406509], [-79.49935809809752, 0.762733188910404], [-79.50186915457579, 0.768232863731384], [-79.50213626433984, 0.769660647913284], [-79.5019830804142, 0.771028395658272], [-79.5027564008021, 0.773604518661294], [-79.50285247176143, 0.774498521121745], [-79.50441095518858, 0.776275516940998], [-79.50539702596257, 0.778342909758734], [-79.50685322512194, 0.780284362554746], [-79.50721280666885, 0.780533800015312], [-79.50811914968459, 0.782595316555821], [-79.5086028425992, 0.783228762771164], [-79.51005890113416, 0.78440516912297], [-79.51024576684007, 0.784676554534496], [-79.51109057177297, 0.786533013081758], [-79.51108952671765, 0.786731137253943], [-79.50968590654244, 0.789016286283604], [-79.50904269648846, 0.790504044517839], [-79.50834997527078, 0.794053765341423], [-79.50783999880608, 0.79523697045015], [-79.5077062131876, 0.796180615240637], [-79.50776138322803, 0.796456620267378], [-79.50805387582855, 0.796756627437944], [-79.50929223699168, 0.797739679296763], [-79.51066291200003, 0.799136630117044], [-79.5116593209611, 0.80044993652711], [-79.51186833243176, 0.800933588618287], [-79.51202908694853, 0.801431865742461], [-79.51184660423698, 0.802893464238814], [-79.51228129215974, 0.805191862816889], [-79.51298195747081, 0.8066903655377], [-79.51301337200734, 0.808788826482021], [-79.51275460203375, 0.809460582441799], [-79.51220601986674, 0.810170548773498], [-79.51226136180995, 0.811463696438765], [-79.51168068960709, 0.812695997481643], [-79.51101270106976, 0.813152753212495], [-79.50944226833847, 0.81374572254746], [-79.50793593640151, 0.814085166251002], [-79.50679242702218, 0.814750727204408], [-79.50581230675748, 0.816759827846396], [-79.50556990787263, 0.818126380610401], [-79.50420280053977, 0.821301380552246], [-79.50417556588219, 0.821993731260693], [-79.50451715544193, 0.825001522988958], [-79.50430162291113, 0.825646673135419], [-79.50378768490492, 0.826262896117328], [-79.5037225203334, 0.827837076049339], [-79.50347478699626, 0.828527399962119], [-79.5026194857502, 0.829355459620795], [-79.50185195477334, 0.829739172346382], [-79.50061395270896, 0.829706330150225], [-79.49910708932703, 0.829120926259619], [-79.49796711264456, 0.827878383287758], [-79.49720008407881, 0.826487641029168], [-79.49584092558973, 0.824914741072974], [-79.49551649624378, 0.824275179465904], [-79.49550324916993, 0.823646067438222], [-79.4959267626608, 0.823119712762402], [-79.49609882339149, 0.822480930366278], [-79.49590617251894, 0.820853845799436], [-79.49633528216204, 0.819882925057856], [-79.49635693661803, 0.819300284036997], [-79.49566062125426, 0.81823182995217], [-79.49508201717249, 0.817681331637032], [-79.49243493434479, 0.816278571746059], [-79.49252052987569, 0.815119888195767], [-79.49331595169267, 0.814156004880828], [-79.49360660901465, 0.813327993068139], [-79.4938491827952, 0.811671842613515], [-79.49381387180885, 0.811171586597413], [-79.49348924774074, 0.810780431235475], [-79.49143029581458, 0.809771130165822], [-79.48959126621247, 0.810160143336024], [-79.48828422189305, 0.811426187560963], [-79.48598624581895, 0.8131363815713], [-79.48568639913232, 0.813852493567135], [-79.48581769175523, 0.814797315984559], [-79.48575408741517, 0.815310752601708], [-79.48479769452086, 0.817660111187141], [-79.48450677758623, 0.819170097569293], [-79.48344525953566, 0.821680115476518], [-79.48308544407845, 0.822043990481883], [-79.48216262825136, 0.822565879078428], [-79.48116584092142, 0.824234945171002], [-79.4806328289564, 0.826085823217281], [-79.48068070267291, 0.82744979684042], [-79.48019654488056, 0.828082874737429], [-79.47980929964773, 0.828375001302667], [-79.47884144712476, 0.828423340632474], [-79.47821248676665, 0.828082108411289], [-79.47666441874033, 0.82686369496843], [-79.47579073629412, 0.82636495293825], [-79.47506251335493, 0.826140740372413], [-79.4720016744628, 0.828766228418544], [-79.47079533146609, 0.829372814567039], [-79.46954237347582, 0.830570870295307], [-79.46575364851444, 0.831771721089727], [-79.46565110883182, 0.832093161859989], [-79.46453194717931, 0.831705191500689], [-79.46258414580926, 0.830350234865278], [-79.46188883762495, 0.828995768852482], [-79.46114672845724, 0.828715300526478], [-79.45910553932866, 0.828947983403763], [-79.45827065386712, 0.828667478585151], [-79.4579460614085, 0.8283404778021], [-79.45738979569288, 0.82731294248561], [-79.45627742699111, 0.824837608095488], [-79.45558181656475, 0.824276982668308], [-79.45423665990164, 0.823996280105469], [-79.44857751587308, 0.823387016805345], [-79.44751038594622, 0.823900254395905], [-79.44658253137001, 0.824133370678434], [-79.44407704189895, 0.825486568408727], [-79.44157178953908, 0.82623271401598], [-79.44027282993497, 0.826465680503724], [-79.44183948599095, 0.833698683706293], [-79.44182643963848, 0.83443458292319], [-79.4413262883206, 0.835556191989833], [-79.43968781978828, 0.838037459748004], [-79.43928975703048, 0.839088655409423], [-79.43860670441894, 0.841960004483957], [-79.4381795051173, 0.842617957673999], [-79.43691772732119, 0.843107808780307], [-79.43592327939355, 0.84326151479818], [-79.43495860149255, 0.843107016429031], [-79.43389022815097, 0.842321845306309], [-79.43316356216664, 0.841004399085305], [-79.43213438027054, 0.840847975979246], [-79.43193594131169, 0.840563103806292], [-79.43172537520063, 0.839370311272332], [-79.43178485922611, 0.837090281638469], [-79.43169592024503, 0.836852029927195], [-79.43144359553477, 0.836739784203953], [-79.43101182407311, 0.837379193631429], [-79.43030302089008, 0.837457318368101], [-79.42981512858915, 0.837796990476851], [-79.42931837323425, 0.838957028547781], [-79.42840809887198, 0.839368699242417], [-79.42733253496587, 0.83949967128866], [-79.4270488535976, 0.839844398924013], [-79.42679291821521, 0.840674431347132], [-79.42660418213659, 0.840838772187628], [-79.42597195502047, 0.840841771391745], [-79.42468249024155, 0.842731865241508], [-79.42473408536728, 0.843116069136641], [-79.4255993594182, 0.844689057801027], [-79.42590165291915, 0.845703152251917], [-79.42664940516191, 0.846066904951149], [-79.42752557131524, 0.847754699509933], [-79.42809173641189, 0.850740395771899], [-79.42889082614047, 0.85170126484069], [-79.43061818929225, 0.853051924175699], [-79.43082440055507, 0.853311615207716], [-79.43087580256937, 0.853752965884129], [-79.4305917459951, 0.854661470435109], [-79.4302305848582, 0.854920927228057], [-79.42772861531003, 0.855828516601774], [-79.42698065084637, 0.85598397119375], [-79.42538169247271, 0.855983310537735], [-79.42481425524586, 0.856138839108936], [-79.42471098063854, 0.856424361463991], [-79.42476238029155, 0.856865711896147], [-79.42517474909064, 0.857514895817586], [-79.42561301448478, 0.857904484973332], [-79.42672173730814, 0.858476076608304], [-79.42826905500223, 0.858632480696399], [-79.42991961885335, 0.858581242630218], [-79.43123508482962, 0.858114495280641], [-79.43226667528853, 0.858114921060032], [-79.43288549223479, 0.858452664396732], [-79.43373593047723, 0.859984692325724], [-79.43409682762639, 0.860374250645786], [-79.43445781043732, 0.860556125099707], [-79.43499942948401, 0.86047846643269], [-79.43628945889067, 0.85915500510766], [-79.43677957084226, 0.858895599922204], [-79.43765635054126, 0.859077686461048], [-79.43791411208439, 0.85941528143173], [-79.43799129123256, 0.859882604814642], [-79.43796473990986, 0.861751763883649], [-79.43747411955923, 0.863257280615059], [-79.43674818790619, 0.864702462081834], [-79.43665006615238, 0.865195268958936], [-79.43644013048718, 0.865087557604892], [-79.43604550983993, 0.86449031549542], [-79.43583836154055, 0.864412542485343], [-79.43467398704675, 0.864625585832918], [-79.43398489008084, 0.86417346685268], [-79.43356766224798, 0.864156472017406], [-79.43346932663823, 0.864489065479579], [-79.43360077887898, 0.864901250186678], [-79.43339356743166, 0.86519717060286], [-79.4324868119309, 0.864449225920746], [-79.4321618195854, 0.865172692057162], [-79.43177400926217, 0.865281147733006], [-79.43124750973193, 0.865096885605107], [-79.43103061403664, 0.865130438552735], [-79.43082460160882, 0.865350842549636], [-79.43080509037134, 0.86560406302922], [-79.43113655036173, 0.866415979783806], [-79.43106006830736, 0.866692871498263], [-79.43032189960788, 0.866288483165998], [-79.42983062161564, 0.866973170859797], [-79.42871203641306, 0.86748178309006], [-79.42787142655679, 0.867124831943344], [-79.42752517198156, 0.867772951355997], [-79.42705765601313, 0.867916914832406], [-79.42625712129508, 0.86798477025574], [-79.42581983163537, 0.867817999183189], [-79.42556198399788, 0.867372933433561], [-79.42541241741742, 0.867317431953948], [-79.42502887794376, 0.867747758714126], [-79.42398914132454, 0.867910473786488], [-79.42330097209701, 0.866965283999506], [-79.42302500963817, 0.866876809930336], [-79.42152159343058, 0.867470992521817], [-79.4209675794936, 0.867133243865943], [-79.42050624088206, 0.867982899154063], [-79.41921363126541, 0.868712644526396], [-79.41851694607948, 0.869670906036228], [-79.41791746391233, 0.870218889614619], [-79.41672093183757, 0.870648236803447], [-79.41562074337996, 0.871432593517503], [-79.41523974930864, 0.871573334729747], [-79.41403231927468, 0.871636853173974], [-79.41343134715203, 0.872093039034826], [-79.41271261103223, 0.872286180826424], [-79.41195223801492, 0.872790320792727], [-79.41171225133743, 0.872827931391267], [-79.41001754914166, 0.870240235050769], [-79.40844158567621, 0.868161395576816]]]}, "properties": {"PROVINCIA": "ESMERALDAS", "CANTON": "RIOVERDE", "PARROQUIA": "CHUMUNDÉ", "NUM_SECTORES": 2, "CASOS": 20, "CIRCUNSCRIPCION": "CIRCUNSCRIPCIÓN RURAL", "TIPOLOGIAS": "A, G", "ETIQUETA": "CHUMUNDÉ\n2 sectores (20 casos)"}}, {"type": "Feature", "geometry": {"type": "Polygon", "coordinates": [[[-79.25825694483372, 1.086074392674907], [-79.25865294727105, 1.085952359981178], [-79.25886612425427, 1.085354916957389], [-79.2583461227941, 1.084720786310862], [-79.25722137325582, 1.084289051219955], [-79.2572109356085, 1.083844216510852], [-79.25776919191826, 1.082779356216452], [-79.25784404752943, 1.082276514173946], [-79.25765255884234, 1.081867746958582], [-79.25742486346215, 1.081774833396422], [-79.25689357054185, 1.079987796499011], [-79.25644880840717, 1.079283175149911], [-79.2564834629767, 1.078928198675645], [-79.25605682262537, 1.078349975813356], [-79.2562982252599, 1.077878519098985], [-79.2562293550109, 1.07765204101295], [-79.25581941504298, 1.077105626230133], [-79.25486254423826, 1.076326082957502], [-79.2544571400774, 1.075608463590208], [-79.25447347493132, 1.075478976403142], [-79.25540323564377, 1.076439161379151], [-79.25592030099882, 1.075440019582014], [-79.25374204640184, 1.074583564074731], [-79.25152523392879, 1.074080579382807], [-79.25022438648487, 1.073989942055427], [-79.25013998463653, 1.073747992161943], [-79.25026962548644, 1.073431470107667], [-79.2504565327959, 1.073362941103233], [-79.25051303374946, 1.072904581991028], [-79.24937872942496, 1.072944673983167], [-79.24810827375998, 1.073200983568968], [-79.24591816677075, 1.07314401491944], [-79.24454610056426, 1.073334120434071], [-79.23542877056272, 1.075922631912573], [-79.23444113957306, 1.076107437371121], [-79.23128370901676, 1.077179228590946], [-79.23096516053889, 1.077116087273416], [-79.22350727231704, 1.079786573584641], [-79.21877733141686, 1.081735422272013], [-79.2178753927544, 1.082193348628333], [-79.21759728403674, 1.082509021079465], [-79.21713829277435, 1.082280733331951], [-79.21681578008003, 1.082414738699249], [-79.21669867378012, 1.082693610356407], [-79.21610848565226, 1.082930758230227], [-79.21606166163603, 1.083114436388323], [-79.21591605391151, 1.08310709319457], [-79.21571801878667, 1.082818214435291], [-79.21491290604577, 1.083273087061239], [-79.21440642332489, 1.082865997122618], [-79.21381555159226, 1.083168311148945], [-79.21355215283576, 1.083456893279269], [-79.21339060907155, 1.083324681243183], [-79.21217027504078, 1.083805575200551], [-79.2109975892585, 1.084340308525515], [-79.21093586940985, 1.084646552943631], [-79.21048718963627, 1.08468381367409], [-79.2107170214113, 1.084186413249394], [-79.2106679369405, 1.083322973385756], [-79.21048753140138, 1.082877506146662], [-79.2098002633656, 1.082412114832103], [-79.20961544140452, 1.082416926099127], [-79.20961302528664, 1.082294986514801], [-79.20964010414956, 1.081762688708738], [-79.20993161090117, 1.081186380825941], [-79.21026078698496, 1.079950058088302], [-79.21046124439943, 1.079751867380664], [-79.21098688308122, 1.079616536165973], [-79.21109541370002, 1.079454643092573], [-79.2110692782801, 1.079133877889797], [-79.21092479459244, 1.079018134357501], [-79.2100115156165, 1.079278750720829], [-79.20972596540871, 1.078888473455069], [-79.20987072236564, 1.078538058748396], [-79.21042609722615, 1.078095378723812], [-79.21036087564119, 1.077321634576418], [-79.21050875450702, 1.077163020127951], [-79.21147139594984, 1.076829727146434], [-79.21173060086582, 1.077259686843973], [-79.21199333140868, 1.077342493712019], [-79.2121840027274, 1.077134259066873], [-79.21224660932288, 1.076691286757517], [-79.2130402241022, 1.075499725983389], [-79.2133247390742, 1.075508303530511], [-79.21373513217571, 1.075806055419691], [-79.21478650436826, 1.075370266276354], [-79.21530207714781, 1.075552421842087], [-79.21544994540939, 1.075410355018433], [-79.21568040736418, 1.074593829212459], [-79.21677425962636, 1.074495271951388], [-79.21690247406863, 1.074316840952426], [-79.21645613244539, 1.073575967445777], [-79.2166140773079, 1.073096697492501], [-79.21642739115376, 1.072167523220127], [-79.21667741521091, 1.071542716860563], [-79.21647094456341, 1.070802075016088], [-79.21654986926525, 1.070567368262776], [-79.21720705650091, 1.070078352568962], [-79.21725674570831, 1.069440316277385], [-79.2166560074612, 1.068788606764862], [-79.2162259660095, 1.067821581955366], [-79.2163677393791, 1.067499015094334], [-79.21678500916944, 1.067244701825698], [-79.2168475463975, 1.067072833281293], [-79.21671966149067, 1.06667930320156], [-79.21655872401186, 1.066586610284746], [-79.2159440959713, 1.067277217354525], [-79.2157404135893, 1.067306849440325], [-79.2156157052374, 1.067171224001238], [-79.2156095013455, 1.0665563053208], [-79.21644387755141, 1.066328640553265], [-79.21657877982751, 1.066080763652383], [-79.2160796121711, 1.065806021406475], [-79.2160896495847, 1.065534921989237], [-79.2164018099126, 1.065277201233724], [-79.21644458805271, 1.065095373991739], [-79.21544034955376, 1.063719458971802], [-79.21563105990725, 1.063279815289091], [-79.2161010493522, 1.062737878186267], [-79.21603558383894, 1.062377481718445], [-79.21546957432813, 1.062264207238881], [-79.21456715637946, 1.06270723490293], [-79.21349295247445, 1.062865311763771], [-79.2124419218728, 1.062719199991651], [-79.21158464791141, 1.062774946916764], [-79.210757091744, 1.062394212769706], [-79.21057666769126, 1.061974248338851], [-79.21103984983041, 1.061865371108145], [-79.2111188213873, 1.061703369307993], [-79.21024878503492, 1.060988749133344], [-79.21055136415399, 1.060357463559868], [-79.21049230820931, 1.060258229198511], [-79.21005199262393, 1.060443079901288], [-79.20943773482075, 1.060495622846312], [-79.20908988297951, 1.060022660747298], [-79.20939547377225, 1.059778139462499], [-79.20951137366754, 1.058685847376055], [-79.20905512213396, 1.058460678608928], [-79.20833036006604, 1.058399113130055], [-79.2081412867292, 1.058269462783496], [-79.2076276499595, 1.05698982882051], [-79.20723476561366, 1.056484354224986], [-79.20618331936971, 1.057033152584841], [-79.20580792093213, 1.056745057871892], [-79.20512747768856, 1.056774425640984], [-79.2047908202591, 1.056532151798108], [-79.2037233685087, 1.056686980175467], [-79.20328891697099, 1.056474774662352], [-79.20291209729392, 1.055740874431082], [-79.20311395574429, 1.055419792282493], [-79.20321113203607, 1.05476673293156], [-79.20377555027427, 1.054473525903229], [-79.2039410724076, 1.054113392624725], [-79.20349115704542, 1.053808669004798], [-79.20153010674524, 1.053932378216783], [-79.20128035623544, 1.053855476841568], [-79.20077087599138, 1.053243177761783], [-79.20088134708048, 1.052685439804288], [-79.20049270821637, 1.052519116893553], [-79.20015024456669, 1.051938695297425], [-79.19918808787084, 1.051901318721574], [-79.19902788899219, 1.051685134688133], [-79.19909966044553, 1.051252578480901], [-79.19813057237452, 1.051417749029791], [-79.1978843168458, 1.051939657444505], [-79.19784394270174, 1.052595625331835], [-79.19734367365173, 1.053336838447318], [-79.19672568339621, 1.05343779464495], [-79.1954499189976, 1.05297100938493], [-79.19407925821685, 1.052954253429386], [-79.19382035892438, 1.052612140478534], [-79.19311343701318, 1.052502464549819], [-79.19282364831471, 1.052963599941076], [-79.19135211679769, 1.053429133177489], [-79.19124218998668, 1.053045622971915], [-79.19099249822912, 1.052863554215937], [-79.19094367456884, 1.05255601534848], [-79.19060178867362, 1.052508494078853], [-79.19003953762024, 1.051872451826041], [-79.18963208486221, 1.05168498033409], [-79.18906264024514, 1.050611843660084], [-79.18779287792083, 1.049728178363078], [-79.18713408061326, 1.048970602038731], [-79.18655597486865, 1.047681181918792], [-79.18567296730862, 1.047594802103414], [-79.18530524335404, 1.047428142922184], [-79.18408971574812, 1.047349439765249], [-79.1830243581587, 1.04685504293625], [-79.18188759982966, 1.046997178275724], [-79.18169342046444, 1.04690000688747], [-79.18106707952576, 1.046930234392926], [-79.18083203706614, 1.046803525587331], [-79.18034554516902, 1.047028783360376], [-79.17968040020897, 1.047100126656743], [-79.17946049371497, 1.047487032410157], [-79.17915596587372, 1.047264764071078], [-79.17854156812473, 1.047252270295255], [-79.17808891894279, 1.047612798502472], [-79.17783083552132, 1.0472888859849], [-79.1773713442221, 1.047300085839533], [-79.1769473488486, 1.046774101811515], [-79.17663145234278, 1.046655217329563], [-79.17639150822116, 1.046377734462337], [-79.17577727512788, 1.046436710209599], [-79.17523544732722, 1.046243075166283], [-79.17501096590156, 1.046415207413466], [-79.17410975572157, 1.046206049845795], [-79.17382303384659, 1.045495775282463], [-79.17338601597486, 1.04519533111816], [-79.17311554618371, 1.044530475956094], [-79.17211144986258, 1.044338130554785], [-79.1712487979985, 1.044477935605736], [-79.17085364648482, 1.043928796513205], [-79.17039400787154, 1.043861558376773], [-79.17030046775875, 1.043480772152984], [-79.17007123212238, 1.043279889456008], [-79.1698205048647, 1.043256482250063], [-79.16944838697259, 1.043429728339641], [-79.16924421081633, 1.043234313072434], [-79.16849092480383, 1.043025404652349], [-79.1683871078584, 1.042855531312925], [-79.16734204429132, 1.042785770821377], [-79.16666667493048, 1.042368730544371], [-79.16655232761494, 1.042094733510124], [-79.1661207006479, 1.041755165211575], [-79.1653684403385, 1.041712652648384], [-79.16488584762324, 1.04144998829912], [-79.16383900118653, 1.041279993742261], [-79.16286965393907, 1.040559240432551], [-79.16258472674687, 1.040420674503563], [-79.16227140806889, 1.040460396686356], [-79.16195766640394, 1.039931875230669], [-79.16167253266818, 1.039959617133828], [-79.16151666424632, 1.040243620660794], [-79.16123664055179, 1.040312980399491], [-79.16114281725191, 1.040104860635483], [-79.16084628018069, 1.040149165384002], [-79.16064490875063, 1.039985498353071], [-79.16047661051581, 1.039467689457137], [-79.16009082215369, 1.039314660573635], [-79.15993898554699, 1.039345995422468], [-79.15980415935257, 1.039645639295031], [-79.15879328193353, 1.039451374607004], [-79.15840459630545, 1.039651150263857], [-79.15824383145222, 1.039240018073047], [-79.15765415137857, 1.03881886459865], [-79.15639653886227, 1.039079066727125], [-79.15626419605721, 1.039415274061712], [-79.1561391141659, 1.039253613414338], [-79.15587810011051, 1.039354584860903], [-79.15552891030923, 1.039194973561971], [-79.15525670586798, 1.039419218370794], [-79.15472180949989, 1.039235091942267], [-79.1542768722037, 1.039498659597065], [-79.15386648025415, 1.039499193016946], [-79.15323032015215, 1.039211815019833], [-79.1528351045854, 1.038285482862493], [-79.15207083179035, 1.038000112390045], [-79.15191631432123, 1.03779779842932], [-79.15162902932812, 1.037940983643649], [-79.15155476694397, 1.037645890663757], [-79.15117169124909, 1.037276410225009], [-79.15107932081071, 1.036999851140544], [-79.15066208244774, 1.03665259635501], [-79.14996351217012, 1.036589283803711], [-79.1486847243367, 1.035949495579903], [-79.14802177624381, 1.035892499307825], [-79.14736210317632, 1.035454543243342], [-79.14679956432647, 1.034824581320288], [-79.14613043843401, 1.034578683261692], [-79.14577096984847, 1.034184941396689], [-79.14506132333324, 1.03379415859027], [-79.14478323295181, 1.033265098435949], [-79.14481214571114, 1.032049982523106], [-79.14421826807352, 1.031398030436633], [-79.14280787970118, 1.031220873328336], [-79.14199187359719, 1.030823789901384], [-79.14055659461292, 1.030508177311293], [-79.14038778203846, 1.030375786457822], [-79.13988833194057, 1.028622064063189], [-79.13896357303713, 1.02708221931219], [-79.13876691141746, 1.026329679060425], [-79.13938389891767, 1.02491977445168], [-79.13900934972291, 1.0235722252927], [-79.1394289604986, 1.022643807122847], [-79.13928148959198, 1.02195631133629], [-79.1384213106159, 1.021676758573656], [-79.137278526294, 1.021843467934371], [-79.13664148854484, 1.022045556903219], [-79.13594986078043, 1.022884264924002], [-79.13563378559698, 1.022828596393681], [-79.13508346487237, 1.02304889611279], [-79.13426121867312, 1.022478557256149], [-79.13401104544405, 1.021899318296956], [-79.13345079928699, 1.021544598683107], [-79.13360244758658, 1.020973130009849], [-79.13312219214386, 1.020501600016361], [-79.1328545691695, 1.020546079878345], [-79.13213509994996, 1.021303849603738], [-79.13088773872954, 1.021209785242707], [-79.13062560911142, 1.020609324944398], [-79.13092504890233, 1.020431248306229], [-79.13097182702272, 1.020266289981256], [-79.13071060338387, 1.019803119901843], [-79.13086899500367, 1.019608686979744], [-79.13094926457356, 1.019811543218234], [-79.13123597071558, 1.01978855493118], [-79.1311548311453, 1.019510040036265], [-79.13146504130202, 1.019264312919707], [-79.13150126572899, 1.019094528716393], [-79.13117562365, 1.019068228455979], [-79.13050871961846, 1.01825019699198], [-79.1305435410242, 1.017733770106751], [-79.1301076589531, 1.017960634626884], [-79.12986375578363, 1.017695747759354], [-79.12955942576329, 1.017821439884043], [-79.12972688129825, 1.017238557344758], [-79.12945105394016, 1.017142378383051], [-79.12913871465925, 1.016689189196008], [-79.12881561972968, 1.016753865662501], [-79.12867783483574, 1.016606315873356], [-79.12938264086787, 1.01602744881664], [-79.12933363896055, 1.015509871113859], [-79.1289215637456, 1.015391196830039], [-79.12821848115806, 1.015809335734859], [-79.12765424950854, 1.015804388668294], [-79.12731187302826, 1.015961296510211], [-79.12659189093887, 1.016005789076573], [-79.12610236667808, 1.016242668676984], [-79.12573932713991, 1.016220042268861], [-79.1255765264848, 1.015984181571739], [-79.12545763685425, 1.015095619905928], [-79.12570751603326, 1.01469411882946], [-79.12571176766609, 1.014141894677903], [-79.12539205843821, 1.013938284706513], [-79.12515877228851, 1.013540998705932], [-79.12431094897583, 1.013416118897825], [-79.12480471498682, 1.012449353471329], [-79.12467600531446, 1.012273713799004], [-79.12421846132851, 1.012299505769645], [-79.12396097749938, 1.012054413287306], [-79.12391330753901, 1.011618466501644], [-79.12370745738046, 1.011525938712815], [-79.12384744660203, 1.011039678928607], [-79.12344386573486, 1.01090730202871], [-79.12309456011224, 1.011230153944024], [-79.12297755326708, 1.010905681544123], [-79.12280322964133, 1.01111415661128], [-79.12267345656156, 1.011715266807503], [-79.12252951785922, 1.011459753268288], [-79.12238093874633, 1.011430223771957], [-79.12231348959361, 1.011761374960628], [-79.12204279943624, 1.01174815366976], [-79.12193249448843, 1.011493775621183], [-79.12167862654084, 1.011631983562063], [-79.12142332627404, 1.011497606762431], [-79.1212561319241, 1.011165414798752], [-79.12101797412095, 1.011222291008597], [-79.12097052565905, 1.010906244457066], [-79.12066492472668, 1.010712264482816], [-79.12049627882811, 1.010400202922828], [-79.1204931338331, 1.010178202318925], [-79.12083261734917, 1.010299575259751], [-79.121006673832, 1.010027215804957], [-79.12097744622179, 1.009637168823917], [-79.12059812406693, 1.00947760852746], [-79.12052180749849, 1.009085139826365], [-79.12061315094509, 1.009113676485755], [-79.12086676067712, 1.008779617252034], [-79.12067794171806, 1.008137045695588], [-79.12081843740657, 1.008141558107666], [-79.12087419448883, 1.008348751670902], [-79.12101069718905, 1.008110383145484], [-79.12080821513129, 1.007952385366913], [-79.12106242157783, 1.007830551182064], [-79.12096918550785, 1.007342479187434], [-79.12121421388514, 1.006933272335716], [-79.1213642767063, 1.005996180470025], [-79.12188824465028, 1.006036698402154], [-79.12188492913506, 1.005841565196072], [-79.1223814718936, 1.005458303259157], [-79.1222607345035, 1.005180918376206], [-79.12284477016253, 1.005240268951106], [-79.12284261173728, 1.004981882002193], [-79.12243630843162, 1.00450057318054], [-79.12241889514617, 1.0039168862194], [-79.12338623234776, 1.003349102230638], [-79.1238079672439, 1.003295261325488], [-79.12402520791076, 1.003031797865013], [-79.12436628873148, 1.003092527296694], [-79.12446575440401, 1.002743517851591], [-79.12471273268719, 1.002575663169538], [-79.1247426222421, 1.002290782071256], [-79.12538645680286, 1.002458430603499], [-79.1253983067696, 1.002235520220289], [-79.12583188989412, 1.002113901784006], [-79.12593681374459, 1.001834026172262], [-79.12628524398139, 1.001855464731575], [-79.12595564778691, 1.001069245647201], [-79.12612617846672, 1.000831406100326], [-79.12636113109463, 1.000753010544502], [-79.12629957700601, 1.000467741981592], [-79.1263938227105, 1.000264406834393], [-79.12684743782495, 1.000045509084145], [-79.12672046975091, 0.99978298708824], [-79.12699968928128, 0.99943975785306], [-79.12736030051579, 0.999606034435916], [-79.12728939743465, 0.999802368053053], [-79.12748763590987, 1.000388674287929], [-79.12793934138023, 1.000920812088628], [-79.12814646324443, 1.000775644611149], [-79.12854025593208, 1.000822268467856], [-79.1290334205665, 1.000482834763352], [-79.13048479568843, 1.001114901528047], [-79.13085225632983, 1.001020193929293], [-79.13111040717048, 1.001138326068843], [-79.13135128282234, 1.000860476920321], [-79.13187370593859, 1.00082380922666], [-79.13190549302148, 1.000560887532119], [-79.13222211312052, 1.000916558478858], [-79.13242894134399, 1.000798746329767], [-79.13242619833146, 1.000648625606038], [-79.13228410101675, 1.000680898040451], [-79.13220216100045, 1.000388188567178], [-79.13205015235644, 1.000295148688501], [-79.1322168321187, 1.000226911320565], [-79.13207515717474, 0.999758550636982], [-79.13225362731059, 0.999538017078711], [-79.13217911208272, 0.999325955190197], [-79.13234595191471, 0.999289087878503], [-79.13232440383295, 0.99909797782331], [-79.13261591479211, 0.99901662513982], [-79.13247361236311, 0.998963680638001], [-79.13252615091645, 0.998622122151863], [-79.13243892395295, 0.998609420963762], [-79.13243995695707, 0.998794117232749], [-79.13219339925735, 0.998622756472531], [-79.13234682435262, 0.998456866447843], [-79.13215846971018, 0.998404395694393], [-79.13216592554835, 0.998293528676358], [-79.13236844430158, 0.99800349666888], [-79.13214823224635, 0.998049649119909], [-79.13203661229322, 0.997810496615899], [-79.13216563895234, 0.997585122213978], [-79.13224820437809, 0.997731723100795], [-79.1323788200876, 0.997713552802056], [-79.13239142820541, 0.997288133496298], [-79.13282750516062, 0.997243767124601], [-79.13298526749276, 0.997051892255739], [-79.13299237116159, 0.996470427641549], [-79.1335034336991, 0.995533414344315], [-79.133225197902, 0.994977130293752], [-79.13360794136416, 0.994457125809788], [-79.13380386433718, 0.993831716247559], [-79.13385434805345, 0.993208564041477], [-79.13354068373987, 0.992721982907974], [-79.13363724569183, 0.991355406874319], [-79.13428141486898, 0.991027977745746], [-79.13498863153879, 0.990025742135956], [-79.1346865813844, 0.989169828529562], [-79.13405879055162, 0.988877687472487], [-79.13335697567322, 0.987958762924379], [-79.13349088357592, 0.987293031709029], [-79.133475724156, 0.984705307967777], [-79.13420311521885, 0.984678662003566], [-79.13521076766567, 0.984899338666121], [-79.13687394267882, 0.985991251529477], [-79.13710211905362, 0.985991380087992], [-79.13823403913808, 0.985006310246113], [-79.13890952170519, 0.984174101496911], [-79.14005060426544, 0.983811082306584], [-79.14114455265702, 0.98272071706705], [-79.1418672749544, 0.982424451954546], [-79.14198147921812, 0.982213975727575], [-79.14186789862653, 0.981295192289806], [-79.14193479810923, 0.980663610113291], [-79.14293346468287, 0.979946417376937], [-79.14340936962058, 0.978970542376079], [-79.14336220233646, 0.978298462393261], [-79.14303475199462, 0.977293429586716], [-79.14310638800013, 0.976690558491552], [-79.14364853456851, 0.976274564573145], [-79.14413409340516, 0.975025948635967], [-79.14510522678958, 0.9731698072587], [-79.14555358636304, 0.972594864398293], [-79.14613208635264, 0.97237137560819], [-79.146888452654, 0.971395651147786], [-79.1468178434818, 0.970118013487433], [-79.14748945210502, 0.967649315510788], [-79.14741943099573, 0.965280694843722], [-79.14771014105008, 0.963419881432988], [-79.14817661392178, 0.962783331653474], [-79.14988860660125, 0.961535376544886], [-79.15035955176457, 0.960918365838087], [-79.15063102736346, 0.959956723251834], [-79.1507599860361, 0.958822743203215], [-79.15138816225392, 0.957531127654165], [-79.15133890393275, 0.956996676238459], [-79.15084913779984, 0.956493736105903], [-79.15085442497997, 0.95625951980291], [-79.15150318901404, 0.955776999371681], [-79.15233114960625, 0.95423666882221], [-79.15264825878165, 0.953866000503501], [-79.15343755536855, 0.95351233478245], [-79.1540368686097, 0.952852324223886], [-79.15505422969538, 0.952709321244682], [-79.15889458793485, 0.953859801055025], [-79.16052048377387, 0.953602283330739], [-79.16192472957611, 0.953688754320183], [-79.16264179886272, 0.953961581820273], [-79.1630859750214, 0.954385663111546], [-79.16399895951628, 0.954801523731721], [-79.16450938897617, 0.955813135357945], [-79.1646222861334, 0.956464563929647], [-79.164864688339, 0.956953221050404], [-79.16655555614452, 0.958289689579199], [-79.16752741794743, 0.958824258412426], [-79.17062329246369, 0.958063647310029], [-79.17264543296562, 0.958162439688527], [-79.17408841970003, 0.958026371649232], [-79.17463408262368, 0.958411292486915], [-79.17851986415171, 0.959167637743939], [-79.1798342992409, 0.958797107567565], [-79.18135678044902, 0.958031863267545], [-79.18300700859604, 0.955543049414698], [-79.18463180120457, 0.953832725186424], [-79.1856872085051, 0.953190476214304], [-79.1866872161093, 0.95229666332807], [-79.18763183976091, 0.951123336960085], [-79.18849356176773, 0.949195362312953], [-79.18935456786222, 0.948636849951257], [-79.19040956710828, 0.948777147717177], [-79.19107610208556, 0.948442118344569], [-79.19212577142622, 0.9483715537785], [-79.1922863482146, 0.948108455972157], [-79.19208979475677, 0.947492968588093], [-79.19218494241547, 0.946830571456753], [-79.19347629908232, 0.945972803288483], [-79.19411102933674, 0.944951715541414], [-79.1959510307678, 0.943364688737507], [-79.19595174645222, 0.941976195129313], [-79.1961423018897, 0.941401745274206], [-79.19678110172453, 0.940404000861003], [-79.19683060779707, 0.940031234327798], [-79.19666647667735, 0.939534732889452], [-79.19590580365129, 0.938816151125271], [-79.19490725750465, 0.938193203786081], [-79.19471724324825, 0.937714314773204], [-79.19467033877282, 0.936421555802496], [-79.19424281838538, 0.93532011567244], [-79.19424328325513, 0.934410413377694], [-79.19486253076363, 0.932639208669123], [-79.19610036490664, 0.930389529676265], [-79.19667250595876, 0.930064265948476], [-79.19767017717459, 0.930055183741059], [-79.19819361062362, 0.929624540427283], [-79.19862227840069, 0.928475659732256], [-79.19887609887776, 0.928196495156733], [-79.1997005263591, 0.928260756328614], [-79.20039798496875, 0.928580309218143], [-79.2010321857085, 0.928580634220831], [-79.20312549957298, 0.92768795877992], [-79.20363331051854, 0.92679447165949], [-79.2036973740993, 0.925517722907064], [-79.20394109557806, 0.924580002093886], [-79.20585410681619, 0.924625074195095], [-79.20828883831031, 0.924429333835015], [-79.2089969955674, 0.924136233379802], [-79.21042663566227, 0.92466798303885], [-79.2114262309857, 0.924570670059545], [-79.21269001278681, 0.924245520963992], [-79.21488417083397, 0.922224733528912], [-79.21721676228199, 0.921597063936899], [-79.21749461751129, 0.921191947960039], [-79.21832784512203, 0.920647367047166], [-79.2189664255313, 0.920689611112701], [-79.2198546095669, 0.921304930378814], [-79.22017404134631, 0.921039577991949], [-79.22041044889173, 0.920229182674956], [-79.22081158649502, 0.919875303906985], [-79.22229857878189, 0.920048463949276], [-79.22472196260199, 0.919936289648834], [-79.22505462560746, 0.920147006247349], [-79.22592249620887, 0.921142448571445], [-79.22641380460148, 0.921239165666957], [-79.226515762969, 0.921895999304709], [-79.22612744221615, 0.9234981660954], [-79.22634184701467, 0.923954376525548], [-79.22752171539892, 0.92516724435211], [-79.22822443514606, 0.926763959271856], [-79.2286765179807, 0.92882865662988], [-79.22895048825484, 0.929392922475535], [-79.22965383474742, 0.929729354004997], [-79.22980859472825, 0.930233547392053], [-79.22984396553147, 0.931037748062985], [-79.23059483550213, 0.931722283609494], [-79.23185842916985, 0.932419081565264], [-79.2328260131149, 0.933139650754319], [-79.23307036256188, 0.933871802034545], [-79.23269201926492, 0.934604004321357], [-79.23251200500458, 0.936908440499637], [-79.23284524532693, 0.9381688990171], [-79.23291638038164, 0.938985122022749], [-79.23319035391569, 0.939537388495631], [-79.23391739558923, 0.940185907673623], [-79.23537166945252, 0.941098858713272], [-79.23651629330728, 0.941267479964133], [-79.23888840366958, 0.942817047332889], [-79.23976113713074, 0.942629749188008], [-79.24377720232846, 0.942975569872224], [-79.24645976133185, 0.943709104529252], [-79.25000164355956, 0.943838304239268], [-79.25037916690759, 0.94389487795343], [-79.25101866797385, 0.944278694877367], [-79.25209081023316, 0.944373910425136], [-79.25504417427246, 0.944091386061563], [-79.25560838112798, 0.944299951090769], [-79.25713148251978, 0.945379988971115], [-79.25920030453176, 0.946024809446234], [-79.26006067243355, 0.94666116678343], [-79.26130615522584, 0.947862526521533], [-79.26329964578373, 0.948696656979842], [-79.26410818496335, 0.949321907368373], [-79.26529832003588, 0.950634641427903], [-79.26683442021178, 0.951898395200219], [-79.2673042479239, 0.952769626136313], [-79.26730384088594, 0.953583815664802], [-79.26756667731598, 0.954606420007706], [-79.26882654670798, 0.955478052744973], [-79.27044351534178, 0.956955777711282], [-79.27108268643747, 0.9577324243955], [-79.27194628165954, 0.96110323698463], [-79.27245355935833, 0.962315316409747], [-79.27373216293793, 0.963347909839218], [-79.27454969093078, 0.964806299418644], [-79.27513202518166, 0.966387646377917], [-79.27521626068392, 0.967201882531846], [-79.27506543207335, 0.967883454550325], [-79.27529099192682, 0.968214927842616], [-79.27588334753406, 0.96857499095135], [-79.27635196995817, 0.969287681622564], [-79.27676639714245, 0.970658264406562], [-79.27705876690456, 0.971201101474861], [-79.278109305966, 0.971476618160833], [-79.27899189955441, 0.971434766856557], [-79.27979033086936, 0.971604393153339], [-79.28075678482087, 0.971943322575123], [-79.28147097051117, 0.97249364488758], [-79.28159673125697, 0.973128274771247], [-79.28142847156445, 0.973424318672417], [-79.28029347861983, 0.973931388118706], [-79.2799989876218, 0.974523496783435], [-79.27991456862739, 0.975242627185179], [-79.2798635303947, 0.97707267756333], [-79.28003826048074, 0.979938468261658], [-79.2807100069001, 0.981292553720599], [-79.28104564177038, 0.982434943846789], [-79.28091906102007, 0.983407877593722], [-79.27986716197303, 0.985776372445018], [-79.2799749406638, 0.986536712596429], [-79.28072684049432, 0.987578515644764], [-79.28149777425743, 0.988184830814577], [-79.2824757537966, 0.988545101031767], [-79.28298332492633, 0.989170213311651], [-79.28356636574684, 0.989359865349633], [-79.28505258187663, 0.989057681624869], [-79.2857860414679, 0.989379955361799], [-79.28614307918807, 0.990099664423597], [-79.28674464991943, 0.990838435723643], [-79.28736502008184, 0.991596152767798], [-79.28866238203722, 0.992751854435961], [-79.28902527541752, 0.99335362887692], [-79.2892350859458, 0.993988305232586], [-79.28915077061382, 0.994495915552597], [-79.28880903193968, 0.9951067102744], [-79.28759513380339, 0.995679628817626], [-79.28671270685331, 0.995383036263858], [-79.28599825791474, 0.99534035744239], [-79.28557776302273, 0.995763181544372], [-79.2855353857526, 0.996440030155709], [-79.2857031670243, 0.997074684772629], [-79.28536598291178, 0.998935902730433], [-79.28528054259081, 1.001601035579661], [-79.2859100353622, 1.003378153125901], [-79.28679164742358, 1.005240014115376], [-79.2876736591374, 1.006340395981933], [-79.28847179088518, 1.007102297910117], [-79.28905971700398, 1.007991003573557], [-79.28918544724702, 1.008667942125447], [-79.28880562357779, 1.01167136000658], [-79.28909950846516, 1.012263778697069], [-79.28947760573338, 1.012560110898783], [-79.2898553027917, 1.013617924603207], [-79.29069559578694, 1.014126024974276], [-79.29292263660352, 1.014973300570674], [-79.29283811489626, 1.015861651377703], [-79.2925435400196, 1.016580672188167], [-79.29199679808677, 1.017299559280415], [-79.2919124522788, 1.017849473573225], [-79.29224816418852, 1.018822657473331], [-79.29304585113422, 1.020430656515638], [-79.29279296883458, 1.021784267974916], [-79.29216171914172, 1.023349199521133], [-79.29228719816413, 1.02449148972373], [-79.29300078113624, 1.026184056335282], [-79.29304242759248, 1.026903256359511], [-79.29270575318259, 1.027749166651601], [-79.29157000192754, 1.029609955719689], [-79.29152774779128, 1.03003297831045], [-79.29156925808348, 1.031006005210698], [-79.29203109363708, 1.031894649933912], [-79.29249259210289, 1.03341786367298], [-79.29249234348431, 1.033883214321405], [-79.29232402704145, 1.034263864453994], [-79.29148325794979, 1.034644149108019], [-79.29144102528223, 1.03502486730223], [-79.29156631797724, 1.036505594537777], [-79.29181821398548, 1.037013386214092], [-79.29215337491854, 1.039001882067052], [-79.29185881201487, 1.039678594626537], [-79.29082855193568, 1.040730358294792], [-79.28918793968849, 1.043521559851122], [-79.28874593876762, 1.044822180165075], [-79.28852437954215, 1.04650366134132], [-79.28814584963314, 1.047011107263742], [-79.2858757672061, 1.048025165113541], [-79.28546569761431, 1.04856431950297], [-79.28530733033725, 1.04996027823562], [-79.2847395500116, 1.050689715125147], [-79.28461318880478, 1.051197298200557], [-79.28491978340473, 1.053146559764655], [-79.28486372808575, 1.054179895760977], [-79.28385322013267, 1.057510804984868], [-79.28375821999342, 1.05830395918041], [-79.28404159772802, 1.058875225909555], [-79.2846717629153, 1.059351500936663], [-79.28561025430496, 1.059803557541422], [-79.28618422854382, 1.060367650094861], [-79.2862150520553, 1.061636799666259], [-79.28390157170247, 1.065099178275164], [-79.2819043648859, 1.068709846759815], [-79.28133407233071, 1.071866427231143], [-79.28007229423304, 1.073515581020409], [-79.27834699147695, 1.077321985529816], [-79.27748856638205, 1.08125985218887], [-79.27590768802779, 1.08163760671369], [-79.27551802714557, 1.081662795106302], [-79.27527392730714, 1.081501687242745], [-79.27066294589066, 1.083095882832317], [-79.26831868960565, 1.084050574392268], [-79.26782330168494, 1.08404920396666], [-79.26600437962921, 1.084957802675486], [-79.26547385819157, 1.08495388832556], [-79.26458677820945, 1.085402266970544], [-79.26415183773054, 1.085430682318368], [-79.26199300472858, 1.086253440776058], [-79.26129349964226, 1.086403603132062], [-79.26071649209834, 1.086792845022684], [-79.26028332728784, 1.086857794523568], [-79.25963295994028, 1.087173925191069], [-79.25895617805826, 1.087023145979821], [-79.25845203297895, 1.086629027321142], [-79.25825694483372, 1.086074392674907]]]}, "properties": {"PROVINCIA": "ESMERALDAS", "CANTON": "RIOVERDE", "PARROQUIA": "LAGARTO", "NUM_SECTORES": 2, "CASOS": 20, "CIRCUNSCRIPCION": "CIRCUNSCRIPCIÓN RURAL", "TIPOLOGIAS": "A, F", "ETIQUETA": "LAGARTO\n2 sectores (20 casos)"}}, {"type": "Feature", "geometry": {"type": "Polygon", "coordinates": [[[-79.27748856638205, 1.08125985218887], [-79.27834699147695, 1.077321985529816], [-79.28007229423304, 1.073515581020409], [-79.28133407233071, 1.071866427231143], [-79.2819043648859, 1.068709846759815], [-79.28390157170247, 1.065099178275164], [-79.2862150520553, 1.061636799666259], [-79.28618422854382, 1.060367650094861], [-79.28561025430496, 1.059803557541422], [-79.2846717629153, 1.059351500936663], [-79.28404159772802, 1.058875225909555], [-79.28375821999342, 1.05830395918041], [-79.28385322013267, 1.057510804984868], [-79.28486372808575, 1.054179895760977], [-79.28491978340473, 1.053146559764655], [-79.28461318880478, 1.051197298200557], [-79.2847395500116, 1.050689715125147], [-79.28530733033725, 1.04996027823562], [-79.28546569761431, 1.04856431950297], [-79.2858757672061, 1.048025165113541], [-79.28814584963314, 1.047011107263742], [-79.28852437954215, 1.04650366134132], [-79.28874593876762, 1.044822180165075], [-79.28918793968849, 1.043521559851122], [-79.29082855193568, 1.040730358294792], [-79.29185881201487, 1.039678594626537], [-79.29215337491854, 1.039001882067052], [-79.29181821398548, 1.037013386214092], [-79.29156631797724, 1.036505594537777], [-79.29144102528223, 1.03502486730223], [-79.29148325794979, 1.034644149108019], [-79.29232402704145, 1.034263864453994], [-79.29249234348431, 1.033883214321405], [-79.29249259210289, 1.03341786367298], [-79.29203109363708, 1.031894649933912], [-79.29156925808348, 1.031006005210698], [-79.29152774779128, 1.03003297831045], [-79.29157000192754, 1.029609955719689], [-79.29270575318259, 1.027749166651601], [-79.29304242759248, 1.026903256359511], [-79.29300078113624, 1.026184056335282], [-79.29228719816413, 1.02449148972373], [-79.29216171914172, 1.023349199521133], [-79.29279296883458, 1.021784267974916], [-79.29304585113422, 1.020430656515638], [-79.29224816418852, 1.018822657473331], [-79.2919124522788, 1.017849473573225], [-79.29199679808677, 1.017299559280415], [-79.2925435400196, 1.016580672188167], [-79.29283811489626, 1.015861651377703], [-79.29292263660352, 1.014973300570674], [-79.29069559578694, 1.014126024974276], [-79.2898553027917, 1.013617924603207], [-79.28947760573338, 1.012560110898783], [-79.28909950846516, 1.012263778697069], [-79.28880562357779, 1.01167136000658], [-79.28918544724702, 1.008667942125447], [-79.28905971700398, 1.007991003573557], [-79.28847179088518, 1.007102297910117], [-79.2876736591374, 1.006340395981933], [-79.28679164742358, 1.005240014115376], [-79.2859100353622, 1.003378153125901], [-79.28528054259081, 1.001601035579661], [-79.28536598291178, 0.998935902730433], [-79.2857031670243, 0.997074684772629], [-79.2855353857526, 0.996440030155709], [-79.28557776302273, 0.995763181544372], [-79.28599825791474, 0.99534035744239], [-79.28671270685331, 0.995383036263858], [-79.28759513380339, 0.995679628817626], [-79.28880903193968, 0.9951067102744], [-79.28915077061382, 0.994495915552597], [-79.2892350859458, 0.993988305232586], [-79.28902527541752, 0.99335362887692], [-79.28866238203722, 0.992751854435961], [-79.28736502008184, 0.991596152767798], [-79.28674464991943, 0.990838435723643], [-79.28614307918807, 0.990099664423597], [-79.2857860414679, 0.989379955361799], [-79.28505258187663, 0.989057681624869], [-79.28356636574684, 0.989359865349633], [-79.28298332492633, 0.989170213311651], [-79.2824757537966, 0.988545101031767], [-79.28149777425743, 0.988184830814577], [-79.28072684049432, 0.987578515644764], [-79.2799749406638, 0.986536712596429], [-79.27986716197303, 0.985776372445018], [-79.28091906102007, 0.983407877593722], [-79.28104564177038, 0.982434943846789], [-79.2807100069001, 0.981292553720599], [-79.28003826048074, 0.979938468261658], [-79.2798635303947, 0.97707267756333], [-79.27991456862739, 0.975242627185179], [-79.2799989876218, 0.974523496783435], [-79.28029347861983, 0.973931388118706], [-79.28142847156445, 0.973424318672417], [-79.28159673125697, 0.973128274771247], [-79.28147097051117, 0.97249364488758], [-79.28075678482087, 0.971943322575123], [-79.27979033086936, 0.971604393153339], [-79.27899189955441, 0.971434766856557], [-79.278109305966, 0.971476618160833], [-79.27705876690456, 0.971201101474861], [-79.27676639714245, 0.970658264406562], [-79.27635196995817, 0.969287681622564], [-79.27588334753406, 0.96857499095135], [-79.27529099192682, 0.968214927842616], [-79.27506543207335, 0.967883454550325], [-79.27521626068392, 0.967201882531846], [-79.27513202518166, 0.966387646377917], [-79.27454969093078, 0.964806299418644], [-79.27373216293793, 0.963347909839218], [-79.27245355935833, 0.962315316409747], [-79.27194628165954, 0.96110323698463], [-79.27108268643747, 0.9577324243955], [-79.27044351534178, 0.956955777711282], [-79.26882654670798, 0.955478052744973], [-79.26756667731598, 0.954606420007706], [-79.26730384088594, 0.953583815664802], [-79.2673042479239, 0.952769626136313], [-79.26683442021178, 0.951898395200219], [-79.26529832003588, 0.950634641427903], [-79.26410818496335, 0.949321907368373], [-79.26329964578373, 0.948696656979842], [-79.26130615522584, 0.947862526521533], [-79.26006067243355, 0.94666116678343], [-79.25920030453176, 0.946024809446234], [-79.25713148251978, 0.945379988971115], [-79.25560838112798, 0.944299951090769], [-79.25504417427246, 0.944091386061563], [-79.25209081023316, 0.944373910425136], [-79.25101866797385, 0.944278694877367], [-79.25037916690759, 0.94389487795343], [-79.25000164355956, 0.943838304239268], [-79.24645976133185, 0.943709104529252], [-79.24377720232846, 0.942975569872224], [-79.23976113713074, 0.942629749188008], [-79.23888840366958, 0.942817047332889], [-79.23651629330728, 0.941267479964133], [-79.23581279855155, 0.94121911077328], [-79.23473985199247, 0.940786464881815], [-79.23319035391569, 0.939537388495631], [-79.23291638038164, 0.938985122022749], [-79.23284524532693, 0.9381688990171], [-79.23251200500458, 0.936908440499637], [-79.23269201926492, 0.934604004321357], [-79.23307036256188, 0.933871802034545], [-79.2328260131149, 0.933139650754319], [-79.23185842916985, 0.932419081565264], [-79.23059483550213, 0.931722283609494], [-79.22984396553147, 0.931037748062985], [-79.22980859472825, 0.930233547392053], [-79.22965383474742, 0.929729354004997], [-79.22895048825484, 0.929392922475535], [-79.2286765179807, 0.92882865662988], [-79.22822443514606, 0.926763959271856], [-79.22752171539892, 0.92516724435211], [-79.22634184701467, 0.923954376525548], [-79.22612744221615, 0.9234981660954], [-79.226515762969, 0.921895999304709], [-79.22641380460148, 0.921239165666957], [-79.22664618212427, 0.921229216428372], [-79.22700645694587, 0.920877682948058], [-79.22747562547765, 0.919981524348003], [-79.22738317055905, 0.919487402945324], [-79.22686078761689, 0.918398503046656], [-79.22681955740639, 0.917656772197128], [-79.22705148507269, 0.917292014664361], [-79.22772310853875, 0.916993272608598], [-79.22788962075374, 0.916730167269756], [-79.22752746750857, 0.916070024381081], [-79.22647023560133, 0.915072077041427], [-79.22615571868332, 0.91421057976454], [-79.22553802972546, 0.913588193385606], [-79.22521759144946, 0.912684823224206], [-79.22510526060584, 0.91151836960881], [-79.2251945671431, 0.911165502984057], [-79.22618753319942, 0.909915855729699], [-79.22650339212724, 0.908031828993377], [-79.22693168842162, 0.907098921146294], [-79.22691465474513, 0.906689177488728], [-79.22626867599479, 0.906273461109934], [-79.22593590407746, 0.905890257610332], [-79.22541280209583, 0.905650600041633], [-79.2241285378429, 0.905649966740904], [-79.22303521125545, 0.904260912341244], [-79.22241702606973, 0.903925449334641], [-79.22198893878664, 0.903925238331775], [-79.2211816895862, 0.904548400983761], [-79.22060858909838, 0.905887627675284], [-79.22000711627643, 0.906166499889508], [-79.21884869982792, 0.905838876831847], [-79.21789777103051, 0.905072331552091], [-79.2147114217138, 0.904017402988956], [-79.21219101339837, 0.902914924947417], [-79.21061822149954, 0.90175155344423], [-79.21007764097637, 0.901109876566617], [-79.21021497070765, 0.89969392463226], [-79.20974270937992, 0.899145423499372], [-79.2089990065455, 0.898702318594395], [-79.20881619377488, 0.89822106679514], [-79.20924523206907, 0.896258220565905], [-79.20967368740754, 0.895492359405609], [-79.20964436235494, 0.895034134868], [-79.20934115303181, 0.894630365637964], [-79.20870766933083, 0.894647092837511], [-79.2079696155521, 0.894413424728867], [-79.2075140512969, 0.893334028591288], [-79.20676009663703, 0.892548016867767], [-79.20601694379856, 0.892828250956436], [-79.2052327755216, 0.89265867435814], [-79.20449215377415, 0.892907440079361], [-79.20414227950958, 0.892848127970461], [-79.20398488272629, 0.892679130693518], [-79.20377700599668, 0.892126060124524], [-79.20360372445903, 0.890406182987099], [-79.20379429060127, 0.889767886045857], [-79.20449218349519, 0.889193675215738], [-79.20609287693432, 0.88850780499673], [-79.20621641645486, 0.888284417047203], [-79.20785437244186, 0.8872163039203], [-79.20803562750336, 0.886077315528801], [-79.20925467851309, 0.884224181697396], [-79.2103710322238, 0.88407870245773], [-79.21075097531691, 0.883969712452144], [-79.21090793381401, 0.883790344005137], [-79.21097042785173, 0.883482236335815], [-79.2103519318814, 0.882482575663871], [-79.21058416736031, 0.881472095122308], [-79.21035592582844, 0.881012038136827], [-79.20988606070888, 0.880796806285145], [-79.20814474938852, 0.880680128574438], [-79.20787506251865, 0.880519327575341], [-79.20774708637693, 0.879877495377778], [-79.20815763243147, 0.87948704321738], [-79.20847536273754, 0.878759880982657], [-79.2091618109131, 0.878323352517702], [-79.20951118586079, 0.877920210064233], [-79.20947232564814, 0.877651890050035], [-79.2090779437491, 0.877300475823733], [-79.20885114095516, 0.87686495356856], [-79.20906471388024, 0.875981181622211], [-79.21012501480593, 0.874715267586961], [-79.2109929117683, 0.872981445538854], [-79.21094361774112, 0.872166841566618], [-79.21109628023844, 0.871449564789595], [-79.21173071659025, 0.87093915275905], [-79.21223635157392, 0.870749780846499], [-79.21234016425336, 0.870572703357873], [-79.21207222382843, 0.869257117765234], [-79.21163153109072, 0.868997468054616], [-79.21154998807378, 0.868753181590921], [-79.21184420371034, 0.868157939927668], [-79.21264894215477, 0.867375211051374], [-79.21290602425292, 0.866845602272535], [-79.21321628532176, 0.86670829811495], [-79.21346445001615, 0.865655554915856], [-79.21336084189558, 0.864951518565223], [-79.21404647237655, 0.864523121000787], [-79.21465932739281, 0.864697215217762], [-79.21506191114187, 0.864612402795794], [-79.21538053739357, 0.86425979097161], [-79.21561160170859, 0.863654931720603], [-79.21618693243889, 0.863388619494946], [-79.21626802551738, 0.863058773482749], [-79.21653766241825, 0.862767810392818], [-79.21724388210068, 0.862306052139665], [-79.21839388444327, 0.862132464285841], [-79.21858426134496, 0.861877195332026], [-79.21864785931825, 0.861494188212395], [-79.21852119813668, 0.861111090641986], [-79.217778358012, 0.860061768612536], [-79.21808378652518, 0.859494380379498], [-79.21786437611654, 0.858797432227676], [-79.21812345610401, 0.858408799960468], [-79.21894149473157, 0.857996013791374], [-79.21945025218717, 0.857349142474937], [-79.21965518935603, 0.857251477459865], [-79.2195161437171, 0.855893176337339], [-79.21920605147614, 0.855114982383143], [-79.21866496015147, 0.854416011436932], [-79.21808273008253, 0.852613045606599], [-79.21761103112979, 0.851956030813006], [-79.21678787248918, 0.851260767652966], [-79.21532790075744, 0.850830031868201], [-79.21339098046224, 0.851555794224693], [-79.21077425869095, 0.851344957951555], [-79.20734634946317, 0.849135417552182], [-79.20516791408673, 0.84678672274045], [-79.20495655265121, 0.845847128822356], [-79.20508385941531, 0.844825761934361], [-79.20470358194802, 0.844314871606844], [-79.20343555927795, 0.843548213133683], [-79.20261114581066, 0.84348399116897], [-79.20096287098157, 0.84401786127117], [-79.197895007681, 0.843792843689357], [-79.1971038569288, 0.843499016270162], [-79.19589591253998, 0.842320849228387], [-79.19582593447596, 0.841819931557319], [-79.19626714948063, 0.840955321479856], [-79.19622426548804, 0.839682384254214], [-79.19545660854419, 0.839069437140581], [-79.19406620369406, 0.838810342388835], [-79.19375730077743, 0.838647599884662], [-79.19277547439543, 0.83729246131382], [-79.19245669175481, 0.836188353708364], [-79.19235021927189, 0.833334740904973], [-79.19290843601095, 0.831250502741511], [-79.19312307183938, 0.82800865092924], [-79.1930276856278, 0.827395716416116], [-79.19237328128592, 0.825952801492875], [-79.19253362172812, 0.825539758913731], [-79.19295414264204, 0.825277975160715], [-79.19403541800772, 0.824754516915869], [-79.196230551877, 0.82409795058472], [-79.19661121161823, 0.823762970466944], [-79.19694445771549, 0.823092813950613], [-79.19761062779281, 0.822470688310741], [-79.19856269309051, 0.820699590480552], [-79.19965725660305, 0.81935946886601], [-79.2007041045917, 0.818354478208396], [-79.20232226922721, 0.816104881793466], [-79.20610824934673, 0.812074213461807], [-79.20681103779626, 0.811641510288044], [-79.20722726401448, 0.811601333368769], [-79.20820422325185, 0.811978553818493], [-79.20854371652294, 0.811947437860763], [-79.20887556311921, 0.811724951913617], [-79.20973728653742, 0.810766081290312], [-79.21122216167198, 0.809623013986602], [-79.2120289560716, 0.808553432525075], [-79.21289091155903, 0.807059587560675], [-79.21336759508988, 0.806561722587719], [-79.21430223142357, 0.806488346647525], [-79.21503516011887, 0.806710037278717], [-79.21644124609904, 0.806876423190118], [-79.21858785777873, 0.806116900654094], [-79.22067960077396, 0.806380474474874], [-79.2228788500782, 0.805994047740169], [-79.22434946954964, 0.804414089058815], [-79.22502741351431, 0.804055286861155], [-79.2262047489013, 0.803768522563721], [-79.2276677182522, 0.802907322842863], [-79.22823875006607, 0.802297101949941], [-79.22874509996659, 0.801310979676728], [-79.22958934014419, 0.798378207570618], [-79.22985777213759, 0.796925138857736], [-79.23112304133645, 0.794946914312714], [-79.23191995145716, 0.79410845545308], [-79.23268897954291, 0.79229189297488], [-79.23281776012504, 0.791111312207304], [-79.2334596243222, 0.790013963558191], [-79.2346326386222, 0.789617845163858], [-79.23558495367533, 0.791094050229615], [-79.23620337538034, 0.791351958570771], [-79.23659995523211, 0.791218563457418], [-79.23680384592949, 0.790550370461012], [-79.23723984102155, 0.790355051070802], [-79.23772936243442, 0.790393962421809], [-79.23820543327597, 0.79068000392921], [-79.23847269953852, 0.791353434107576], [-79.23892747651695, 0.791488292308565], [-79.23919504874742, 0.791434541180756], [-79.23978405433478, 0.790492149672952], [-79.2405895236031, 0.790190180313238], [-79.24186677661228, 0.790284980079033], [-79.24258583680275, 0.790063978595984], [-79.24276923377208, 0.7897320008154], [-79.24359899385297, 0.789036257612254], [-79.24641156320834, 0.789480809510028], [-79.2470924262938, 0.789264664368455], [-79.248102486525, 0.788701202318422], [-79.24894554324088, 0.788540015484271], [-79.24950094892152, 0.788179192534345], [-79.25000146135682, 0.787397166029403], [-79.25151615806712, 0.787067614986061], [-79.25192439168183, 0.78669411270242], [-79.25302793904747, 0.783556823586192], [-79.25245880261485, 0.782122796244874], [-79.25248609691455, 0.781105629577822], [-79.25224503974175, 0.779146920067646], [-79.25171346413498, 0.777858994485986], [-79.25176748093577, 0.777204343862974], [-79.2515099540916, 0.77607884879513], [-79.25147801927392, 0.775310541852178], [-79.25163411577617, 0.774758733321031], [-79.25205883690322, 0.77448297343551], [-79.25455825778107, 0.774148557765623], [-79.25528417740996, 0.773364331928728], [-79.25673041435807, 0.772347749776633], [-79.25875705356957, 0.771526183874142], [-79.25954215416307, 0.770595893980194], [-79.26031100060864, 0.769984818834542], [-79.26199331553397, 0.769990920212339], [-79.26402160262228, 0.769637026934974], [-79.26433166026914, 0.769261453954617], [-79.26457943663912, 0.76793596950795], [-79.26455285731397, 0.767205533094507], [-79.26482194136955, 0.766356185415506], [-79.2657580129112, 0.76423562738942], [-79.26923461374965, 0.760813256255538], [-79.2702697189877, 0.75865915756347], [-79.27112436854682, 0.758529648139942], [-79.2732004189281, 0.758641444138688], [-79.27354957195527, 0.758476766416834], [-79.2737743067779, 0.758168204388709], [-79.27360799437311, 0.757389012897625], [-79.27368879769467, 0.75693455661488], [-79.27430188392694, 0.7560366447736], [-79.27471630574806, 0.754619237587846], [-79.27477038597934, 0.753775207621441], [-79.27511486572274, 0.752530909554238], [-79.27529441014804, 0.752325064364549], [-79.27601791334112, 0.752336488021323], [-79.2776628471684, 0.751747387222031], [-79.27827570531232, 0.751422994609581], [-79.27893175619951, 0.750606254174719], [-79.28000692432418, 0.75009808350893], [-79.28019009211567, 0.749016036225428], [-79.2808194915009, 0.747620348525232], [-79.28096520134847, 0.746105436575064], [-79.28171826922944, 0.744585353123514], [-79.28222944663995, 0.743119278230337], [-79.28250367308951, 0.742838034212065], [-79.28328294412889, 0.743049352492958], [-79.28381511739181, 0.742887243126086], [-79.28494419761695, 0.741946236526583], [-79.28556792253862, 0.74131884862857], [-79.28723276680506, 0.738726948727072], [-79.2872902067609, 0.73816666238144], [-79.28647261135913, 0.736850028500502], [-79.28647290896673, 0.73607089944042], [-79.28685822494111, 0.735418542447325], [-79.2884728815419, 0.734686552725829], [-79.28903227712976, 0.733604642674096], [-79.28926899272378, 0.733020385830089], [-79.28889376924216, 0.730050081060271], [-79.29056085947035, 0.727988994911169], [-79.29072201927586, 0.72731493296159], [-79.29136707540879, 0.726576687146653], [-79.2914969102155, 0.725792634247615], [-79.29193612525158, 0.72474542071688], [-79.30215409159534, 0.738105946703144], [-79.31428604394988, 0.750789381146803], [-79.329269529015, 0.753987501673963], [-79.33927016676935, 0.777632680050056], [-79.33741932534976, 0.777918542922184], [-79.33674290396002, 0.778491487063885], [-79.33592363340411, 0.780318275439154], [-79.33549643580497, 0.780640537000799], [-79.33385939943001, 0.780460756161183], [-79.33243570422934, 0.780782619306404], [-79.33165259922129, 0.781140563168572], [-79.32997946925359, 0.782250489581501], [-79.32884011915392, 0.783503930782155], [-79.32855516427608, 0.784112851968709], [-79.32773635640051, 0.784757383620108], [-79.32442588145264, 0.786475676476607], [-79.32268175707098, 0.787119831248562], [-79.32097339632664, 0.787334091373808], [-79.3185533268086, 0.787368935636944], [-79.31670256983008, 0.78769061228597], [-79.31542114947574, 0.788227471906589], [-79.31472101119441, 0.78878247963915], [-79.31481479813753, 0.791553014076439], [-79.31462419811895, 0.793511390023593], [-79.31429182150373, 0.794036692547294], [-79.31372233956084, 0.794179760587421], [-79.3131055221362, 0.794036205340243], [-79.31206138502084, 0.794513447553942], [-79.30973452712085, 0.798715989908809], [-79.30925936344735, 0.800292105607647], [-79.30868962694103, 0.801056140784032], [-79.30783527569187, 0.80158122276622], [-79.30679129501895, 0.80167632283826], [-79.30593706194604, 0.80191480198608], [-79.30527255824927, 0.802344426982046], [-79.30503508241007, 0.802869764267692], [-79.30579344718365, 0.804971826894515], [-79.30584026737783, 0.806500388424619], [-79.30493808755874, 0.8079330179091], [-79.30398855392883, 0.809126792162686], [-79.30308676842402, 0.809604080649657], [-79.30185286069445, 0.809985695880012], [-79.30080858102083, 0.810797291253422], [-79.29972966125938, 0.812491892605779], [-79.29937344285122, 0.813279893796515], [-79.29930201023036, 0.81388888983689], [-79.29990547149373, 0.817579131062123], [-79.29983403840774, 0.81818812801305], [-79.29954899484463, 0.81897615767603], [-79.29919290838171, 0.819441731973846], [-79.29880123296816, 0.819907290840277], [-79.29773323276703, 0.820694985226833], [-79.29705663426913, 0.821661971054721], [-79.29655756869776, 0.823596308840539], [-79.29652100484905, 0.825889095147901], [-79.27316260616011, 0.809427170580997], [-79.25235526483534, 0.813152980218925], [-79.24181679344383, 0.815291565921527], [-79.23163633849676, 0.820541036169958], [-79.24496419793174, 0.828504806706967], [-79.25264460382184, 0.82953009054288], [-79.27593018530305, 0.849435354161733], [-79.30742226842493, 0.864313701470979], [-79.30665385522087, 0.864910856715028], [-79.30609517198667, 0.864980899390696], [-79.30532683768473, 0.865402318675246], [-79.30487229221754, 0.866843142831241], [-79.30515100768741, 0.868214002727546], [-79.30553473746703, 0.86898741070547], [-79.30633753392493, 0.869585273180401], [-79.30720992963856, 0.870710373965977], [-79.30692925152502, 0.873732894780365], [-79.30657979380216, 0.874400529964837], [-79.30664935817158, 0.874998061634668], [-79.30706819058526, 0.8753497232442], [-79.30794050505924, 0.87665056119636], [-79.30870837155133, 0.87728355896763], [-79.30909173573168, 0.878865352707897], [-79.31020855757072, 0.879955422271537], [-79.31112060798253, 0.880245194164245], [-79.31153528722167, 0.880131763608939], [-79.31324601592533, 0.880484014464167], [-79.31380449946916, 0.880870887407469], [-79.31467729026068, 0.881117315696209], [-79.31610855103568, 0.881785765228302], [-79.31733018927363, 0.882735296981456], [-79.31788831065084, 0.883930558258973], [-79.31877091317722, 0.885081543580227], [-79.31872507930363, 0.886637280303358], [-79.31844548060968, 0.887234656145981], [-79.31694325682223, 0.889061625133166], [-79.31638399082082, 0.890396963512118], [-79.31673136286955, 0.894333614191696], [-79.31844101079454, 0.897075891142568], [-79.31897428499305, 0.898400355379547], [-79.31906858979593, 0.899079576326922], [-79.31987116702399, 0.900169514268645], [-79.32116294474102, 0.900451291938898], [-79.32182605127336, 0.901119399165902], [-79.32269833251834, 0.902490550133751], [-79.3241292311302, 0.90396740407437], [-79.32555872609329, 0.908502082403777], [-79.32513916039586, 0.909732045159837], [-79.32489406272904, 0.911208121024309], [-79.32503353325474, 0.911629955161206], [-79.3256615936573, 0.912579228772835], [-79.32639456596625, 0.913177078249464], [-79.32712768405413, 0.913458601346306], [-79.32862910938906, 0.9136536450463], [-79.32967663269254, 0.913389499647467], [-79.33037493406997, 0.913460121786154], [-79.33205069219854, 0.913988117530471], [-79.33512239379274, 0.916098407529299], [-79.336344319626, 0.916450454530797], [-79.33676317570207, 0.916766978671361], [-79.33708589751242, 0.917729864304446], [-79.337041747476, 0.918419046341483], [-79.3367971504101, 0.918805555738855], [-79.33676202236062, 0.919262458023431], [-79.3370409008056, 0.920246721198241], [-79.3375993114235, 0.920809345301534], [-79.33861183461113, 0.920950411111156], [-79.33927533863549, 0.920774984350482], [-79.33993892229387, 0.92042381835521], [-79.34161467604301, 0.920986966471765], [-79.34245240645278, 0.921584869730538], [-79.34576877520722, 0.923203219082139], [-79.34625733753725, 0.923800959962831], [-79.3465011384651, 0.925136689625921], [-79.34709391480388, 0.926894357076288], [-79.34726802911938, 0.927913723946379], [-79.34716250900867, 0.929565620118608], [-79.34723195040633, 0.93040920000551], [-79.34768546427664, 0.931288108803486], [-79.34827892526131, 0.931569571371351], [-79.34915192140139, 0.931429391917949], [-79.34988513271125, 0.931535181386554], [-79.35229368587258, 0.933117969892452], [-79.35351557871634, 0.933575468468266], [-79.3543532999181, 0.934208525487052], [-79.35542637038644, 0.934763840698673], [-79.35606362720772, 0.935544953334399], [-79.35965935086328, 0.937198603741928], [-79.3603574546787, 0.9377261535031], [-79.36067149812152, 0.938183225815198], [-79.36067118801984, 0.938851037662493], [-79.36025163743714, 0.940010724283874], [-79.36018140825145, 0.940854243715316], [-79.3601807018777, 0.942365607825941], [-79.36045972955061, 0.943033551966674], [-79.36042453162214, 0.943631051561339], [-79.35934144732109, 0.945001309197468], [-79.35787377177968, 0.947425821686205], [-79.35633660644633, 0.94911218889303], [-79.35563800634483, 0.949639073057432], [-79.35497450809173, 0.949779346956071], [-79.35378734741869, 0.949708482503556], [-79.35319364998294, 0.949919084726589], [-79.3522155132215, 0.950867608373852], [-79.35116735602031, 0.952202722023787], [-79.35088739699039, 0.953503057774233], [-79.3500137741878, 0.954943697704502], [-79.34823239853512, 0.956173009119469], [-79.34795275644822, 0.956805533715114], [-79.34791753552494, 0.957438176690537], [-79.34683453966193, 0.958597527848085], [-79.3458915157357, 0.959124286142239], [-79.34533253477245, 0.959756673322528], [-79.34512155735891, 0.962814423668193], [-79.34386327339435, 0.965414740265828], [-79.34358188774705, 0.969632327636832], [-79.34302257507463, 0.970932517340236], [-79.34225387676481, 0.971986568568282], [-79.3417294964822, 0.97325162540826], [-79.34092586115955, 0.974340804858484], [-79.34005264884644, 0.97490273441708], [-79.33956352895062, 0.975464854069334], [-79.33949328067634, 0.976308361910642], [-79.339737237492, 0.977257470136571], [-79.33998143492808, 0.977714511001461], [-79.34158707195802, 0.978875183368811], [-79.34291290238178, 0.980984705041239], [-79.34291217456656, 0.98246090721615], [-79.34348751603426, 0.983330672854675], [-79.34413378943246, 0.983480800996384], [-79.34483226277361, 0.983235116240157], [-79.34563536832677, 0.983235516992142], [-79.34685722788699, 0.983763342379123], [-79.34825400358213, 0.98362344754311], [-79.34905721606788, 0.98341296120361], [-79.3501396826311, 0.983378352415343], [-79.35087274731565, 0.983800490437812], [-79.35268759193066, 0.985593934452816], [-79.35369984604533, 0.986332544080638], [-79.35743533192462, 0.987810616528636], [-79.35820331978069, 0.988232774397421], [-79.35872631117513, 0.989814693080728], [-79.35851631867641, 0.990798732094455], [-79.35750314441401, 0.991922961582827], [-79.35589636339496, 0.993046891516232], [-79.35366113020386, 0.994029912726568], [-79.3532067793167, 0.994873233169129], [-79.35306661928576, 0.995857303655946], [-79.35281124708341, 0.996370769624477], [-79.35142333131078, 0.998433308747081], [-79.35112306738911, 0.999965306174675], [-79.35145895073785, 0.999964856526835], [-79.35093355976475, 1.002007101494981], [-79.35072299643706, 1.004115864680063], [-79.3516299462188, 1.005944013140639], [-79.35229287716413, 1.006963638323934], [-79.35316538677878, 1.007842779195906], [-79.35354902649819, 1.008756819299165], [-79.35347881867058, 1.009494889093911], [-79.3519764042266, 1.011356958707549], [-79.35194100646001, 1.012305933237988], [-79.35218502496619, 1.013114458434827], [-79.35263869368157, 1.013641909087763], [-79.3528477923096, 1.014450416779908], [-79.3521484882373, 1.016312894291533], [-79.3524275116652, 1.016945699783022], [-79.35431271792362, 1.017684773793543], [-79.35508084648647, 1.017825759026209], [-79.35612798277846, 1.018634699370519], [-79.35665111406422, 1.01990029323236], [-79.35699906457224, 1.022325680701536], [-79.35724302893097, 1.023239652835762], [-79.3568585686852, 1.023942412738248], [-79.3551821513773, 1.024609358001427], [-79.35336545051048, 1.026471255491093], [-79.35207255762617, 1.028263125504574], [-79.35119853621437, 1.03033639363379], [-79.351826215765, 1.031988669374243], [-79.35273372941968, 1.032692100177654], [-79.35419988205888, 1.033501265829273], [-79.3547929518991, 1.034556012084233], [-79.35646812768972, 1.036314282740918], [-79.35653736580035, 1.037474200802589], [-79.35586059676567, 1.038206055866718], [-79.35590816344568, 1.038774344059328], [-79.35482476457332, 1.040566319257493], [-79.35440545081822, 1.04112846555152], [-79.35377686467972, 1.041233579109164], [-79.35349733570278, 1.041584910580136], [-79.35356689747513, 1.042112165733487], [-79.35335704031169, 1.042779864445899], [-79.35209973903956, 1.043236124080478], [-79.35017805581285, 1.045484570429815], [-79.34738342514623, 1.047697400201662], [-79.3461956104169, 1.048821496551057], [-79.3447979337223, 1.050613286367003], [-79.34420350665742, 1.052159469006422], [-79.34379878604459, 1.052875569652997], [-79.34166581090128, 1.052874428215958], [-79.34082459162873, 1.054239902879345], [-79.33990035987617, 1.056272648617938], [-79.3394463261995, 1.058054689575976], [-79.33867582952685, 1.061573173722823], [-79.33880143201822, 1.062581858426549], [-79.33816542064098, 1.065772315950589], [-79.33848962879144, 1.067523847614672], [-79.34031072868285, 1.070995547223674], [-79.33298017133792, 1.072335080262643], [-79.32600574519829, 1.074248268019307], [-79.32103884978382, 1.075773945329297], [-79.31075995755465, 1.079200990219141], [-79.30546312281676, 1.08130728364869], [-79.30399054861843, 1.082016354360318], [-79.30394238444198, 1.08219230975018], [-79.30374549120076, 1.082274221576088], [-79.3033360620135, 1.082294248002371], [-79.30277942927461, 1.081577344305017], [-79.30236180010984, 1.081479803397519], [-79.30169455120244, 1.080957178008159], [-79.30006845742835, 1.080338335026062], [-79.29989241354173, 1.079601118533799], [-79.30011070660092, 1.079327320577688], [-79.30038154332294, 1.07923866798157], [-79.30028602434409, 1.078991148594083], [-79.29950877686643, 1.07917331490225], [-79.29913746569578, 1.079104941338782], [-79.2983553436126, 1.079489201586581], [-79.29811266214303, 1.079355043650583], [-79.29787023156726, 1.078928064937784], [-79.2972706767752, 1.07898334325733], [-79.29669417160183, 1.078786417899295], [-79.2947428172855, 1.077740550851869], [-79.2934547004576, 1.077641976634665], [-79.28870303570007, 1.078368809610346], [-79.28437270485526, 1.079480749389198], [-79.2833215007502, 1.079880675304204], [-79.28163582024324, 1.080132473561777], [-79.27888209162546, 1.081023827900138], [-79.27832752874103, 1.080961294377614], [-79.27748856638205, 1.08125985218887]]]}, "properties": {"PROVINCIA": "ESMERALDAS", "CANTON": "RIOVERDE", "PARROQUIA": "MONTALVO", "NUM_SECTORES": 2, "CASOS": 20, "CIRCUNSCRIPCION": "CIRCUNSCRIPCIÓN RURAL", "TIPOLOGIAS": "B, H", "ETIQUETA": "MONTALVO\n2 sectores (20 casos)"}}, {"type": "Feature", "geometry": {"type": "Polygon", "coordinates": [[[-79.37616255372211, 1.06959615064879], [-79.37577875834825, 1.069700140509478], [-79.37505247861425, 1.069646332758884], [-79.37367638335634, 1.070056784990838], [-79.36998734385597, 1.069946109833996], [-79.36902659863902, 1.069807138382374], [-79.36873282602795, 1.069591201032087], [-79.36873556510204, 1.069338343628685], [-79.36826050707813, 1.069582989898781], [-79.36786057449704, 1.069633058166219], [-79.3537314427441, 1.069869274070873], [-79.34390429988824, 1.070581188401118], [-79.34031072868285, 1.070995547223674], [-79.33848962879144, 1.067523847614672], [-79.33816542064098, 1.065772315950589], [-79.33880143201822, 1.062581858426549], [-79.33867582952685, 1.061573173722823], [-79.33990035987617, 1.056272648617938], [-79.34082459162873, 1.054239902879345], [-79.34166581090128, 1.052874428215958], [-79.34379878604459, 1.052875569652997], [-79.34420350665742, 1.052159469006422], [-79.3447979337223, 1.050613286367003], [-79.3461956104169, 1.048821496551057], [-79.34738342514623, 1.047697400201662], [-79.35017805581285, 1.045484570429815], [-79.35209973903956, 1.043236124080478], [-79.35335704031169, 1.042779864445899], [-79.35356689747513, 1.042112165733487], [-79.35349733570278, 1.041584910580136], [-79.35377686467972, 1.041233579109164], [-79.35440545081822, 1.04112846555152], [-79.35482476457332, 1.040566319257493], [-79.35590816344568, 1.038774344059328], [-79.35586059676567, 1.038206055866718], [-79.35653736580035, 1.037474200802589], [-79.35646812768972, 1.036314282740918], [-79.3547929518991, 1.034556012084233], [-79.35419988205888, 1.033501265829273], [-79.35273372941968, 1.032692100177654], [-79.351826215765, 1.031988669374243], [-79.35119853621437, 1.03033639363379], [-79.35207255762617, 1.028263125504574], [-79.35336545051048, 1.026471255491093], [-79.3551821513773, 1.024609358001427], [-79.3568585686852, 1.023942412738248], [-79.35724302893097, 1.023239652835762], [-79.35699906457224, 1.022325680701536], [-79.35665111406422, 1.01990029323236], [-79.35612798277846, 1.018634699370519], [-79.35508084648647, 1.017825759026209], [-79.35431271792362, 1.017684773793543], [-79.3524275116652, 1.016945699783022], [-79.3521484882373, 1.016312894291533], [-79.3528477923096, 1.014450416779908], [-79.35263869368157, 1.013641909087763], [-79.35218502496619, 1.013114458434827], [-79.35194100646001, 1.012305933237988], [-79.3519764042266, 1.011356958707549], [-79.35347881867058, 1.009494889093911], [-79.35354902649819, 1.008756819299165], [-79.35316538677878, 1.007842779195906], [-79.35229287716413, 1.006963638323934], [-79.3516299462188, 1.005944013140639], [-79.35072299643706, 1.004115864680063], [-79.35093355976475, 1.002007101494981], [-79.35145895073785, 0.999964856526835], [-79.35112306738911, 0.999965306174675], [-79.35142333131078, 0.998433308747081], [-79.35281124708341, 0.996370769624477], [-79.35306661928576, 0.995857303655946], [-79.3532067793167, 0.994873233169129], [-79.35366113020386, 0.994029912726568], [-79.35589636339496, 0.993046891516232], [-79.35750314441401, 0.991922961582827], [-79.35851631867641, 0.990798732094455], [-79.35872631117513, 0.989814693080728], [-79.35820331978069, 0.988232774397421], [-79.35743533192462, 0.987810616528636], [-79.35369984604533, 0.986332544080638], [-79.35268759193066, 0.985593934452816], [-79.35087274731565, 0.983800490437812], [-79.3501396826311, 0.983378352415343], [-79.34905721606788, 0.98341296120361], [-79.34825400358213, 0.98362344754311], [-79.34685722788699, 0.983763342379123], [-79.34563536832677, 0.983235516992142], [-79.34483226277361, 0.983235116240157], [-79.34413378943246, 0.983480800996384], [-79.34348751603426, 0.983330672854675], [-79.34291217456656, 0.98246090721615], [-79.34291290238178, 0.980984705041239], [-79.342250037628, 0.979824500616993], [-79.34158707195802, 0.978875183368811], [-79.33998143492808, 0.977714511001461], [-79.339737237492, 0.977257470136571], [-79.33949328067634, 0.976308361910642], [-79.33956352895062, 0.975464854069334], [-79.34005264884644, 0.97490273441708], [-79.34092586115955, 0.974340804858484], [-79.3417294964822, 0.97325162540826], [-79.34225387676481, 0.971986568568282], [-79.34302257507463, 0.970932517340236], [-79.34358188774705, 0.969632327636832], [-79.34386327339435, 0.965414740265828], [-79.34512155735891, 0.962814423668193], [-79.34533253477245, 0.959756673322528], [-79.3458915157357, 0.959124286142239], [-79.34683453966193, 0.958597527848085], [-79.34791753552494, 0.957438176690537], [-79.34795275644822, 0.956805533715114], [-79.34823239853512, 0.956173009119469], [-79.3500137741878, 0.954943697704502], [-79.35088739699039, 0.953503057774233], [-79.35116735602031, 0.952202722023787], [-79.3522155132215, 0.950867608373852], [-79.35319364998294, 0.949919084726589], [-79.35378734741869, 0.949708482503556], [-79.35497450809173, 0.949779346956071], [-79.35563800634483, 0.949639073057432], [-79.35633660644633, 0.94911218889303], [-79.35787377177968, 0.947425821686205], [-79.35934144732109, 0.945001309197468], [-79.36042453162214, 0.943631051561339], [-79.36045972955061, 0.943033551966674], [-79.3601807018777, 0.942365607825941], [-79.36018140825145, 0.940854243715316], [-79.36025163743714, 0.940010724283874], [-79.36067118801984, 0.938851037662493], [-79.36067149812152, 0.938183225815198], [-79.3603574546787, 0.9377261535031], [-79.35965935086328, 0.937198603741928], [-79.35606362720772, 0.935544953334399], [-79.35542637038644, 0.934763840698673], [-79.3543532999181, 0.934208525487052], [-79.35351557871634, 0.933575468468266], [-79.35229368587258, 0.933117969892452], [-79.34988513271125, 0.931535181386554], [-79.34915192140139, 0.931429391917949], [-79.34827892526131, 0.931569571371351], [-79.34768546427664, 0.931288108803486], [-79.34723195040633, 0.93040920000551], [-79.34716250900867, 0.929565620118608], [-79.34726802911938, 0.927913723946379], [-79.34709391480388, 0.926894357076288], [-79.3465011384651, 0.925136689625921], [-79.34625733753725, 0.923800959962831], [-79.34576877520722, 0.923203219082139], [-79.34245240645278, 0.921584869730538], [-79.34161467604301, 0.920986966471765], [-79.33993892229387, 0.92042381835521], [-79.33927533863549, 0.920774984350482], [-79.33861183461113, 0.920950411111156], [-79.3375993114235, 0.920809345301534], [-79.3370409008056, 0.920246721198241], [-79.33676202236062, 0.919262458023431], [-79.3367971504101, 0.918805555738855], [-79.337041747476, 0.918419046341483], [-79.33708589751242, 0.917729864304446], [-79.33676317570207, 0.916766978671361], [-79.336344319626, 0.916450454530797], [-79.33512239379274, 0.916098407529299], [-79.33205069219854, 0.913988117530471], [-79.33037493406997, 0.913460121786154], [-79.32967663269254, 0.913389499647467], [-79.32862910938906, 0.9136536450463], [-79.32712768405413, 0.913458601346306], [-79.32639456596625, 0.913177078249464], [-79.3256615936573, 0.912579228772835], [-79.32503353325474, 0.911629955161206], [-79.32489406272904, 0.911208121024309], [-79.32513916039586, 0.909732045159837], [-79.32555872609329, 0.908502082403777], [-79.3241292311302, 0.90396740407437], [-79.32269833251834, 0.902490550133751], [-79.32182605127336, 0.901119399165902], [-79.32116294474102, 0.900451291938898], [-79.31987116702399, 0.900169514268645], [-79.31906858979593, 0.899079576326922], [-79.31897428499305, 0.898400355379547], [-79.31844101079454, 0.897075891142568], [-79.31673136286955, 0.894333614191696], [-79.31638399082082, 0.890396963512118], [-79.31694325682223, 0.889061625133166], [-79.31844548060968, 0.887234656145981], [-79.31872507930363, 0.886637280303358], [-79.31877091317722, 0.885081543580227], [-79.31788831065084, 0.883930558258973], [-79.31733018927363, 0.882735296981456], [-79.31610855103568, 0.881785765228302], [-79.31467729026068, 0.881117315696209], [-79.31380449946916, 0.880870887407469], [-79.31324601592533, 0.880484014464167], [-79.31153528722167, 0.880131763608939], [-79.31112060798253, 0.880245194164245], [-79.31020855757072, 0.879955422271537], [-79.30909173573168, 0.878865352707897], [-79.30870837155133, 0.87728355896763], [-79.30794050505924, 0.87665056119636], [-79.30706819058526, 0.8753497232442], [-79.30664935817158, 0.874998061634668], [-79.30657979380216, 0.874400529964837], [-79.30692925152502, 0.873732894780365], [-79.30720992963856, 0.870710373965977], [-79.30633753392493, 0.869585273180401], [-79.30553473746703, 0.86898741070547], [-79.30515100768741, 0.868214002727546], [-79.30487229221754, 0.866843142831241], [-79.30532683768473, 0.865402318675246], [-79.30609517198667, 0.864980899390696], [-79.30665385522087, 0.864910856715028], [-79.30742226842493, 0.864313701470979], [-79.27593018530305, 0.849435354161733], [-79.25264460382184, 0.82953009054288], [-79.24496419793174, 0.828504806706967], [-79.23163633849676, 0.820541036169958], [-79.24181679344383, 0.815291565921527], [-79.25235526483534, 0.813152980218925], [-79.27316260616011, 0.809427170580997], [-79.29652100484905, 0.825889095147901], [-79.29698330966463, 0.826713270653968], [-79.29758804717295, 0.827358383357805], [-79.2986554583609, 0.827967870451369], [-79.29936708539509, 0.828326428474007], [-79.30157348406858, 0.828613982177446], [-79.3041005217347, 0.828113519535942], [-79.30502577939583, 0.828257219198961], [-79.30609348407451, 0.828186028608003], [-79.30609324058855, 0.828759231861701], [-79.30570127184227, 0.829905469545712], [-79.30602096380056, 0.831338615737213], [-79.30641213979058, 0.832055289441239], [-79.30708816510807, 0.832449658737273], [-79.30826247148528, 0.832772593283958], [-79.31007709579283, 0.833776485368341], [-79.31110912496527, 0.83392023200125], [-79.31217688041446, 0.833741567060394], [-79.31268758596192, 0.833836994906244], [-79.31278163827574, 0.834350858587343], [-79.31331526548009, 0.834852643985912], [-79.31327929340208, 0.835748261891438], [-79.31481551278914, 0.835877134377514], [-79.3201005656184, 0.83582567568479], [-79.32175492837322, 0.83711610620741], [-79.32218174018574, 0.837734280167074], [-79.32255442324339, 0.840098924446886], [-79.32331868378935, 0.842244308470872], [-79.32324718130177, 0.842996613866568], [-79.32271273980022, 0.844393577329093], [-79.32274800662415, 0.845145927910296], [-79.32353040843974, 0.846471812941507], [-79.32474011842126, 0.84726050165018], [-79.32541598397232, 0.848048958463611], [-79.3257377491055, 0.848115904963467], [-79.32662612549915, 0.84783453163481], [-79.32751589969612, 0.847763267736741], [-79.32822764754418, 0.84787105370479], [-79.32872582718238, 0.848050398720535], [-79.33011345884334, 0.848910817300101], [-79.33149725188896, 0.850141967777038], [-79.33299557279797, 0.850452574228896], [-79.33402740026196, 0.851097886427552], [-79.33562870012838, 0.85167179449607], [-79.33691169928717, 0.852808884217415], [-79.33790193116126, 0.852959938248993], [-79.33899316664012, 0.85368835570549], [-79.34049146183578, 0.855475370977108], [-79.34042486932752, 0.855914011993914], [-79.3400015515524, 0.856710444438408], [-79.33885471997313, 0.858344380728924], [-79.33777628043605, 0.859580037200067], [-79.33759873091597, 0.859978267793125], [-79.33772135143296, 0.860390364293515], [-79.33875509200676, 0.862438355232441], [-79.34032656337133, 0.864307698454421], [-79.34166208551055, 0.866146966340965], [-79.34310859357448, 0.868943527373286], [-79.34324325329895, 0.869787383054954], [-79.34351596238774, 0.870199547506702], [-79.34492210096666, 0.871273487030257], [-79.34538440756604, 0.872136981857262], [-79.34806280915107, 0.875360808079369], [-79.34873158554315, 0.876408216693211], [-79.35026734422485, 0.877721084590697], [-79.35096518645226, 0.878846125516917], [-79.35161583225775, 0.881423925060828], [-79.35212763610325, 0.882127110981724], [-79.35282584739228, 0.882408605458902], [-79.35385003325119, 0.882502789088727], [-79.35575886097531, 0.882409911813795], [-79.35706205331849, 0.883254042157142], [-79.35799281907777, 0.884051144551031], [-79.35828670598939, 0.884531549655635], [-79.35881797398596, 0.886509612250816], [-79.35943789847671, 0.887638587544616], [-79.35974520954392, 0.887869781454987], [-79.36138250321933, 0.888007861618455], [-79.36280159376756, 0.887898615227982], [-79.36338601851922, 0.887731146311643], [-79.36656623787297, 0.890812102440304], [-79.3668933177311, 0.8917050211284], [-79.36732964398985, 0.892391964038407], [-79.3695122808256, 0.89356041123936], [-79.37161317441334, 0.894454124246672], [-79.37305909209586, 0.895416219897183], [-79.37410926442305, 0.896488019540209], [-79.37509668852874, 0.897957547985851], [-79.37530624775101, 0.898460196364026], [-79.37511075517617, 0.899654388086566], [-79.37459007516499, 0.900786529900048], [-79.37374694569183, 0.903935774228606], [-79.37390784486165, 0.904543510538354], [-79.37434416069658, 0.905257927776963], [-79.37450733490184, 0.906521622287072], [-79.37407679132738, 0.909291829323604], [-79.37543791373201, 0.911276347712098], [-79.37570532498367, 0.912675451271561], [-79.37705160307078, 0.913416533660606], [-79.37972871372335, 0.916770321574041], [-79.38014276910778, 0.917528006511275], [-79.3805866965988, 0.920424235658519], [-79.38098201882869, 0.921262254113244], [-79.38117264497848, 0.922155120260907], [-79.38167729467709, 0.922622343221067], [-79.38211531530594, 0.922806966635681], [-79.38484159785128, 0.9234156774831], [-79.38742074778673, 0.924973669671046], [-79.38808003882997, 0.925512579787478], [-79.38828495158533, 0.926946459909333], [-79.3889052703115, 0.928051973584036], [-79.38908399235791, 0.928160975048737], [-79.38987531913025, 0.928339894755185], [-79.39065308249725, 0.928340251223442], [-79.39437835937507, 0.927916166337449], [-79.3952379325289, 0.928053910497516], [-79.39575629445665, 0.928383790885471], [-79.3968555781734, 0.92954122332071], [-79.39752095816655, 0.930544748268638], [-79.39760202641938, 0.931077370589648], [-79.39794742332195, 0.931196544122832], [-79.40062645274365, 0.930872081057505], [-79.40228846284406, 0.930294966509022], [-79.40282357360933, 0.930282469563022], [-79.40561997515034, 0.932151732482342], [-79.40585678626636, 0.93272981666608], [-79.40765236633688, 0.93377341566399], [-79.40825240626965, 0.934542862459552], [-79.40856616119788, 0.935661597041803], [-79.40845608683769, 0.936754329024598], [-79.4077482517566, 0.938769297368646], [-79.40657137954788, 0.940461977317191], [-79.40650292996627, 0.940956413912531], [-79.40669362427776, 0.941698203750386], [-79.40653936739055, 0.942194703499922], [-79.40438687195297, 0.94329042577777], [-79.40364978448379, 0.943839493624106], [-79.40301535310307, 0.944654426914027], [-79.40277583245343, 0.945295020697691], [-79.4023791616019, 0.947396321472728], [-79.40244584169994, 0.948552291144312], [-79.40142663428306, 0.950920374346284], [-79.4013892543119, 0.951711142033688], [-79.40078039486168, 0.952367716680333], [-79.40050717614733, 0.953054348175108], [-79.40024724556554, 0.954510155799911], [-79.39923464706789, 0.956860905334655], [-79.3987219905959, 0.957448507143182], [-79.3983112948303, 0.958256914050995], [-79.39825304816905, 0.958835798483941], [-79.39903326583942, 0.960235842112733], [-79.39877054794516, 0.961019934735631], [-79.39794016500639, 0.96227134144996], [-79.39774632106224, 0.962818757140578], [-79.39775554727156, 0.964202986507667], [-79.39763052409646, 0.965043463130025], [-79.3974058454946, 0.965770985015402], [-79.39565955411081, 0.968868846800333], [-79.39519753220465, 0.970750422384697], [-79.39547130636217, 0.971628724456406], [-79.39766380175054, 0.973787567571134], [-79.39776932396002, 0.974665790321255], [-79.39747867522875, 0.97632163892105], [-79.39801748315185, 0.976999338771069], [-79.39910585065277, 0.977669573960277], [-79.4023858267311, 0.977007705525204], [-79.40309614218647, 0.977189953318186], [-79.40358182289415, 0.978005633890363], [-79.40366881637345, 0.978532580048629], [-79.40357864207671, 0.979482311884915], [-79.40323453511193, 0.980273259936518], [-79.40338431402719, 0.981775408765033], [-79.40324939995416, 0.983183789850108], [-79.40298391688098, 0.983762942308121], [-79.40229372397512, 0.984247806755288], [-79.4026342431207, 0.985532212326315], [-79.40273527648316, 0.987050316010639], [-79.40226471406505, 0.987853280864982], [-79.40175232755126, 0.989288360200226], [-79.40208615519505, 0.99029805833118], [-79.40191503237845, 0.991458598991137], [-79.40238648068852, 0.992900095798439], [-79.40202330478927, 0.993312901772173], [-79.40185921108527, 0.994040787333852], [-79.4019540306046, 0.995489895758368], [-79.40221265367103, 0.996815468064707], [-79.40201427690175, 0.997893583749027], [-79.40148799301883, 0.999299825622101], [-79.4014255499711, 1.000002306683193], [-79.40103312095947, 1.000771002320976], [-79.40075059554017, 1.001039208613285], [-79.39929246498872, 1.00169635436942], [-79.39796165923082, 1.002934596331353], [-79.3976792981201, 1.003459066574101], [-79.39767771837853, 1.004400642527199], [-79.39824339883728, 1.00598929169574], [-79.39844508870945, 1.007251941255587], [-79.39832336595776, 1.007944247233265], [-79.39665262459724, 1.009815618295969], [-79.39652794403116, 1.010588025818005], [-79.3968255777131, 1.011005496288293], [-79.39790770370341, 1.011630006874055], [-79.40085141202724, 1.012328050143795], [-79.40164840093573, 1.013556320240047], [-79.40142456020521, 1.016518915566395], [-79.40168666624454, 1.018331418725288], [-79.40301033433127, 1.021254278283518], [-79.4029732134205, 1.021785394577455], [-79.40235963974452, 1.022187213111096], [-79.40055337670921, 1.022080049443497], [-79.39873510425817, 1.022539589800495], [-79.39620028526582, 1.025129831558297], [-79.39463400199428, 1.02597320137615], [-79.39445795546492, 1.026185628801604], [-79.39488559072069, 1.027159876247042], [-79.39498443361377, 1.030179724270161], [-79.39481206091469, 1.031004365545866], [-79.39329907029676, 1.033274804538625], [-79.39251231930496, 1.035033561257263], [-79.39288722406489, 1.035895622005336], [-79.3941612848403, 1.037754589879121], [-79.394949260075, 1.039781177512355], [-79.39572306867264, 1.040447893661049], [-79.39773033772143, 1.041065513571567], [-79.39853955402465, 1.041096472629928], [-79.39932838817299, 1.041422695314963], [-79.39927655734446, 1.04390704157006], [-79.39988817670826, 1.047784068242438], [-79.3998296213465, 1.049238663014471], [-79.40007253988493, 1.050087839225163], [-79.4005225989943, 1.050577299255369], [-79.40104270068906, 1.050868508846475], [-79.40139703334876, 1.05132052754908], [-79.40138893432908, 1.052032400500987], [-79.4006247133965, 1.052742018278942], [-79.4007789658644, 1.053336218134434], [-79.40291296447461, 1.054039868870206], [-79.40440957864868, 1.054967192716026], [-79.40490465814977, 1.055972755768918], [-79.40474263137307, 1.056453919214256], [-79.40390266862748, 1.057196762846885], [-79.40053330619666, 1.05898702470446], [-79.39947068712588, 1.059953749360693], [-79.39836390324265, 1.06130245572574], [-79.39745672408459, 1.061877069372118], [-79.3966068489257, 1.062222808420018], [-79.3933129050381, 1.062984794381613], [-79.3903414178894, 1.064466177537679], [-79.38963577486903, 1.065202429472574], [-79.38945329052541, 1.065986332469424], [-79.38945260049654, 1.067327132796798], [-79.38716547750809, 1.0693043922792], [-79.38639622598984, 1.070220346312652], [-79.38607192643077, 1.071380898091519], [-79.38617250941007, 1.072482609903128], [-79.38346803045233, 1.071508799788133], [-79.3813768705652, 1.071108772813789], [-79.37925020219534, 1.070919171850414], [-79.37784794827296, 1.070603887498577], [-79.37646563450242, 1.070131163999576], [-79.37623364437827, 1.06997313865055], [-79.37616255372211, 1.06959615064879]]]}, "properties": {"PROVINCIA": "ESMERALDAS", "CANTON": "RIOVERDE", "PARROQUIA": "ROCAFUERTE", "NUM_SECTORES": 2, "CASOS": 20, "CIRCUNSCRIPCION": "CIRCUNSCRIPCIÓN RURAL", "TIPOLOGIAS": "C, F", "ETIQUETA": "ROCAFUERTE\n2 sectores (20 casos)"}}, {"type": "Feature", "geometry": {"type": "Polygon", "coordinates": [[[-78.83365755652223, 1.37544609039479], [-78.83285109323143, 1.375443464640167], [-78.83185353621757, 1.375701683805279], [-78.83097386823566, 1.376121411791069], [-78.82841351075469, 1.379287269219781], [-78.82726759618726, 1.379679997493075], [-78.82616936506065, 1.379687579830714], [-78.82380282070265, 1.378662165432536], [-78.82225663700311, 1.377563769206521], [-78.82049952652193, 1.375793443180682], [-78.81993347433641, 1.374880692964625], [-78.81574849571781, 1.367038367599324], [-78.81561604156256, 1.366330211440345], [-78.8156354875144, 1.365851826913942], [-78.81582245540169, 1.365448212628532], [-78.81620701257467, 1.365049323623301], [-78.81864871389531, 1.363738216729314], [-78.81909286671653, 1.363321137244688], [-78.81931413571952, 1.36285287029545], [-78.81942406603119, 1.362066336004119], [-78.81936336894172, 1.361403864203981], [-78.81908129607069, 1.360554471250029], [-78.8176888128419, 1.357907269745149], [-78.81649503447113, 1.356957102611779], [-78.8151728980654, 1.356672195253997], [-78.8127063323003, 1.356510754190186], [-78.81247844361431, 1.356209153800868], [-78.8127482882378, 1.355213612329314], [-78.81513425315714, 1.352303021574592], [-78.8161249087017, 1.350722440935132], [-78.81674512248689, 1.350174716760125], [-78.81810748937387, 1.349674501167935], [-78.81868775494972, 1.349273167386917], [-78.81939233930558, 1.348049090196232], [-78.81927532383115, 1.347154664917841], [-78.81774409052805, 1.347384590152191], [-78.81631489653935, 1.347855850535296], [-78.81556022638382, 1.347902088328772], [-78.81466807818803, 1.347695425161447], [-78.81442969740466, 1.347261615060356], [-78.81409478800467, 1.347218063948373], [-78.81385086058675, 1.347033065559665], [-78.8136625444942, 1.346552077142147], [-78.81388346404239, 1.345921313045447], [-78.8143291633277, 1.345555304228011], [-78.81562330909611, 1.34497155728095], [-78.8160384713327, 1.344482765010086], [-78.81588468208838, 1.343930230790939], [-78.81526999789726, 1.343501535630673], [-78.81060732839656, 1.342113501840878], [-78.81039218367938, 1.342157730833307], [-78.80937401771348, 1.342958344744436], [-78.80889995871675, 1.343670939147247], [-78.80843406798944, 1.343747062531863], [-78.80784909380161, 1.343337256849451], [-78.8075889968205, 1.342607707367138], [-78.80730868071215, 1.342463934718647], [-78.805544258974, 1.343600212529972], [-78.80471150901303, 1.34456654257328], [-78.80450695613989, 1.345376269933697], [-78.80431593818726, 1.3480108547443], [-78.80309848585176, 1.348949637364905], [-78.8024186552057, 1.349022323920632], [-78.80198625738157, 1.348893400942762], [-78.8016610932271, 1.349047032642139], [-78.80106455143229, 1.348993579152733], [-78.80022054648285, 1.348875305558742], [-78.79991310773283, 1.348608240725161], [-78.79977929989656, 1.3482193497344], [-78.79995721367294, 1.347741307716009], [-78.80129368377277, 1.346227586202906], [-78.80112875936726, 1.345507027350497], [-78.80082744055174, 1.345405759069578], [-78.79899477715813, 1.346623916050668], [-78.79635959811472, 1.347432638590198], [-78.79450468084349, 1.348734359786484], [-78.7935267439057, 1.348940573876995], [-78.79285986118312, 1.348794035732585], [-78.79207227865857, 1.348189561470224], [-78.79160475594028, 1.348199869279198], [-78.79139133945682, 1.348060665771665], [-78.79123773509588, 1.347705890039512], [-78.79187451864803, 1.346930625818805], [-78.79140484161607, 1.346205469770552], [-78.79126038079653, 1.346192301622514], [-78.79038631285512, 1.346918587348313], [-78.7901647728061, 1.34697577870782], [-78.789127026422, 1.34553491862229], [-78.78748890494192, 1.344882054064808], [-78.78679229603584, 1.344351507048123], [-78.78652940737615, 1.344384259439583], [-78.78632179338179, 1.34460122302801], [-78.78657375293028, 1.345360852971057], [-78.78652977100835, 1.345473622560486], [-78.78632059138579, 1.345469193304324], [-78.78546015424111, 1.345087884760495], [-78.78414936799666, 1.344824435742624], [-78.78346152729813, 1.3443118703383], [-78.78085027447537, 1.343800778693709], [-78.77936000896408, 1.343074369874291], [-78.77882857828484, 1.343114974233054], [-78.7783312809923, 1.342971571949209], [-78.77783219307749, 1.343042606826796], [-78.77730861797001, 1.342903413126993], [-78.77642278048141, 1.34301156698636], [-78.77594808503001, 1.343322698133551], [-78.77574718218521, 1.343303818463234], [-78.77543757831256, 1.342954070551082], [-78.77495071384502, 1.341455458562348], [-78.77413384075913, 1.340989971697701], [-78.77301383180215, 1.341035755412523], [-78.77253240893592, 1.340280325257926], [-78.7724334275078, 1.339605835183016], [-78.77228564276363, 1.339368048010144], [-78.7717533305888, 1.339152276701759], [-78.77084005164461, 1.339034559421904], [-78.77009677332498, 1.337891812845241], [-78.76982480021623, 1.337867587085429], [-78.76894049305778, 1.338188777459889], [-78.76880849310044, 1.33876208069449], [-78.76896674721623, 1.339514938415774], [-78.76836387925678, 1.339878864270908], [-78.76791918233785, 1.339880466063187], [-78.76776169762486, 1.339708121726457], [-78.76749603456327, 1.338813114902949], [-78.76749904347842, 1.337758835592577], [-78.76738048021532, 1.337605140347131], [-78.7665710943791, 1.338304159200498], [-78.76537646611818, 1.338585376503481], [-78.76480181926104, 1.33950131294477], [-78.7638387579267, 1.339418099823537], [-78.76311603624514, 1.340157893137585], [-78.76254333191785, 1.340380556805019], [-78.76229015792799, 1.34015980233326], [-78.76190058991237, 1.338782901022589], [-78.76068747134374, 1.338421528333512], [-78.7603209190142, 1.337759195375478], [-78.76002576169395, 1.337509452184815], [-78.75863771858847, 1.338302466387907], [-78.7576889311671, 1.339525526615329], [-78.75739381392827, 1.339373921975432], [-78.75718312272873, 1.338800655466544], [-78.75670802403846, 1.338835324029283], [-78.75514215247746, 1.339593135433528], [-78.75458555952265, 1.340739431893919], [-78.75417685291212, 1.340747175348397], [-78.7535333984249, 1.340372398737], [-78.7523645694255, 1.340827021518932], [-78.75219005243206, 1.341068372635376], [-78.75201319390416, 1.341800354614813], [-78.7515114447855, 1.342009262755984], [-78.75087443406227, 1.342627874515723], [-78.749800723077, 1.343168962006127], [-78.74921976894373, 1.342318681074856], [-78.74891247318794, 1.341376383118076], [-78.74873945899118, 1.341229588347293], [-78.74843978192438, 1.341299124042513], [-78.74820328793837, 1.341711968822368], [-78.74799479411321, 1.341815553007037], [-78.7474688033375, 1.340967842768213], [-78.74711063177394, 1.340922437218191], [-78.74664771675324, 1.341197379032208], [-78.74594075298265, 1.340510169200162], [-78.74480571450434, 1.341102769077967], [-78.74348455717657, 1.340650449376753], [-78.74300397435766, 1.340126110817809], [-78.73802887902754, 1.340126111568162], [-78.73780705801985, 1.339705013829409], [-78.73805966564477, 1.338947021133633], [-78.73788237807715, 1.338878306607458], [-78.73722161185694, 1.339303829114448], [-78.73693880831159, 1.339299978180861], [-78.73700217497505, 1.338876674252542], [-78.7365323305839, 1.33810485562077], [-78.73659561797803, 1.337767659272795], [-78.73694054344051, 1.337408001000425], [-78.73669118490947, 1.337215222993935], [-78.73616603163272, 1.337151350333308], [-78.73588339725455, 1.336094905040472], [-78.73556480699155, 1.33624290599915], [-78.73533680060713, 1.336090809778664], [-78.73536788062138, 1.335888725092146], [-78.73580310329262, 1.335539914717451], [-78.73669291834733, 1.334452433068493], [-78.7367169653555, 1.334143902698024], [-78.73641042258033, 1.333995847331302], [-78.7360004469638, 1.334140846956388], [-78.73578187183764, 1.334070084183021], [-78.73605534289186, 1.333882574260188], [-78.7360521786535, 1.333607326398925], [-78.73570191720725, 1.333045866589571], [-78.73534278165636, 1.332833134647274], [-78.73504106502916, 1.33220283413634], [-78.7340948016339, 1.332130680218019], [-78.73405984990723, 1.331888590601115], [-78.73339417169707, 1.331386713568258], [-78.73339416554886, 1.250014497624163], [-78.73451665577339, 1.250352509888721], [-78.73461042804732, 1.25013942442112], [-78.7345354503534, 1.249697657155418], [-78.7352181007334, 1.249449464614517], [-78.73597752574965, 1.248175369667773], [-78.73655759239053, 1.248570385470387], [-78.73734478446063, 1.248750334421611], [-78.73796943160178, 1.248480303130805], [-78.73871121874525, 1.248400668760297], [-78.73956690381968, 1.24778595343799], [-78.74093779170738, 1.248743772915417], [-78.74124502095452, 1.248579778300236], [-78.74128519004384, 1.247187893349577], [-78.74148179689976, 1.246667799603777], [-78.74190020714805, 1.246098356832791], [-78.7417930328094, 1.244962905108843], [-78.74192479509423, 1.244542197194089], [-78.74302514880524, 1.244342995188422], [-78.74387521864475, 1.24452209082623], [-78.74417734376911, 1.244127835857417], [-78.74424754558612, 1.24353612352534], [-78.74382100794548, 1.240348266413146], [-78.74367949530208, 1.239981835380519], [-78.74379158531313, 1.239773554574038], [-78.74422006048323, 1.239193630477858], [-78.74526340057992, 1.238330640859544], [-78.74611448991037, 1.236664893356901], [-78.74749702723658, 1.235430093375141], [-78.7475381540109, 1.235015543050643], [-78.74697061611883, 1.234666919191854], [-78.74698204722966, 1.234423836970721], [-78.74732149577056, 1.234074992490047], [-78.74777721354157, 1.233885807173287], [-78.74809116630654, 1.233307137543723], [-78.74856694671557, 1.232864751516083], [-78.76246617151433, 1.209317667684227], [-78.78035107927049, 1.179596006183499], [-78.78775260603591, 1.139127804731211], [-78.8046066724989, 1.121692798005918], [-78.8083889987179, 1.129725120219679], [-78.81545281744351, 1.156675540197901], [-78.82544308721948, 1.176656210133467], [-78.82917583352894, 1.178846666425063], [-78.82287388594497, 1.223494593696473], [-78.81969828086324, 1.238087131909506], [-78.8291463914966, 1.266119206591492], [-78.8294107579133, 1.265958668809791], [-78.8295789619415, 1.26618569792301], [-78.82970576254337, 1.265779763370239], [-78.8298454250611, 1.265900812736809], [-78.83001741905377, 1.265696716397994], [-78.83023649832822, 1.265742960830524], [-78.83044020524201, 1.265529718359754], [-78.83092561764255, 1.265344769131233], [-78.83154182657877, 1.265347574207131], [-78.83167282672417, 1.265160405231302], [-78.83151945895766, 1.264587765059497], [-78.83238408057198, 1.264948521362111], [-78.83297349894158, 1.264614686906673], [-78.83336613775447, 1.264624064001905], [-78.83393663777235, 1.265205910860904], [-78.8347115972911, 1.265260197436518], [-78.83467040543736, 1.265581820836472], [-78.8348966109189, 1.265966220324203], [-78.83474751176726, 1.266210781672222], [-78.8350788690041, 1.266356800292784], [-78.83515480188653, 1.26663221179221], [-78.83491248650265, 1.267294726512098], [-78.8350605391279, 1.267644148653267], [-78.83500964979415, 1.268106721317134], [-78.8355025072673, 1.268698479045439], [-78.83520715758155, 1.269244082428152], [-78.83532683210882, 1.269838951510115], [-78.83576230782514, 1.269741670984499], [-78.83582084008292, 1.270573120273581], [-78.83655468675576, 1.270370129808178], [-78.83703063225379, 1.27069005947187], [-78.83718621652217, 1.271013696196833], [-78.83715538090604, 1.271239801065354], [-78.83743905616595, 1.271197051329454], [-78.8375535381151, 1.271307244776289], [-78.8373982176947, 1.271717589089317], [-78.83808118625034, 1.271499007266462], [-78.83827067437322, 1.271600168052837], [-78.83830402665272, 1.271830859361609], [-78.83798314806882, 1.272042166785736], [-78.83821338260545, 1.272277152184798], [-78.83802066366788, 1.27287992271528], [-78.83836644855218, 1.273200931292803], [-78.83840006780281, 1.273571244374886], [-78.83868603644429, 1.273924465609237], [-78.83866319881702, 1.274304236580734], [-78.8389018171203, 1.27460449586564], [-78.840129288737, 1.274572331169369], [-78.84063381130602, 1.274178223522643], [-78.84077050311467, 1.274542563197773], [-78.8404816865338, 1.275388626562764], [-78.84062338018029, 1.275659606126856], [-78.84093481122929, 1.275509817117376], [-78.8412226793309, 1.274990318509186], [-78.84153499941573, 1.274873087753365], [-78.84184699416481, 1.274939401444364], [-78.84187589836122, 1.275772410336671], [-78.84232166148422, 1.276099407955484], [-78.84203976494494, 1.276779891753874], [-78.84244637075417, 1.277223862847501], [-78.84267392981081, 1.277120095695299], [-78.84306130077424, 1.276629012770012], [-78.84320287588336, 1.275961763227771], [-78.84348644984055, 1.275604841192183], [-78.84358710312767, 1.275010271281987], [-78.8441298317045, 1.275246912405726], [-78.84430138890981, 1.276092500256158], [-78.86000779685406, 1.276092411180509], [-78.87593104082752, 1.302102014143137], [-78.87557032669541, 1.30428609459683], [-78.87566485685835, 1.304927258721919], [-78.87640045406933, 1.30633922756945], [-78.87794357418973, 1.308421675878922], [-78.87986707148873, 1.31038484495319], [-78.88095889747763, 1.312132019251205], [-78.88183647458995, 1.314285670908435], [-78.88209684610705, 1.315553715199345], [-78.88301449640988, 1.326510396927809], [-78.88312342681456, 1.338112259682125], [-78.88284125818926, 1.353930471236322], [-78.88334071183148, 1.360926073153673], [-78.8813941479836, 1.36173405943195], [-78.86831164350235, 1.367993149265507], [-78.86571589194111, 1.369126880496623], [-78.84583963185864, 1.377157275212242], [-78.84399130903581, 1.378224885019584], [-78.84229657915101, 1.38029561216227], [-78.84064711608681, 1.37860598038136], [-78.83846682790883, 1.37708506497481], [-78.83589175458258, 1.375983985836498], [-78.83365755652223, 1.37544609039479]]]}, "properties": {"PROVINCIA": "ESMERALDAS", "CANTON": "SAN LORENZO", "PARROQUIA": "SAN LORENZO", "NUM_SECTORES": 13, "CASOS": 130, "CIRCUNSCRIPCION": "CIRCUNSCRIPCIÓN URBANA", "TIPOLOGIAS": "A, B, C, D, E, F, G, H", "ETIQUETA": "SAN LORENZO\n13 sectores (130 casos)"}}, {"type": "Feature", "geometry": {"type": "Polygon", "coordinates": [[[-78.54228475202403, 1.00762532385439], [-78.54269111644588, 1.007535314828928], [-78.54371438144959, 1.007619540151806], [-78.54421202200356, 1.007477547676195], [-78.54447712308809, 1.00691565053993], [-78.54451600941103, 1.006031134189071], [-78.54418079684312, 1.004937566949083], [-78.54301140293789, 1.002899391553388], [-78.54209471069883, 1.001858570997591], [-78.54145699632824, 1.000255006436916], [-78.54138344040035, 0.999591309894382], [-78.54150651565048, 0.998100855200878], [-78.54129071665498, 0.996877920358723], [-78.54008702595861, 0.995547003520125], [-78.53834530790829, 0.994132736651077], [-78.53789156015632, 0.993479953089976], [-78.53790274419589, 0.993114050316843], [-78.53812280348302, 0.992677354342382], [-78.53904046044478, 0.991871140449894], [-78.53979598430136, 0.990883498104799], [-78.53994151548527, 0.990491674938648], [-78.53995086128505, 0.989941842185764], [-78.53956998198204, 0.988967114115501], [-78.53773704943407, 0.986245073312061], [-78.5375054985379, 0.983373547522684], [-78.53634909961582, 0.980705463165552], [-78.53643397929638, 0.980274539928443], [-78.53765289288923, 0.978917049790436], [-78.53794770602634, 0.97830579361312], [-78.53783402077882, 0.977757146996771], [-78.53709242010274, 0.976458156153188], [-78.53672363157416, 0.975421783891099], [-78.53668782073774, 0.974927765760447], [-78.53689151219518, 0.974003724091176], [-78.53675177127488, 0.973148009344056], [-78.53696669199682, 0.972353138445721], [-78.53770038914288, 0.970863512789878], [-78.53843710449276, 0.968791757830029], [-78.53917215908272, 0.964314013951998], [-78.53934669948902, 0.961969303578819], [-78.54061591764733, 0.959325872273138], [-78.54129299485415, 0.958592416556408], [-78.54308139003699, 0.955568286915279], [-78.5433909395724, 0.955432650349025], [-78.54375623451527, 0.955477136321154], [-78.54534180907262, 0.956357947734099], [-78.54586649712404, 0.956413555317105], [-78.54628833222539, 0.95617298843371], [-78.5466912090397, 0.955667357823899], [-78.54738742913966, 0.954233456812439], [-78.54760757152707, 0.953068689325299], [-78.54756786259925, 0.951965182116543], [-78.54658736339849, 0.950338779451278], [-78.54551159901538, 0.948041533124358], [-78.54469703347571, 0.945569146287328], [-78.5444645456568, 0.944111878941534], [-78.5445484541423, 0.943683391168616], [-78.54478368360483, 0.94340019599835], [-78.54585750198102, 0.94308222603386], [-78.54636494066854, 0.942704540664794], [-78.54683495324012, 0.942031376870058], [-78.54681035133189, 0.941551768310724], [-78.54341766659192, 0.938143150858172], [-78.54099324094047, 0.936649021873131], [-78.53782348755563, 0.933670773682187], [-78.53708176668297, 0.933316465977621], [-78.5334033594479, 0.932307487315497], [-78.53268879270784, 0.931815407923906], [-78.53039833723514, 0.929645661641403], [-78.53003118212996, 0.928841312107187], [-78.52999898825226, 0.928216216251776], [-78.53010289262947, 0.927932042455008], [-78.53055376410161, 0.927727566565753], [-78.53211794925893, 0.928362651271333], [-78.53268008758104, 0.928247741371308], [-78.53298628815212, 0.927704709736972], [-78.53317152942004, 0.92564501880714], [-78.53293694777193, 0.924502086832868], [-78.53236300703071, 0.923215594427176], [-78.53207385146194, 0.922962744798624], [-78.53148614831255, 0.922906978352472], [-78.53115415071585, 0.922719372929715], [-78.52945221276336, 0.920163942912039], [-78.5287053746113, 0.919864657179581], [-78.52759446788794, 0.920016040713962], [-78.5256189889709, 0.919718047775969], [-78.52456701881567, 0.919397788992513], [-78.52359669720224, 0.918910525304006], [-78.52045340304971, 0.9181087934506], [-78.5195455414757, 0.91725111659685], [-78.5178832238379, 0.91480094012128], [-78.51636635357468, 0.912908882140524], [-78.5161274190423, 0.912429228073381], [-78.51599492516006, 0.911514788203459], [-78.51582387335378, 0.911248938686907], [-78.51473235601105, 0.910981686185765], [-78.51215584038223, 0.910895872566986], [-78.51136563851195, 0.910511663488367], [-78.51101268220006, 0.910008838224371], [-78.5097419841279, 0.906637885291372], [-78.50887443511982, 0.905158548595349], [-78.50820348443648, 0.90460660537346], [-78.50711436832616, 0.904592196352568], [-78.50664544813424, 0.904258930581312], [-78.50606863541284, 0.90334567934495], [-78.50500601695636, 0.900911842878816], [-78.50381232990627, 0.899204449476921], [-78.50002740820361, 0.895244670449946], [-78.49915213848602, 0.894096691416084], [-78.49598505366409, 0.891533851466091], [-78.49447175833338, 0.890676652406694], [-78.49398788625429, 0.89066117058898], [-78.49315145884238, 0.89088736841142], [-78.49260112381438, 0.890735906052698], [-78.49185654142728, 0.890148308061132], [-78.48962231132342, 0.887843553374681], [-78.48828237614953, 0.886727755717685], [-78.48712278170697, 0.886139138214636], [-78.4843804584924, 0.885169005971188], [-78.4834661162672, 0.885306399244209], [-78.48246159981139, 0.885988501007125], [-78.48209251706098, 0.886080476374682], [-78.48100933817732, 0.885808351212045], [-78.47951151931265, 0.884848222948672], [-78.4780019131021, 0.884589674466331], [-78.47562277166561, 0.884612674062664], [-78.47397186728148, 0.885019123124551], [-78.47298019487799, 0.885399120122365], [-78.47160193443644, 0.885622656640872], [-78.46961741478216, 0.885559547626229], [-78.46636808439187, 0.885701477237886], [-78.46436422858469, 0.885457449965469], [-78.46277709882644, 0.885621321841276], [-78.46184764973079, 0.885547344567521], [-78.46146970571039, 0.885289780832838], [-78.46099919704069, 0.884343165941159], [-78.4599521225542, 0.883666166359844], [-78.45969201427553, 0.883011567616924], [-78.45961178920759, 0.881947125260378], [-78.45929110144492, 0.881096413006423], [-78.45868974754319, 0.880064716438734], [-78.45819430796847, 0.87951945158374], [-78.45741539263408, 0.879205712885127], [-78.45667677618982, 0.879154278852736], [-78.45597350136036, 0.879209816706736], [-78.45463002797707, 0.879565386183748], [-78.4538915200942, 0.879353529798148], [-78.45318100305923, 0.878899788068007], [-78.45299922249286, 0.878380204181738], [-78.45340498959659, 0.876862847044627], [-78.4534958113465, 0.875991771502191], [-78.45432719785308, 0.874957399952214], [-78.4544470074062, 0.874377945464112], [-78.45438378105793, 0.873734103572352], [-78.45406688455103, 0.873055687138643], [-78.4537389514192, 0.872737110004856], [-78.45295658777292, 0.871468276340372], [-78.45296152103298, 0.870461351781885], [-78.45347550494346, 0.868876326243155], [-78.45310240061363, 0.867326339857075], [-78.45294033903558, 0.867134192378056], [-78.45196983858976, 0.867124965363314], [-78.45181292775402, 0.866252903457929], [-78.45213500964846, 0.865192634275864], [-78.45212251876441, 0.864774858759091], [-78.45182711050093, 0.864136224905943], [-78.45140813288174, 0.863690322584298], [-78.45066780086023, 0.86321635386927], [-78.45060625522794, 0.862952797578934], [-78.45127743806165, 0.861798499158146], [-78.45229330241173, 0.860796541282905], [-78.45215961453029, 0.860200864852165], [-78.45223215424066, 0.859933113505455], [-78.45240061215429, 0.859446902301677], [-78.45300136044045, 0.858590346728628], [-78.45319978266689, 0.85784920995544], [-78.45287057670717, 0.856820637873041], [-78.45225200688047, 0.855661186212176], [-78.45231444266099, 0.854579316998346], [-78.45283409171769, 0.854054776682182], [-78.45303658324383, 0.853594295679339], [-78.4527115283481, 0.85272212264029], [-78.45269727202776, 0.851745178938565], [-78.45227851618567, 0.850956497850719], [-78.4523618233978, 0.850493795269902], [-78.4530094099283, 0.849600845862087], [-78.45326950558255, 0.848924019934104], [-78.45331238540986, 0.84844415070262], [-78.45296595860152, 0.847702651211488], [-78.45308331378871, 0.847244255750474], [-78.45347319076555, 0.846633929496375], [-78.4544869647733, 0.845550545063497], [-78.45448680811724, 0.842519046866543], [-78.45403455744143, 0.84086267285861], [-78.45343054458071, 0.840210986785777], [-78.45257625535051, 0.838230849888625], [-78.45204236258746, 0.837754887885367], [-78.45143803793714, 0.837587384915192], [-78.44990569240662, 0.837556387434018], [-78.44857326087481, 0.837754756307608], [-78.44763731722047, 0.836982882140547], [-78.44676824556102, 0.834827068816308], [-78.44638378895951, 0.832725063708306], [-78.4468093593066, 0.831281547665367], [-78.4468191778023, 0.829864663622752], [-78.44643950070206, 0.829206787985818], [-78.44675310252107, 0.826391145573786], [-78.44818749296981, 0.826218699220256], [-78.44919971807028, 0.826820188519934], [-78.44934524437268, 0.826790390405882], [-78.4497225635135, 0.826494700551863], [-78.45060542608357, 0.825063431069204], [-78.45165677601089, 0.824204754177457], [-78.45249042869771, 0.823770954177211], [-78.45255238963416, 0.823464895862548], [-78.45250022346626, 0.823311814089287], [-78.45212971983416, 0.823163309644459], [-78.45092751654789, 0.823377759995917], [-78.45038337149381, 0.822969038251378], [-78.44919863588734, 0.822477487113787], [-78.44731784860127, 0.82137145886696], [-78.44604483171383, 0.82087801701095], [-78.44470563038645, 0.819863212778806], [-78.44297678590766, 0.81891990176344], [-78.44184232560488, 0.817216519025037], [-78.44217319538093, 0.815693659413614], [-78.44160211686219, 0.813887581195258], [-78.44171166015758, 0.813466771053264], [-78.44195412460728, 0.813223005930746], [-78.44333198935198, 0.813199971830656], [-78.44388807906603, 0.812884665228963], [-78.4442066593885, 0.812487900745962], [-78.4441976382371, 0.811722655341996], [-78.44319581848434, 0.810631553034988], [-78.44323405070129, 0.810277654645908], [-78.44389020212499, 0.809503267044775], [-78.44398550222937, 0.809063315425861], [-78.44287534480819, 0.806465583142583], [-78.44270946168206, 0.805810242766442], [-78.44296674529794, 0.804657765354967], [-78.4440793969755, 0.803257124068466], [-78.44478381607925, 0.801258379755741], [-78.44536376113108, 0.800775685874342], [-78.44615793080652, 0.799613976120539], [-78.44708931462753, 0.799375421719452], [-78.44762601803656, 0.799672288716891], [-78.44822381809566, 0.80105009776444], [-78.44838529707691, 0.8011506368037], [-78.44878444043135, 0.801083928917129], [-78.44972594948852, 0.79984099945408], [-78.45096642172736, 0.799186536907362], [-78.45235544173707, 0.796485136690722], [-78.45247447497383, 0.796073892327098], [-78.45215670632115, 0.795155401931603], [-78.45131594621643, 0.794820084682798], [-78.45071316670011, 0.79380098040566], [-78.44938826203618, 0.79268577332548], [-78.44951679403948, 0.792279318588375], [-78.45058165731484, 0.791309076214025], [-78.45100088157524, 0.789477535089702], [-78.45112451733756, 0.789305431128581], [-78.45156642929159, 0.789224397236676], [-78.4521507734923, 0.789315630650446], [-78.45337155592003, 0.789775530544957], [-78.45388473973362, 0.7896897573306], [-78.45420323992596, 0.789412551801423], [-78.45470298144389, 0.787992373220605], [-78.45506901782781, 0.787676935266036], [-78.4562001394029, 0.787132392111395], [-78.45676623867186, 0.785970522001215], [-78.45777836354308, 0.785784613097462], [-78.45879976477786, 0.785971768743551], [-78.45932257152873, 0.785689903798761], [-78.45943680613243, 0.785350394921718], [-78.45911460289302, 0.783891443097506], [-78.45917196068802, 0.783322325397479], [-78.45957375448204, 0.782800527497302], [-78.459809510883, 0.782115455046671], [-78.46017565189263, 0.781623049144094], [-78.46026635504094, 0.780908075740966], [-78.46058520057073, 0.780054538325105], [-78.46074687583787, 0.779832236071327], [-78.46121016653552, 0.779755992456428], [-78.4615762780352, 0.779311413501583], [-78.46136277649185, 0.778804306861036], [-78.46143658523157, 0.778529339598137], [-78.46160294595406, 0.778417044821353], [-78.46242493253826, 0.778379280072495], [-78.46305678144492, 0.778489668100099], [-78.46382139361751, 0.778053086920134], [-78.4643399528127, 0.777928464210736], [-78.46552596707616, 0.777902787071823], [-78.46591251978968, 0.778089640218595], [-78.46642109733651, 0.777764715633754], [-78.46713683709083, 0.77663161705345], [-78.46730123519849, 0.775825809786788], [-78.46742368152732, 0.773654477573121], [-78.46800333600999, 0.773652434457051], [-78.46843550609428, 0.773980318517101], [-78.46901533745574, 0.773679348913966], [-78.46968047120171, 0.773751490956051], [-78.47065103699148, 0.773548204955729], [-78.47151503700341, 0.77377889810064], [-78.47300291036248, 0.773555595170929], [-78.47374193319696, 0.774222648328978], [-78.4746241254246, 0.773822613256628], [-78.47531065690974, 0.772866453079898], [-78.47615983148972, 0.773064253927588], [-78.47665849979954, 0.773432235530633], [-78.47720486682324, 0.773483380583873], [-78.47836367677932, 0.772327217424092], [-78.47893382084298, 0.772345494055405], [-78.4797241404057, 0.771637502183187], [-78.48053496264475, 0.771413788756649], [-78.48081125513576, 0.771204702348526], [-78.48148299411031, 0.770152868293391], [-78.48274204633191, 0.770225360614365], [-78.48307737751409, 0.770617159118132], [-78.48326147349721, 0.7706471617557], [-78.48368039642378, 0.770282714980695], [-78.48483271268785, 0.770071159284166], [-78.4855278533422, 0.769626165300596], [-78.48656438960604, 0.769360731289848], [-78.48700446345514, 0.768374518776727], [-78.487829598519, 0.768055150567197], [-78.48842103543166, 0.768231272471884], [-78.48897660463822, 0.768805550482131], [-78.48939349599375, 0.768870367051126], [-78.49079764300244, 0.76864879277862], [-78.49137154223868, 0.768347808086127], [-78.49167112349467, 0.767924697103673], [-78.49190638562801, 0.767802871416625], [-78.49287314420572, 0.768040197348068], [-78.49343412977332, 0.767478534798473], [-78.49441065043597, 0.767273445148251], [-78.49531570316259, 0.767407901131152], [-78.49573114137878, 0.767931877961858], [-78.49627768308395, 0.767697835709863], [-78.49705925266879, 0.767746126197216], [-78.4985765691254, 0.769021675891648], [-78.4993579815225, 0.769342595228586], [-78.50025591426682, 0.769472264652963], [-78.50087861842204, 0.768999119595051], [-78.50114917816535, 0.769460834534703], [-78.50188998576381, 0.770159583632747], [-78.50211331719746, 0.770131016860456], [-78.50278594277974, 0.769605288433349], [-78.50327999652575, 0.769758634887822], [-78.50339157371668, 0.769897406071739], [-78.50336277032835, 0.770404383491821], [-78.50441976163135, 0.770732640577069], [-78.50490402938003, 0.771373844543601], [-78.50471605570111, 0.771878336832513], [-78.50412423327079, 0.772349109106051], [-78.50416184317675, 0.773035487426697], [-78.50457505591535, 0.773305969064414], [-78.50530678285766, 0.773284879379989], [-78.50596739355674, 0.77299829159292], [-78.50671562748532, 0.773187661477472], [-78.50722358650036, 0.773941281751973], [-78.50750568678565, 0.774981746026064], [-78.50793713249695, 0.775247570966665], [-78.50880282787179, 0.774968165698002], [-78.50957022324457, 0.774894483906705], [-78.51127342593405, 0.775199212585247], [-78.51182934674956, 0.775189975053999], [-78.51248013873983, 0.775451034051051], [-78.51302914843914, 0.7750735015371], [-78.51341540386909, 0.774030794998626], [-78.51469164405788, 0.773234569077974], [-78.51580790968076, 0.771719991654113], [-78.51636715650648, 0.771250188367824], [-78.51671924412653, 0.771300119240144], [-78.51682084068455, 0.771116951783645], [-78.51833495620399, 0.770804665301371], [-78.51978263915002, 0.771360187767027], [-78.520058029306, 0.7715805636732], [-78.52041591386791, 0.771467922896177], [-78.52133886616598, 0.771558568479327], [-78.52242541743799, 0.771005300067762], [-78.52338860606689, 0.770086689779513], [-78.52400639346074, 0.769939529048977], [-78.52468475031554, 0.769453505386373], [-78.52481457113069, 0.769509738427354], [-78.52494147931604, 0.769872306569925], [-78.52556639786661, 0.770281965365109], [-78.52617833474653, 0.770501738541594], [-78.52663846729865, 0.770347866900356], [-78.52725245345712, 0.770558841134325], [-78.5276113053766, 0.770976012660528], [-78.52789198317281, 0.771113183680356], [-78.52927082998853, 0.770973537320835], [-78.52998967567979, 0.771244284637357], [-78.5361567184125, 0.772652596338651], [-78.53629916193536, 0.77243564877308], [-78.53614716159609, 0.772096720425577], [-78.5346566334537, 0.771687433349677], [-78.53459849360794, 0.770435661515864], [-78.53441937359102, 0.769693247295412], [-78.53404197439838, 0.769325703391094], [-78.5334694326232, 0.769070894486601], [-78.53310253479442, 0.768565740415292], [-78.53257140019498, 0.768338672725674], [-78.53244666626348, 0.768158558833323], [-78.53246650729535, 0.767111567257209], [-78.53278266649845, 0.766683324400878], [-78.53253230857592, 0.766059252202905], [-78.53237669089388, 0.764945986343823], [-78.53241681537222, 0.7636342032996], [-78.53190241262293, 0.762793033273584], [-78.53139159546569, 0.762852525629444], [-78.53058072972208, 0.764148267676251], [-78.52939765475935, 0.764075836784629], [-78.5288457758462, 0.764400726077178], [-78.5246511479658, 0.762725778342446], [-78.52376105693429, 0.761684890931084], [-78.52245570401143, 0.761116411831865], [-78.52205115226403, 0.760740951615039], [-78.52131806960936, 0.759383410940493], [-78.52033759143859, 0.758684064326141], [-78.51866278974391, 0.757109646972129], [-78.51843629690636, 0.756610737797096], [-78.51822515259954, 0.755262985286119], [-78.51846317118759, 0.754473924588118], [-78.51832104908969, 0.753732474937986], [-78.51801356044739, 0.753399102775148], [-78.5170148036695, 0.753038187221616], [-78.51651609541668, 0.752703090561822], [-78.51639875326417, 0.752358439172158], [-78.51639890748586, 0.752085807203293], [-78.5165901920624, 0.751907957466975], [-78.51816015189976, 0.751287295683499], [-78.51861401947012, 0.750513931422672], [-78.5191777539732, 0.747423725489191], [-78.51860208688761, 0.746540709634994], [-78.51853834453168, 0.74540858224933], [-78.51870630365246, 0.745251029822249], [-78.51921715966355, 0.745143854154959], [-78.51956854803396, 0.744809255696118], [-78.51962021043974, 0.744586501050989], [-78.51942324897419, 0.743364102370848], [-78.51899478594088, 0.742376688671601], [-78.51851711118293, 0.741771271894382], [-78.51882940166215, 0.741093625144911], [-78.51813214104759, 0.739637771183432], [-78.51838440967313, 0.738837953235506], [-78.51836726531535, 0.738057697102454], [-78.51794917072685, 0.737322123129496], [-78.51794932785002, 0.737087145378724], [-78.51839310890402, 0.735939764870807], [-78.5187068419941, 0.735477581794388], [-78.51946123458352, 0.735245226076291], [-78.52017436502302, 0.735411933065462], [-78.52040742005158, 0.735253714102171], [-78.52106207308938, 0.733428891587502], [-78.52107098096053, 0.732262140356467], [-78.5213054433212, 0.731520597487857], [-78.52132747013194, 0.730917772839817], [-78.52182638934615, 0.730551936950197], [-78.5222342665142, 0.730433953358505], [-78.52274537848061, 0.731047877873817], [-78.5236353565511, 0.731484129948305], [-78.52447403847903, 0.73171330841869], [-78.52491734121955, 0.731512492899826], [-78.52504513921181, 0.731027036328355], [-78.5247744093327, 0.729812126871322], [-78.52482635515769, 0.729264664462439], [-78.52444782198485, 0.728547573902475], [-78.52229332865211, 0.72716764166293], [-78.52055030008738, 0.726706939448217], [-78.51989263520652, 0.726284264576378], [-78.51850203450084, 0.725962932535135], [-78.51820725641133, 0.725514988582774], [-78.51777570331613, 0.725258215792677], [-78.51602351089326, 0.722360943082842], [-78.51609590767352, 0.721043558862627], [-78.51600002208457, 0.71993381148872], [-78.51493834275828, 0.718215062656128], [-78.51470125789989, 0.716945421736252], [-78.5138989635547, 0.716058872118425], [-78.51289045309623, 0.715694117569512], [-78.51194186459328, 0.714733694096618], [-78.51080612931739, 0.713836357591587], [-78.5104928479231, 0.71339779418039], [-78.50985521180682, 0.711991630313069], [-78.50989533544417, 0.711736335932908], [-78.51021988559559, 0.711508973887126], [-78.51035549430827, 0.711143149071173], [-78.51012157401718, 0.710570687678345], [-78.50960818027883, 0.709941079530901], [-78.50931860031427, 0.708972817330479], [-78.50874712665781, 0.708672251287471], [-78.50720269907836, 0.708354599505108], [-78.50573401751357, 0.709075199007692], [-78.50489034787013, 0.70906835346328], [-78.50473893980295, 0.708993536864412], [-78.50438383663318, 0.708293197446611], [-78.50372659311701, 0.70821583516746], [-78.50323388617062, 0.707762979776658], [-78.50188434699643, 0.707520110631499], [-78.50134403020986, 0.707250776045004], [-78.50072021459079, 0.707401806017174], [-78.50007630438093, 0.707839886444166], [-78.49876624278482, 0.708190423134648], [-78.49737016634515, 0.708117429327296], [-78.49675844544117, 0.707783976841896], [-78.49600249760906, 0.707728322761171], [-78.49544701161813, 0.707324430834429], [-78.4944876717654, 0.70742793806964], [-78.49403179732587, 0.706964941320243], [-78.49297219710948, 0.707086927498329], [-78.49219819510434, 0.706238494270935], [-78.4923504334897, 0.705870291910872], [-78.49214334656551, 0.705209705162107], [-78.49192505877713, 0.703445030419955], [-78.49140621463904, 0.70245564120048], [-78.49121768069634, 0.701467158688695], [-78.49132544212007, 0.700748391791174], [-78.49120972854571, 0.700340059761017], [-78.49124068640187, 0.699226877687885], [-78.49149594114645, 0.697842906504726], [-78.49103500854845, 0.69741764899932], [-78.49106814150306, 0.696533184700303], [-78.49090423889538, 0.695604971188291], [-78.4907257475782, 0.694919028951332], [-78.49038940399925, 0.694474081882558], [-78.49063328878455, 0.693748702655156], [-78.49030525415122, 0.693286117970818], [-78.49021929078569, 0.692706742481296], [-78.4903763352708, 0.692224947707547], [-78.49010663481766, 0.691901119359326], [-78.49009533381364, 0.69170716651919], [-78.49012393803007, 0.69152303906602], [-78.49122626690028, 0.690539291956482], [-78.49148304211384, 0.690142445200502], [-78.49150707460724, 0.689616336979034], [-78.49090394894674, 0.689075546420313], [-78.49051912782537, 0.689017947343949], [-78.48920018194703, 0.68992360967776], [-78.48907922534947, 0.689543304091902], [-78.48872117734483, 0.689169065891674], [-78.48724385976956, 0.68868219178152], [-78.48699827680865, 0.688122461637483], [-78.48702510639409, 0.687356553283674], [-78.4868353010334, 0.68689011902129], [-78.48651356062537, 0.686591017847767], [-78.48668879947833, 0.686408790601683], [-78.48680867074346, 0.68591622999409], [-78.48639308399633, 0.683922093872824], [-78.48550213764837, 0.683565616779641], [-78.4851186640124, 0.683660354339748], [-78.48484267287536, 0.683555702548558], [-78.4839375360922, 0.682698608945095], [-78.48207046136199, 0.682476660970525], [-78.48179973542742, 0.682297160780201], [-78.48162891729741, 0.68186445797892], [-78.48123001603425, 0.681479225602246], [-78.4811947580493, 0.680702679380418], [-78.48097168381973, 0.680308240200439], [-78.48035162891043, 0.679938574889713], [-78.47939761377941, 0.678469830094905], [-78.47941460103478, 0.677724401211836], [-78.47883382760439, 0.676671086807276], [-78.47882452239558, 0.676289887364608], [-78.47859493267904, 0.67604696912139], [-78.47874422377646, 0.675374881182014], [-78.47842156590045, 0.674553971222003], [-78.47809698766363, 0.67424326668274], [-78.47822974523699, 0.673845686989849], [-78.47809490131644, 0.673413863761883], [-78.47807000183222, 0.672423183471887], [-78.47769021072672, 0.671831823201228], [-78.47765019756618, 0.671107078177602], [-78.47782525267417, 0.67083313413348], [-78.47787071375919, 0.669610937348896], [-78.47820729705037, 0.668607550930961], [-78.47805603033274, 0.668260714024882], [-78.47767315449563, 0.667891039254986], [-78.47760205769828, 0.667556200984071], [-78.47783515387002, 0.66699002989226], [-78.47774521984405, 0.666325164421256], [-78.47741753530175, 0.666038022862846], [-78.47571218279083, 0.665559449639245], [-78.47546294527083, 0.665168441934579], [-78.4753654698688, 0.663916238279176], [-78.47505614847618, 0.663806397456293], [-78.47477723570405, 0.664234300961581], [-78.47429025347788, 0.664210136349731], [-78.47381442099991, 0.663264599431564], [-78.47336568968059, 0.662764201718126], [-78.47331736327637, 0.66204539333963], [-78.47347503097846, 0.661463918703645], [-78.47312707226, 0.661053129913215], [-78.47300244076396, 0.66002337093632], [-78.47247172645064, 0.659249501674916], [-78.47265492337863, 0.658698132737083], [-78.47286527599934, 0.658472250118637], [-78.47264728982447, 0.657596441002168], [-78.47272354777643, 0.657120585887087], [-78.47179526061987, 0.656000925419282], [-78.47198119719745, 0.655181038332679], [-78.47193383242453, 0.654888063979474], [-78.47132525684941, 0.654156071763579], [-78.4717750769076, 0.65312502509776], [-78.47171815798991, 0.652935595791776], [-78.47080398945765, 0.652633852796792], [-78.47027153210416, 0.651870281530283], [-78.46990181986538, 0.651700651986217], [-78.46958110953078, 0.651718425558997], [-78.46929432709194, 0.65146496874194], [-78.46867839480285, 0.651556637461298], [-78.46774970940285, 0.651172217529859], [-78.46719658668752, 0.651354163654737], [-78.4665525341738, 0.651017492441065], [-78.46548672840147, 0.649070494062794], [-78.46544590886496, 0.64755790454854], [-78.46506012720216, 0.647061492620517], [-78.46506998899274, 0.646640456774501], [-78.4648682865114, 0.646197944204291], [-78.46450840803743, 0.645858035610707], [-78.46407792870214, 0.645676969344447], [-78.46369887369764, 0.644788967559832], [-78.46317139300758, 0.642908903662296], [-78.46312332972705, 0.641315874551628], [-78.46278322265317, 0.640382498807947], [-78.46296156535463, 0.640023876238742], [-78.46282610614615, 0.63958674452388], [-78.46282534390016, 0.637392023123932], [-78.46344308066398, 0.637199821165166], [-78.46343070265789, 0.636822470789341], [-78.46317767627242, 0.635855717008414], [-78.46236635050775, 0.634991133052187], [-78.46208250683254, 0.634920744672873], [-78.4619185273607, 0.634569724488096], [-78.46209498198252, 0.633809061055777], [-78.46192111353972, 0.633162622441537], [-78.46196993169615, 0.632204656120653], [-78.46181027284811, 0.631872253857709], [-78.46139024521764, 0.63148279996088], [-78.46089291290885, 0.630526372468906], [-78.46094121237414, 0.629946126976094], [-78.46076984129454, 0.629442216568352], [-78.46078313016639, 0.628814969819182], [-78.45977722996813, 0.628277786613503], [-78.45931350737493, 0.62770398571579], [-78.45859409312592, 0.627553819403216], [-78.45817297108887, 0.627202160926585], [-78.45568307620339, 0.626783355365126], [-78.45507011092597, 0.626001972666598], [-78.45426804529971, 0.623338220186548], [-78.45370074086401, 0.622518448306574], [-78.45296978172658, 0.621858186956848], [-78.45239037518894, 0.621894732789583], [-78.44996308195324, 0.621319738536663], [-78.44926699564742, 0.621017481727888], [-78.44863532205696, 0.620413338262704], [-78.44842011025156, 0.619900072120959], [-78.44717541141964, 0.619230331581318], [-78.44581680759413, 0.618837486177386], [-78.44497138605144, 0.618822277735522], [-78.44410215707327, 0.618391408657125], [-78.4436584249974, 0.617804201248837], [-78.44361810326545, 0.61724331548329], [-78.44329063652948, 0.616504223076523], [-78.44297015621646, 0.616059272955557], [-78.44237176208397, 0.615571144192608], [-78.44181339239417, 0.61535973055473], [-78.44059416315721, 0.61423092764807], [-78.43893555042608, 0.614275012827245], [-78.43834437101498, 0.613981448549579], [-78.43807360326446, 0.613524904954073], [-78.43809510598223, 0.61326664780749], [-78.43784243228946, 0.612601488907589], [-78.43748988512326, 0.612152938641189], [-78.43746552496224, 0.611626348888563], [-78.4365241737469, 0.610652801088831], [-78.43548242107072, 0.609922827909303], [-78.43533141073668, 0.609247258863822], [-78.43497538577473, 0.608619356746424], [-78.43470549588113, 0.60842224940564], [-78.43437295597158, 0.608599984016932], [-78.43382649898031, 0.60862268092396], [-78.43334279802579, 0.608440037161727], [-78.43301914231284, 0.608154543546593], [-78.43266396333911, 0.607528988530522], [-78.43264266961704, 0.606616236842545], [-78.43235418136675, 0.606336310941156], [-78.43215132010357, 0.605821117556921], [-78.43218352039726, 0.60554253978439], [-78.43195180712894, 0.604696139465872], [-78.43121393067645, 0.603328486980565], [-78.43129596265642, 0.60267871438031], [-78.43093316978707, 0.602295926360809], [-78.43018086260213, 0.601906018697387], [-78.4297804922966, 0.600856624988645], [-78.42996398634277, 0.598853095460257], [-78.43042367291102, 0.596987728622008], [-78.4305930486623, 0.596721771342767], [-78.43032649809344, 0.595233928085288], [-78.4303214621825, 0.594157243818877], [-78.42981342930744, 0.593879587199461], [-78.42959386857926, 0.593511815462102], [-78.42951127094976, 0.592334337472774], [-78.42924452183793, 0.591268569214317], [-78.42894842831357, 0.590735161121084], [-78.42912687880029, 0.590103031921892], [-78.42907651557151, 0.589851917248744], [-78.42871996653354, 0.589056330311482], [-78.42847819200676, 0.58791662312788], [-78.42797430358833, 0.587942715606297], [-78.42755320436264, 0.587360505456718], [-78.4273467944079, 0.586802629042216], [-78.42638916383378, 0.585932275417695], [-78.4269632171946, 0.585258340414074], [-78.42725281099162, 0.584199969665822], [-78.42756485693512, 0.583653867224205], [-78.42732824014199, 0.582339281197461], [-78.42738037832565, 0.581874623462275], [-78.4283553963742, 0.580222337421326], [-78.42872119080772, 0.579928450050023], [-78.42906825784027, 0.579373817186795], [-78.42933372554513, 0.578563743357439], [-78.42910894081756, 0.576685045558646], [-78.42885673995534, 0.576054608433559], [-78.42895961609578, 0.575576446420937], [-78.42884075966366, 0.574607837683792], [-78.42962682619901, 0.57395406385955], [-78.43010910489643, 0.572882457479808], [-78.4300896394911, 0.572251730718137], [-78.43046507953326, 0.571988851148457], [-78.43177818422349, 0.572168794611821], [-78.43270427129798, 0.572940423331557], [-78.43326718375864, 0.573102093646197], [-78.43388007995861, 0.573044977871066], [-78.43410817854766, 0.572923121474977], [-78.43452536488654, 0.572192910133922], [-78.43561681808127, 0.571370120619511], [-78.43632978885336, 0.570626728226603], [-78.43765945584478, 0.569961629015541], [-78.43842552196672, 0.570015778517988], [-78.43864480326833, 0.569898341212007], [-78.43887832679349, 0.569388247981367], [-78.43872906353167, 0.568500387902305], [-78.43878629856046, 0.567994639885999], [-78.43905728438719, 0.56758045654521], [-78.43877960505908, 0.567009992851887], [-78.43880092935662, 0.566772421309358], [-78.43913359816922, 0.566538215017731], [-78.43930296751729, 0.565609240906355], [-78.43920810714322, 0.565146264296726], [-78.43931583966747, 0.564321709995531], [-78.43913281861933, 0.5635860712582], [-78.43914740978639, 0.562811275318479], [-78.43977089534111, 0.562613758737586], [-78.44070723783723, 0.561681539232826], [-78.44091177324817, 0.56161852819415], [-78.44118707173863, 0.56171044723779], [-78.44144103246273, 0.562203181467075], [-78.44214196843244, 0.562310176294251], [-78.44310970276945, 0.562813026361812], [-78.4435336271309, 0.562775608132971], [-78.44313726972993, 0.562521549006379], [-78.44297585137413, 0.562102494889304], [-78.44375289208315, 0.560570141305856], [-78.44390998758116, 0.559845623369328], [-78.44378186320502, 0.559496426991826], [-78.44389582544275, 0.559088748248387], [-78.44447207324593, 0.558640617938223], [-78.44508296880797, 0.557720205720695], [-78.44718588301008, 0.556852097219467], [-78.44703341420897, 0.555798409244064], [-78.44737277582271, 0.555191086802449], [-78.4474585914955, 0.554495232493731], [-78.44732985613389, 0.553995954133898], [-78.44599164923261, 0.552234077740115], [-78.44580180973861, 0.551768274930478], [-78.44583177351797, 0.551134573127424], [-78.44614821823849, 0.550810113340961], [-78.44647844284422, 0.549868856633053], [-78.44773476157314, 0.548669316868553], [-78.44853475720247, 0.54823977660787], [-78.44892934903976, 0.547621534183854], [-78.45048519892768, 0.546436312070139], [-78.45082757113863, 0.545720118517291], [-78.45078868394792, 0.544988338182909], [-78.45095817391956, 0.544735434897077], [-78.45206632384364, 0.544096672119694], [-78.45213783343995, 0.543028368799707], [-78.45254767263229, 0.542867124065559], [-78.45291637972426, 0.542534993434301], [-78.45317158550337, 0.542036618948262], [-78.45397153472342, 0.541320197611793], [-78.45426551624158, 0.540030581058614], [-78.45366095098494, 0.538608046072834], [-78.45435563293339, 0.538967047569474], [-78.45636266783492, 0.539070925608488], [-78.45734691838514, 0.539501052168754], [-78.45772792300859, 0.540132901391168], [-78.45798798091977, 0.540276494681777], [-78.45884677075358, 0.540162069494394], [-78.45994989158923, 0.539684803474884], [-78.46244418953422, 0.539638024712274], [-78.4634125391364, 0.539470481212079], [-78.46399441580266, 0.539766064744559], [-78.46444533685381, 0.539722428788215], [-78.46484474741916, 0.537135868171489], [-78.46512996542198, 0.536123774808189], [-78.46485854455757, 0.534277355666097], [-78.4652152404752, 0.533373549582432], [-78.46515649393102, 0.532255674593975], [-78.46524211256644, 0.532011785434626], [-78.46661386264151, 0.53290882262039], [-78.46855201472538, 0.533562482889756], [-78.47035495198217, 0.533756935217161], [-78.47090353568076, 0.534151747126568], [-78.47149828368521, 0.534295790696268], [-78.47176764104626, 0.534492581548771], [-78.47207049410302, 0.534557275955096], [-78.47416171988696, 0.534302919284614], [-78.47468287388114, 0.534442676279217], [-78.47507708405706, 0.534753725648881], [-78.47511186996537, 0.535738469049249], [-78.47487689685943, 0.536324813211502], [-78.47520286363886, 0.53687104912789], [-78.47717727806182, 0.537467935149368], [-78.47820997681711, 0.538072258556897], [-78.47905607702464, 0.538074946336935], [-78.47957619215325, 0.538383658421026], [-78.48047557773218, 0.539680249871653], [-78.4818339339303, 0.540334223143309], [-78.48240682940202, 0.540830687667803], [-78.48352519457909, 0.541087692527029], [-78.48392986991914, 0.541503918517711], [-78.48448858948856, 0.54181264886343], [-78.48485918517191, 0.541788291342153], [-78.48507703274613, 0.541572155381619], [-78.48536211860588, 0.541524446204511], [-78.48571542650801, 0.541659112589085], [-78.48597951725209, 0.542116588463931], [-78.4865355083139, 0.541844194957644], [-78.4874570937815, 0.542157860713686], [-78.48863396470924, 0.543608029831336], [-78.48943098427137, 0.544186783888252], [-78.48944514853409, 0.544402020646773], [-78.48915991799336, 0.544796492123324], [-78.48925959995444, 0.545018939564162], [-78.48950553651497, 0.545090080525175], [-78.49042835326748, 0.545069650316558], [-78.4911727132877, 0.544431301401015], [-78.49163007900894, 0.544261698834884], [-78.49269293270883, 0.544771526225625], [-78.49310096165242, 0.54482684257133], [-78.49405959749939, 0.545710261835573], [-78.49478781026544, 0.545427209913335], [-78.49539647275705, 0.545612803508979], [-78.496082500062, 0.5454157954388], [-78.49814026763971, 0.545590039028099], [-78.49864814662625, 0.545348115006074], [-78.49888867155775, 0.54508307378839], [-78.4999048762679, 0.543439006430453], [-78.50017533189778, 0.543217348933988], [-78.50048712694868, 0.54321747884686], [-78.50151166864237, 0.544208888575041], [-78.50238457412789, 0.544571606944114], [-78.50313682548855, 0.544094321690294], [-78.50366710735416, 0.544013972077209], [-78.50414549123879, 0.543422879005437], [-78.50476188423612, 0.543191470752734], [-78.50533328158751, 0.543294230445004], [-78.50563011958126, 0.543563396435563], [-78.50628681588266, 0.543665619612992], [-78.50662198161292, 0.54343227627438], [-78.5075702747754, 0.542102118304025], [-78.50879418027905, 0.541209388846423], [-78.50898731474872, 0.540922490012923], [-78.50960243510247, 0.539851354125685], [-78.51008940150744, 0.538465682456526], [-78.51018045606111, 0.537726761201628], [-78.51041717555269, 0.537419862270165], [-78.51060826627332, 0.537224722627692], [-78.51131147425532, 0.537140382563899], [-78.51166039336555, 0.536677487478005], [-78.511977507286, 0.536506025432539], [-78.51212017799243, 0.536171273335804], [-78.51205382307269, 0.535769474099062], [-78.51188290795584, 0.535453726880204], [-78.51124549444437, 0.534976724616983], [-78.51152017003584, 0.534826686551109], [-78.51269834178538, 0.535133279409885], [-78.51432315952874, 0.535159973473195], [-78.51445407726844, 0.534514320247768], [-78.51474301924067, 0.534213121688468], [-78.51507819120155, 0.533223161608226], [-78.51644791708534, 0.532944188628618], [-78.51693800262566, 0.532156983718073], [-78.51788575645573, 0.531903754729323], [-78.51820077822825, 0.531416843005212], [-78.51828710793225, 0.531027667833821], [-78.51913459770508, 0.530555894715915], [-78.51915004247171, 0.530031475101055], [-78.51952618935071, 0.52926250589931], [-78.51983753188074, 0.528917657412794], [-78.5209244507414, 0.528720196101892], [-78.52165612759951, 0.528749188488384], [-78.52240233621815, 0.529123714408033], [-78.52352523723964, 0.529266245108386], [-78.52412713371506, 0.528866124143414], [-78.52451932867217, 0.528313839737995], [-78.52570923971496, 0.527952047734828], [-78.52645326304292, 0.526871932959424], [-78.52702226705956, 0.526656504964701], [-78.5283388562951, 0.526488840888695], [-78.52898097907746, 0.526054530705979], [-78.5303350983083, 0.52669469567268], [-78.5311861072628, 0.527829236009246], [-78.5313642486986, 0.527907032346957], [-78.53202890107217, 0.527736706806307], [-78.53327400462067, 0.527031895124414], [-78.53398068535319, 0.527208552505164], [-78.53493091132681, 0.526776474483876], [-78.53537659077273, 0.526933868034662], [-78.53568070171607, 0.52685746059984], [-78.53658470587321, 0.526356963122374], [-78.53805474214823, 0.524477533406067], [-78.53914896131977, 0.522666004802948], [-78.53939848020167, 0.522468801054348], [-78.54017535756596, 0.52235789988979], [-78.54118633712521, 0.521926904116942], [-78.54149516600502, 0.521938983312639], [-78.54176811822282, 0.52257285234], [-78.54197594530788, 0.522680554434153], [-78.54226826082227, 0.522493496041285], [-78.5434827462778, 0.520840715770481], [-78.5445650507225, 0.520518409580638], [-78.54508534459204, 0.519746179432622], [-78.54539313173458, 0.519898028653373], [-78.54551186849005, 0.520267385904019], [-78.54560689213466, 0.520272206550476], [-78.54697247869252, 0.519878584015025], [-78.54818125382647, 0.519324043396717], [-78.54866735276148, 0.519472851182679], [-78.54990061472395, 0.519432564425011], [-78.55061534990024, 0.518772261747768], [-78.55096294774403, 0.518875900009464], [-78.55187392438096, 0.518593184577429], [-78.5520047684387, 0.518117312554978], [-78.55161679856857, 0.517770699669807], [-78.55167387669265, 0.517608095018935], [-78.55239893895482, 0.517372012544994], [-78.55339162974252, 0.51632505864169], [-78.55442579885384, 0.516277457748226], [-78.55494487103155, 0.515741623518973], [-78.55496537118896, 0.515500404531694], [-78.55475883068677, 0.515127238435693], [-78.55531741613186, 0.514328667251042], [-78.55530103058162, 0.51368676140348], [-78.55547940864341, 0.513152312262992], [-78.55704459562484, 0.511012688319527], [-78.55716237001175, 0.510539200316233], [-78.55811756420117, 0.510073206610452], [-78.55893311277738, 0.509165951372901], [-78.55872393428227, 0.508547607504952], [-78.55835815645102, 0.508348010012602], [-78.5585113414311, 0.507836986582546], [-78.55832899831914, 0.507547249467659], [-78.55789161140221, 0.505080295971696], [-78.55722242771894, 0.504333869743846], [-78.5569748526088, 0.50441508945056], [-78.55641953137142, 0.504123106929475], [-78.55583871761506, 0.504028419641152], [-78.55548689588987, 0.502713301853682], [-78.55549853491499, 0.502349502883424], [-78.55589641619244, 0.501248886097445], [-78.55595430304815, 0.500252596055431], [-78.55661993808069, 0.499721676351918], [-78.55693522023985, 0.49889473052114], [-78.55759850082354, 0.498015100018858], [-78.55730988992292, 0.49728221154088], [-78.55733752700418, 0.496509756105961], [-78.5596690566538, 0.496510492288061], [-78.56101186085782, 0.494939216893684], [-78.56161941387134, 0.494604436225997], [-78.56345376935666, 0.494202107708948], [-78.56428856526533, 0.49437374280632], [-78.56510806203353, 0.494347262740403], [-78.56559747672456, 0.494689310829473], [-78.5664013622027, 0.494878425456466], [-78.5672678017751, 0.494926896867096], [-78.56813818824423, 0.494814970763895], [-78.56915565796226, 0.494139049048217], [-78.56981320476918, 0.494259827986118], [-78.5709260510664, 0.494074411736182], [-78.57141846315895, 0.493587140036948], [-78.57184391603047, 0.493578736455981], [-78.57235017749662, 0.492783695802051], [-78.57258428871287, 0.492676767414387], [-78.57330148192645, 0.492854279053457], [-78.57372030415075, 0.493213400602273], [-78.57408589376517, 0.493292457417591], [-78.5741043070237, 0.493616767018853], [-78.57442603996178, 0.494225191829536], [-78.57459896170376, 0.4943039394151], [-78.57448882231634, 0.49470114594498], [-78.5747977657526, 0.495071242035309], [-78.57485719348585, 0.495692304176309], [-78.57475135657344, 0.496017524472546], [-78.57485160897954, 0.496349397723061], [-78.5751902636114, 0.49684010291571], [-78.57585798778959, 0.497231079933809], [-78.5755256154328, 0.49824081588779], [-78.57571856550447, 0.498445371191574], [-78.57636404212614, 0.498581992436959], [-78.57690851659362, 0.499001922454691], [-78.57783390603419, 0.498854224899293], [-78.57806383016862, 0.498972933905072], [-78.57848369787163, 0.499398798551602], [-78.57862471676597, 0.500028783790587], [-78.57883139754622, 0.500229317878702], [-78.57880945693293, 0.50043114640734], [-78.57910669407386, 0.500992818600683], [-78.57949572610313, 0.50135465988346], [-78.5795424514729, 0.502015539989724], [-78.57990595340803, 0.501847731988045], [-78.5803121335715, 0.502019468804242], [-78.58077308884064, 0.501501761001963], [-78.58149004104061, 0.501413536859782], [-78.58224539564429, 0.501548984651948], [-78.58292612212394, 0.501060832514712], [-78.58394573427468, 0.500897984877037], [-78.58450652262862, 0.500963998579431], [-78.58575025309513, 0.501955401382172], [-78.58589210307038, 0.502423533178905], [-78.58677700699724, 0.503308171239653], [-78.58702144733142, 0.503748829067034], [-78.58780688752698, 0.504226450629498], [-78.58812393606279, 0.503648242042421], [-78.58903285412131, 0.50348282088799], [-78.58981694578114, 0.504329955066583], [-78.5904962091961, 0.504750857338352], [-78.59100377706012, 0.505333080057042], [-78.59127195106059, 0.505896445446753], [-78.59150887269718, 0.506049998093896], [-78.59201183102068, 0.506042738720229], [-78.59225043115337, 0.506295600172511], [-78.59226178627439, 0.506677032549963], [-78.59151432383626, 0.507706960081237], [-78.59148470448118, 0.508765635409404], [-78.59102209043051, 0.509707694765298], [-78.59101082039221, 0.510090138825664], [-78.5912637630064, 0.510774481764607], [-78.59099987103883, 0.511584909820855], [-78.59098660641202, 0.512036547719281], [-78.59118441121839, 0.512369579182797], [-78.59220433393907, 0.513317223496572], [-78.59352773526952, 0.513670689049034], [-78.5939631682239, 0.51390357763196], [-78.59410947166289, 0.51473242744268], [-78.59456325025012, 0.515395397064254], [-78.59460243720291, 0.516606287086528], [-78.59443988133062, 0.516788241874109], [-78.59374154536224, 0.516909306950184], [-78.59311867770161, 0.51718950900624], [-78.59297666493946, 0.517826874340323], [-78.59268340076095, 0.518305955533089], [-78.59270859652622, 0.518939328709263], [-78.5921909256259, 0.519441976487494], [-78.59204573213812, 0.520089141176543], [-78.5914475064519, 0.520861487863652], [-78.59071993790599, 0.521294167331095], [-78.59040301473877, 0.522237080725174], [-78.59000337177724, 0.522499513940178], [-78.5898162374349, 0.523051777773111], [-78.58925087458242, 0.523773463088285], [-78.58868180142007, 0.524149987356356], [-78.58858512426444, 0.526107803519159], [-78.58870309478145, 0.526389997643913], [-78.58924667908082, 0.526707009592694], [-78.58964736198139, 0.526710494845304], [-78.59030307386183, 0.5264400788451], [-78.59065334520085, 0.526731969802062], [-78.59122646592272, 0.52687237107143], [-78.59179503087226, 0.527328170408968], [-78.59246429306496, 0.527437139195317], [-78.59300818346382, 0.527877467778559], [-78.59329783315384, 0.528592600759777], [-78.59386024077116, 0.529192917973153], [-78.59417758594354, 0.531947576000294], [-78.59413512681736, 0.532504154716162], [-78.59381254280486, 0.533453760270867], [-78.59233265884119, 0.535341602949616], [-78.59221968715421, 0.535800538739169], [-78.59234248417108, 0.536129355414885], [-78.59313770351103, 0.536870656500436], [-78.5928488234759, 0.537574374765333], [-78.5929731017066, 0.538148348197981], [-78.5929065921884, 0.541542008205478], [-78.59309439441104, 0.541748273619815], [-78.59366859988441, 0.541865887357822], [-78.59419748960237, 0.542756058417511], [-78.59413064978872, 0.543540648227269], [-78.59427119367203, 0.544136742036547], [-78.59415775443009, 0.544462647429495], [-78.59351414366633, 0.545000268915562], [-78.59341912889012, 0.545433881690334], [-78.59276599981835, 0.546062231070022], [-78.59239080914598, 0.54815756884399], [-78.5916444007681, 0.548505038572943], [-78.59040978001116, 0.548779523855195], [-78.5900018316034, 0.549277495150574], [-78.5900705521203, 0.550008782202093], [-78.59046491297987, 0.550318085053363], [-78.5927561919622, 0.551224420770401], [-78.59333282983737, 0.551158728488028], [-78.59406346139232, 0.550366818996607], [-78.5966176257767, 0.550462117052612], [-78.59820335143544, 0.549897995592073], [-78.5987278705277, 0.549902170059247], [-78.59995657857326, 0.550237521122626], [-78.60159781796935, 0.551022041192149], [-78.6018655327677, 0.551704521508671], [-78.6027627000623, 0.552300498324355], [-78.60340051128395, 0.553281016853369], [-78.60348961106239, 0.554655959373087], [-78.6029344864917, 0.555378874445526], [-78.60290580036401, 0.555933575168044], [-78.60343212018276, 0.557143277538127], [-78.60393183616638, 0.557854799916757], [-78.60435519425924, 0.558940624300247], [-78.60430722278939, 0.560128070889173], [-78.60388592317803, 0.561021360518274], [-78.60350776717505, 0.562448062587256], [-78.60360627740921, 0.564088101006965], [-78.6031581326496, 0.564551448744857], [-78.60238244063702, 0.565016504929563], [-78.60237400431906, 0.56547459762791], [-78.60284806666053, 0.566022835287066], [-78.60381781238503, 0.56628128865268], [-78.6044695895543, 0.566252243571415], [-78.60559536937933, 0.565824160766881], [-78.60639965921973, 0.565982315941895], [-78.60675803655771, 0.566333885455599], [-78.60731188702032, 0.567469978917343], [-78.60769016796479, 0.568818228960562], [-78.60770737285763, 0.569503011658531], [-78.60751893252514, 0.569748345360254], [-78.6055614448335, 0.571079413615967], [-78.6047043405233, 0.570820514123118], [-78.60419543337545, 0.57090913023994], [-78.60251096112572, 0.571751626534861], [-78.60107792360256, 0.572177589318242], [-78.60061403780254, 0.572499352840333], [-78.6004433883672, 0.572836901308739], [-78.60026956318066, 0.574418648159957], [-78.60062788871592, 0.574674864679811], [-78.6018862124976, 0.57496672093097], [-78.60240246610094, 0.575848129618421], [-78.60261890047836, 0.575934998908693], [-78.6032239279506, 0.576012835317574], [-78.60396945200321, 0.575864915793885], [-78.60494501195994, 0.57621488217868], [-78.60545605689084, 0.576243228118909], [-78.60632252116388, 0.576023543460663], [-78.60751990356488, 0.57549496673833], [-78.60803701939317, 0.57544802497639], [-78.60858212932543, 0.575638137157332], [-78.6091008416309, 0.57601883807146], [-78.60931133105498, 0.576344691750033], [-78.60934434488486, 0.576696531883597], [-78.60890406688021, 0.577135464028591], [-78.60863279975189, 0.577689536905221], [-78.60858845433111, 0.578730103678701], [-78.60817935707314, 0.580589414398692], [-78.60909104763745, 0.581936844393964], [-78.60927436346878, 0.583371756684392], [-78.60953579545847, 0.584259156892886], [-78.60981744078822, 0.584574968943117], [-78.61066133673823, 0.584882641812705], [-78.61132683517002, 0.585397866919956], [-78.61174081364337, 0.585371022155944], [-78.61205383147934, 0.585192439415578], [-78.61265407267922, 0.584343315819069], [-78.61332935562832, 0.583694693971971], [-78.6138773394037, 0.583545549238629], [-78.61448867086813, 0.583733369157217], [-78.61491632884177, 0.583699111690046], [-78.61661570703149, 0.582783782748405], [-78.61755981032576, 0.581871548521886], [-78.61806564131193, 0.581703723246486], [-78.61847302128453, 0.581720440405024], [-78.61855394157425, 0.582063397688685], [-78.61891207323659, 0.582480298092587], [-78.62019382234786, 0.582900619196852], [-78.62060479051793, 0.582904002204152], [-78.6213717059431, 0.582653834290217], [-78.6223045144299, 0.581930742899535], [-78.62283682356158, 0.582022840589543], [-78.62371760095772, 0.582698354622478], [-78.62419774385232, 0.583757620963626], [-78.62451422894495, 0.583953466672922], [-78.6251540934899, 0.584042217436874], [-78.6255056104785, 0.584695008816446], [-78.62581987494997, 0.586126804922834], [-78.62581861255977, 0.587223095316105], [-78.62569686091233, 0.587436176243475], [-78.62502706666913, 0.587748827392619], [-78.62455417352439, 0.589305084788023], [-78.62406379650345, 0.589604993770412], [-78.62270533604762, 0.59095481110323], [-78.62298183579865, 0.592368854100813], [-78.6225455716478, 0.593136706500007], [-78.62168094999961, 0.594047925692434], [-78.62114110222376, 0.595516699995264], [-78.62053729926336, 0.597843520623297], [-78.61991662549217, 0.59889972793237], [-78.61958352327719, 0.600749209222337], [-78.61970550615908, 0.601520300415118], [-78.62040919857078, 0.602313375706112], [-78.62204865717008, 0.603144378243823], [-78.62312726509074, 0.603493560257256], [-78.62424523773932, 0.604616275156982], [-78.62647540572192, 0.604202746316013], [-78.62752688604463, 0.603657451902585], [-78.62805561024075, 0.60359715932507], [-78.62944745719787, 0.604041118783281], [-78.63097818540204, 0.604021177365224], [-78.63214373014743, 0.60439027935481], [-78.6326795045453, 0.604832734812975], [-78.6330562563348, 0.605359608668903], [-78.6326611191236, 0.607075621666317], [-78.63292960922504, 0.607720411552116], [-78.63407300712237, 0.607626453797166], [-78.63561232610223, 0.606550328584337], [-78.63705541640779, 0.605837918332441], [-78.63736734759182, 0.606025829648807], [-78.63854372832365, 0.607845093391615], [-78.63875876785997, 0.60880632054477], [-78.63866471744072, 0.609732374970284], [-78.63815111328853, 0.610647412407941], [-78.63699955013882, 0.611970151453066], [-78.63614584940836, 0.61349225231408], [-78.63544444382441, 0.61418204832439], [-78.63514990271719, 0.614853376488336], [-78.63503106577456, 0.615566123387749], [-78.63544385522205, 0.616071239823175], [-78.63586037832694, 0.617328862966592], [-78.63652908816574, 0.618473198724987], [-78.63781353514437, 0.619405815272476], [-78.6383004650805, 0.619934049493909], [-78.63909093974401, 0.621424523973763], [-78.63977527694284, 0.622306774782236], [-78.63992599088695, 0.622772348468267], [-78.64004744178784, 0.624088743204276], [-78.64000551963406, 0.625482612020332], [-78.6405483300281, 0.627268179961326], [-78.64057697330242, 0.627838825682034], [-78.63889660785752, 0.63207289499992], [-78.64024001573733, 0.635118025341482], [-78.64187247265724, 0.636458152094711], [-78.64192448143966, 0.637391069118747], [-78.64164958598415, 0.638733225587532], [-78.64228306899729, 0.642108345797907], [-78.64228260955223, 0.642689247953698], [-78.64256023361537, 0.643674779705821], [-78.64264874628864, 0.646589881808303], [-78.64279196964303, 0.647382360753428], [-78.64267882461859, 0.647843604693818], [-78.64284542704227, 0.648470577013056], [-78.64331098786504, 0.648751684640057], [-78.6438749641987, 0.649471099376854], [-78.64453601645145, 0.649511969520187], [-78.64528232446631, 0.648781410118112], [-78.64554098459887, 0.648331934359761], [-78.64567569310107, 0.647583881566685], [-78.64616336173125, 0.646820797016219], [-78.64767187000984, 0.645610146921924], [-78.6488101246002, 0.644109626600018], [-78.65067626400182, 0.643495706879113], [-78.65094376987018, 0.643033672509819], [-78.65107743057568, 0.642268425843123], [-78.65157986460399, 0.641194936374873], [-78.65202470332324, 0.640806696049216], [-78.65269833604276, 0.640838813030444], [-78.6530120103447, 0.641161656610461], [-78.653817252986, 0.642564773418152], [-78.6543220987445, 0.643948433820312], [-78.65432249619252, 0.644402626003751], [-78.65384907354048, 0.646127649854109], [-78.65358641871852, 0.646531307926445], [-78.65282916460278, 0.646974460221173], [-78.65255777585642, 0.647329472200675], [-78.65264546312392, 0.647922061061854], [-78.65313535312534, 0.648466124885482], [-78.65332578403404, 0.648872456369833], [-78.65346707312365, 0.650626791680309], [-78.65507087292963, 0.651455084417904], [-78.65613784005588, 0.65326289558782], [-78.65640704640488, 0.653424959878946], [-78.65749951670122, 0.65325422240909], [-78.65922353871665, 0.65277190458718], [-78.66133808591124, 0.653386034195302], [-78.66168481932472, 0.653199248108034], [-78.66226474957541, 0.6524206545606], [-78.66311545450635, 0.65212509275548], [-78.66364522189144, 0.652233637329976], [-78.66393623946891, 0.652624844042545], [-78.66413044766446, 0.653367525654569], [-78.66414557344045, 0.654246901043128], [-78.6638517041216, 0.654779397008468], [-78.66124284787129, 0.657343552230484], [-78.65961476668507, 0.658682810160604], [-78.65923099734222, 0.6592846746978], [-78.65918447763333, 0.659701380280266], [-78.65953846959911, 0.660947813322553], [-78.65970918177123, 0.662952441148751], [-78.65997841949773, 0.663485781924837], [-78.66050066260189, 0.663787399290532], [-78.6613833802895, 0.663967665877107], [-78.66318258325612, 0.665439520759155], [-78.66394546207798, 0.665429827967025], [-78.66490563327292, 0.665039251062878], [-78.66516244286075, 0.66458517881792], [-78.66506144266855, 0.664037161505942], [-78.66402175964659, 0.663020403577449], [-78.66403066531328, 0.662713139998463], [-78.6642702962678, 0.662418558412471], [-78.66490467459985, 0.662380271581489], [-78.66648376575017, 0.662813568241343], [-78.6674753067491, 0.662883146712619], [-78.6687498412207, 0.662563652193498], [-78.67003855056419, 0.661397573315017], [-78.67184081445221, 0.661069179870597], [-78.67278831207884, 0.661280890736872], [-78.67316155531728, 0.66154342346515], [-78.67336074570137, 0.66185858422063], [-78.67350464964746, 0.662741344883546], [-78.67413506758037, 0.663522171940299], [-78.67416666745811, 0.663849611173926], [-78.6736780400048, 0.664753626945919], [-78.67261620910902, 0.665637228052614], [-78.67137534927943, 0.667619762869266], [-78.67127717265778, 0.668091769803992], [-78.67178097481319, 0.668821622123144], [-78.67243598846878, 0.670612595131327], [-78.67317546011873, 0.671812090470644], [-78.67368701705753, 0.672196188159905], [-78.67482397679461, 0.671807563620396], [-78.67545126992086, 0.671172454297639], [-78.6763209696198, 0.670706577952731], [-78.67679168207457, 0.670582486546513], [-78.677265139416, 0.670691563108171], [-78.67758563357691, 0.670968418903703], [-78.67768424792256, 0.671667806608368], [-78.67814042772493, 0.672690044967898], [-78.68066977473185, 0.674842163777072], [-78.68162074542869, 0.675885628043934], [-78.68197767193186, 0.676389436790857], [-78.68216435134785, 0.676939249883198], [-78.68218825086863, 0.677350745476773], [-78.6819307960183, 0.678437949036489], [-78.68202623970174, 0.680089901157513], [-78.68192205790551, 0.681857415250265], [-78.68140635015703, 0.682958418171275], [-78.68042443254745, 0.683489387775236], [-78.6794940600151, 0.683703032746998], [-78.67722341991761, 0.683647330037809], [-78.6766139987623, 0.683603566037602], [-78.67550571003736, 0.68325499051238], [-78.67480998377212, 0.682797970507189], [-78.67295066612769, 0.680106928215051], [-78.67231886166317, 0.679747305192217], [-78.67192417278115, 0.679839636678527], [-78.67181117749692, 0.680109807177505], [-78.67164068143367, 0.682084663871643], [-78.67181114400348, 0.684328724221458], [-78.67210330424432, 0.686454558267736], [-78.67267318322143, 0.687728089308482], [-78.67568945278111, 0.688956156858188], [-78.67694079978517, 0.689254169729625], [-78.67883110669257, 0.689311887097642], [-78.67949612927396, 0.689703377056191], [-78.67964894130142, 0.689979980630677], [-78.67984170053826, 0.690845712812837], [-78.6797775306547, 0.691485316502777], [-78.67917841545463, 0.692677535330394], [-78.6785236865616, 0.695007867843306], [-78.67854849294257, 0.696322702215715], [-78.67874920659393, 0.696808334565524], [-78.67893458278324, 0.696970428441392], [-78.67996192258, 0.697246996754008], [-78.68049008403443, 0.697079455022034], [-78.6807118000322, 0.69713112645125], [-78.68120938144662, 0.697718844721434], [-78.68429805843434, 0.699638676713271], [-78.6856951332508, 0.701144153662736], [-78.6857606767125, 0.701728935933804], [-78.68545239463924, 0.702353290092658], [-78.68568301832863, 0.703430660556123], [-78.68646402798085, 0.704567257472761], [-78.68697571851924, 0.705011127436169], [-78.68736636660321, 0.70521943454924], [-78.68822661995765, 0.705343963616958], [-78.6892737523659, 0.705263518819621], [-78.69023069897843, 0.705029361110312], [-78.69119015649144, 0.705056711506097], [-78.69216779741744, 0.705372266001344], [-78.69315979219817, 0.706042555289185], [-78.69369258072369, 0.706584580534821], [-78.69445947846417, 0.707882108740015], [-78.69505770595318, 0.709259547092404], [-78.69544527342332, 0.710865306284608], [-78.69581878063009, 0.711685608890711], [-78.69656093583997, 0.712718090513695], [-78.69747428731638, 0.713536049242608], [-78.69868968264412, 0.714036769250018], [-78.69937531814604, 0.714014454394107], [-78.70097438080883, 0.713465557497379], [-78.7027028231386, 0.713120737210186], [-78.70301243079292, 0.713154894905941], [-78.70317557323455, 0.713387325287514], [-78.70312458084459, 0.714044677352792], [-78.7008144895034, 0.718010441834148], [-78.70050449578541, 0.718746999658707], [-78.70058872623014, 0.719172070013658], [-78.70082504854405, 0.719410205969884], [-78.70242333930285, 0.720414083853781], [-78.70452854818612, 0.72090818642114], [-78.70579524120872, 0.720829489787225], [-78.70686502440499, 0.720501343184593], [-78.70766475526177, 0.719838701532576], [-78.70821141040159, 0.718665895113776], [-78.7084768558429, 0.716948907650068], [-78.70906851039375, 0.715844126448362], [-78.71067895310895, 0.715074214050581], [-78.71193483337889, 0.714100105938101], [-78.71298820714512, 0.71280287096069], [-78.71410952790173, 0.710706607406398], [-78.71426734744355, 0.710321323889544], [-78.71421698447806, 0.709703585536107], [-78.71386818634183, 0.709221709109406], [-78.7132885776197, 0.708734050923406], [-78.71319301437268, 0.708450649420912], [-78.71330573079116, 0.708195686567672], [-78.71425725606875, 0.707941140185017], [-78.71585599924241, 0.708066609682922], [-78.71672864247697, 0.707953700914506], [-78.71796702971461, 0.708209334617802], [-78.71891782836792, 0.709445235668389], [-78.71899647521384, 0.709785301240349], [-78.71814537583074, 0.711881708581469], [-78.71820672921895, 0.713043497000691], [-78.71865078434514, 0.714432160527396], [-78.71852664478617, 0.715015810205908], [-78.71804770178305, 0.715876970655657], [-78.7180301589172, 0.717197398237162], [-78.71818768482962, 0.717407160170074], [-78.71963433832974, 0.717725245141824], [-78.71983144390596, 0.717589333245713], [-78.72028239662485, 0.716410799292285], [-78.72087398372359, 0.715447685352676], [-78.72169048628436, 0.715028727045494], [-78.72210148131384, 0.714960926448667], [-78.72236034454565, 0.715165072899054], [-78.72255152033537, 0.715635539679451], [-78.72309070988032, 0.718174682741376], [-78.72347300574414, 0.719223292579977], [-78.72364125751736, 0.720509816052732], [-78.72336497953836, 0.721365413139089], [-78.72199019287224, 0.723682573835696], [-78.72151711090794, 0.724067698648511], [-78.72036282259538, 0.724492147790113], [-78.72014877753844, 0.724730058614626], [-78.71949469228034, 0.726820891809873], [-78.71930882401254, 0.727002145035007], [-78.71800822569834, 0.727307507054341], [-78.71764219698204, 0.727511336183353], [-78.71677468425263, 0.728604645038121], [-78.71585064922186, 0.730145623637076], [-78.7150106023816, 0.732582044692887], [-78.71502657338166, 0.734389856782955], [-78.71535251595704, 0.735523443928751], [-78.71560000018073, 0.735954270831945], [-78.71708576471222, 0.736856106115791], [-78.72151555446078, 0.738314840599657], [-78.72299014316015, 0.739063661406883], [-78.72368784322674, 0.739806415593666], [-78.72400233264729, 0.741319702665779], [-78.72435093490459, 0.742175619744254], [-78.72461534410232, 0.742538453564981], [-78.725144356823, 0.742884422946751], [-78.72931576074942, 0.74326061539139], [-78.73216452938233, 0.7429843982002], [-78.73265431680825, 0.742978984084085], [-78.7329075580396, 0.743166131700902], [-78.73304222568972, 0.744038944976144], [-78.73295186946113, 0.744588612984743], [-78.73241085471625, 0.745687762790346], [-78.73211232072485, 0.745999302001315], [-78.73072725666657, 0.746304609372951], [-78.72982059296136, 0.746853851754226], [-78.72940931602037, 0.747454356631453], [-78.72905958477278, 0.748797289071629], [-78.72898021731483, 0.749868338702701], [-78.72919942784232, 0.750542844651662], [-78.73164176624091, 0.752391614913435], [-78.73296445039178, 0.752970358455247], [-78.73383134248425, 0.753135160072721], [-78.73495745717041, 0.752807053914486], [-78.73586952293435, 0.752711188743265], [-78.7364665635452, 0.7521504501813], [-78.73728394492223, 0.750071020210662], [-78.737785377805, 0.749317546300819], [-78.73848372658692, 0.748807862791382], [-78.73977313084585, 0.748428829934528], [-78.74057816698559, 0.748463250639166], [-78.74102282415157, 0.748644831790451], [-78.74172620893518, 0.7492969247054], [-78.74257573453605, 0.750402470720507], [-78.74278909799327, 0.751507686838187], [-78.74184211555496, 0.753808077296079], [-78.74122794897647, 0.754822184387844], [-78.74050120163317, 0.755807896781968], [-78.73929014236018, 0.75708804667358], [-78.73858628264949, 0.757359702263834], [-78.73823723540724, 0.757365186146302], [-78.73708336182261, 0.756933873852187], [-78.73608729193096, 0.756173948029681], [-78.73529367836485, 0.755827833522096], [-78.73448859115643, 0.755895417222351], [-78.73369457677789, 0.756325704707892], [-78.73315376369014, 0.7570168144875], [-78.73224081749537, 0.758807157350951], [-78.7315239989419, 0.762337418746078], [-78.73151795258075, 0.763130818136164], [-78.73187786914697, 0.763867740184804], [-78.73240093747641, 0.764814434238288], [-78.73349236485096, 0.766226139948121], [-78.73412264198956, 0.76670818523474], [-78.73633475672489, 0.767423428586621], [-78.73688067928602, 0.767735413702282], [-78.73718455096889, 0.767990599643616], [-78.73768518816465, 0.768772937908852], [-78.73803943923296, 0.769577866791043], [-78.73808421144996, 0.770082269850828], [-78.73788685536907, 0.770677219395822], [-78.73539489533526, 0.772174853561821], [-78.73492171100344, 0.772712980556441], [-78.73477221617765, 0.773290952131429], [-78.73486460547116, 0.774237419420411], [-78.7355450860592, 0.775592240553068], [-78.73608236785023, 0.776269757798094], [-78.73868212868344, 0.778509698270917], [-78.73958365274794, 0.779579317645761], [-78.73968081024344, 0.779973559608474], [-78.73963468682352, 0.781082045513391], [-78.73860802695077, 0.783606238012391], [-78.73737120639785, 0.785816074672043], [-78.73701953243746, 0.786810937182232], [-78.73704941469394, 0.787685954076848], [-78.73796116142974, 0.789270747917495], [-78.73802598265551, 0.789635193966658], [-78.73748753273867, 0.791251828802498], [-78.73711150565224, 0.793093381435421], [-78.73682501414727, 0.793776210368632], [-78.73639766265539, 0.794376062738197], [-78.73492539885953, 0.79502334095918], [-78.73274032214353, 0.795065797202038], [-78.73083940389536, 0.794593391719932], [-78.7282686102247, 0.794491532871054], [-78.72703510550944, 0.794551960960752], [-78.7262219580568, 0.794979198779131], [-78.72577943858263, 0.795566019055316], [-78.72539954083909, 0.796591410048738], [-78.7254242873413, 0.798788806378235], [-78.72561584536601, 0.800738054204997], [-78.72535930569731, 0.801978396393439], [-78.72439822637146, 0.804066757965729], [-78.72301653558794, 0.805599997876451], [-78.72234169253565, 0.806819399101913], [-78.72235202319762, 0.80778172386284], [-78.72282065387294, 0.808858303335677], [-78.7236386279494, 0.80960891387403], [-78.72444471441628, 0.810098168626624], [-78.72561305391972, 0.810303949607873], [-78.73048808596789, 0.810230584919516], [-78.73137245841293, 0.810771956472833], [-78.73192030376543, 0.811843705687928], [-78.7320469358799, 0.814084833782988], [-78.73177261144902, 0.814830853345663], [-78.73117843120089, 0.815519286033325], [-78.73011671235936, 0.815744325388529], [-78.72658980229717, 0.815711764663497], [-78.7253799392651, 0.816202045151522], [-78.72418742077471, 0.817150396908092], [-78.72293297284547, 0.818989252171937], [-78.7216851110492, 0.822354980131625], [-78.7212521677478, 0.824397159955961], [-78.7212864790218, 0.825334004811069], [-78.72159780238754, 0.825862126108875], [-78.7228961790077, 0.826855930999547], [-78.7234530013345, 0.827121670201472], [-78.72371596660605, 0.827567770758831], [-78.72418595253288, 0.827793018230684], [-78.72555920717826, 0.829553771597867], [-78.72629184695059, 0.830076803533656], [-78.72968866293758, 0.831239268986135], [-78.72999394955045, 0.831423896425694], [-78.7302990912769, 0.831862143489598], [-78.73061158164596, 0.83279994754658], [-78.73000514001548, 0.835092336109601], [-78.72941736678808, 0.836462220042702], [-78.72781220027323, 0.838330698673891], [-78.72748314812895, 0.838569913520302], [-78.72643553628386, 0.838823989314614], [-78.72311129127279, 0.838282105395973], [-78.72210970661611, 0.837700830661106], [-78.720410392906, 0.836120774151262], [-78.71907495039336, 0.835345744444091], [-78.71852847977102, 0.835294487746132], [-78.7178197902522, 0.83575250991046], [-78.71664495645011, 0.837259566891208], [-78.71592557963794, 0.838695576229727], [-78.71556097455326, 0.83916398500944], [-78.71496300268456, 0.840661188862812], [-78.71488177988613, 0.841109388466462], [-78.71503322980334, 0.841720724712382], [-78.71584480133983, 0.843268332967383], [-78.71536902381567, 0.843268320277448], [-78.71528230382349, 0.843367619243001], [-78.71470176328368, 0.844819198918378], [-78.71450318902143, 0.845765845902561], [-78.71429501231981, 0.846086553827267], [-78.7132612742036, 0.846682944853257], [-78.70985527060834, 0.847540716707429], [-78.70546104158554, 0.851197522371601], [-78.70477632548695, 0.851532108733574], [-78.70424683838493, 0.852772408183028], [-78.70372720424199, 0.853381928767852], [-78.70197751941151, 0.8538524619678], [-78.70070565731956, 0.854373169132545], [-78.70030112834571, 0.854691293751635], [-78.69911287041633, 0.856263555137192], [-78.69748219944404, 0.858033148646592], [-78.69624659383656, 0.858822038754763], [-78.6957901574593, 0.859204452731551], [-78.69553329970321, 0.85960612252017], [-78.69486440479459, 0.86272552459416], [-78.69433028171794, 0.863388459602371], [-78.69239430949746, 0.864926650501405], [-78.6917251886501, 0.86606080584466], [-78.6916616616385, 0.866439650106624], [-78.69212580583856, 0.86781275523256], [-78.69180354173129, 0.868770807146054], [-78.69151352944304, 0.86915955613444], [-78.69114899419247, 0.869491547214858], [-78.68959857114965, 0.870224537212579], [-78.68864797356945, 0.870499008249009], [-78.68803030399283, 0.870319242221069], [-78.68756959629765, 0.870338217253849], [-78.68535763743319, 0.871214778988048], [-78.68459323521554, 0.872162193158248], [-78.68455976739806, 0.872732817174266], [-78.68473830595099, 0.873475059738536], [-78.68459937575963, 0.874014249085141], [-78.68395068438774, 0.874461434847239], [-78.68258945900622, 0.875040152369689], [-78.68169850695304, 0.875637252609732], [-78.68081719133241, 0.875721161911521], [-78.67994924938466, 0.876169141204921], [-78.67934647928163, 0.8769289703094], [-78.67879378926659, 0.878828615953647], [-78.67819180160396, 0.879287692444772], [-78.67665271665913, 0.881625924113366], [-78.67599690249638, 0.882128691838357], [-78.67477974715378, 0.882598631013826], [-78.67418746472462, 0.883122919473535], [-78.67395897695673, 0.883996931401914], [-78.67404871824702, 0.8852919092088], [-78.67377030284939, 0.885802984039529], [-78.67332426519765, 0.886006257245309], [-78.67145624149232, 0.885901008571558], [-78.66726572623095, 0.887064003361011], [-78.66358554147874, 0.888914500275799], [-78.65969731389501, 0.889047808765708], [-78.65841559291044, 0.890295805486683], [-78.65738429656892, 0.890879173475171], [-78.65704349752312, 0.891341816757444], [-78.65680884800904, 0.893997127411957], [-78.65611847648164, 0.89555811846815], [-78.6559459155196, 0.897493980932122], [-78.65613141066663, 0.89858826922881], [-78.65639144658577, 0.899235518083902], [-78.65815399014107, 0.902048791156877], [-78.65851356183927, 0.902888902693036], [-78.65909858239291, 0.903345860756166], [-78.65991637961902, 0.903639560414718], [-78.66044004995038, 0.904802984401553], [-78.66131889563854, 0.905694543043174], [-78.66145474420414, 0.905922130966519], [-78.66143825856433, 0.906882724928601], [-78.66212659741473, 0.907984895936418], [-78.66358944078812, 0.908946507790747], [-78.66663560288858, 0.909883292733446], [-78.6669776259149, 0.910084423818746], [-78.66751876901931, 0.911017567100378], [-78.66775974060617, 0.913170319099354], [-78.66800172021134, 0.91375885381049], [-78.67135956802547, 0.915813502486417], [-78.67414861134777, 0.917803055910846], [-78.67414855542097, 0.920222087581141], [-78.67488848696509, 0.92197285853082], [-78.67547129832757, 0.924216015907744], [-78.67630885704152, 0.926361623002627], [-78.67647176590273, 0.92745880135131], [-78.67688051249671, 0.928351933382594], [-78.6770472291769, 0.930766395841245], [-78.67781546011975, 0.931803591176037], [-78.67824929805323, 0.93209324367149], [-78.67902040350886, 0.93230772810865], [-78.67884418510181, 0.933709054463575], [-78.67855338267547, 0.93427674248969], [-78.6779439668345, 0.934684394166299], [-78.67742996322185, 0.934759172711159], [-78.67566440139252, 0.934069344369896], [-78.67478579509124, 0.935502199200505], [-78.67405306352249, 0.935795232104187], [-78.67353989280542, 0.935698073285275], [-78.67315909226969, 0.935330532546518], [-78.67292348694689, 0.934722178691829], [-78.67274974016644, 0.931952454635416], [-78.67201043935253, 0.93090199261463], [-78.67116647224567, 0.930055670434111], [-78.67082545982767, 0.929819325059724], [-78.67036061321744, 0.929710629386397], [-78.66960139561762, 0.930274386697958], [-78.66916283583288, 0.930342525956737], [-78.66870020479824, 0.930006120063356], [-78.66773444943922, 0.928499726594967], [-78.66523761951566, 0.927410135097374], [-78.66366332649413, 0.927589883414741], [-78.66179924347252, 0.928034572476202], [-78.66160917458721, 0.927964659384693], [-78.66126945757962, 0.927264307904812], [-78.66068279078037, 0.923805327058726], [-78.66035553501374, 0.923137256944732], [-78.65975176737469, 0.922477591700866], [-78.65890100321029, 0.921874442269581], [-78.65844288120263, 0.921789346627744], [-78.65776568599611, 0.922044269222047], [-78.65738709992011, 0.921868196549777], [-78.65652561449892, 0.921045919083393], [-78.65541265425666, 0.919438380694758], [-78.65389853006059, 0.919915125005382], [-78.65308428629257, 0.920736923120947], [-78.65269863548161, 0.920928036859731], [-78.65201663628608, 0.920706293934927], [-78.65041849780953, 0.919616138206884], [-78.64916262901347, 0.919166578313788], [-78.6485789234051, 0.919284248815446], [-78.645888165075, 0.920378786933165], [-78.64443705763344, 0.920495608013338], [-78.64344166097565, 0.920122424162883], [-78.64193563770604, 0.918946366798169], [-78.63979851198997, 0.918279633216853], [-78.63861794130494, 0.917504790522202], [-78.63783130004792, 0.917194120436261], [-78.63652944244032, 0.91814783094026], [-78.63595989541334, 0.918319203024815], [-78.63553948863108, 0.918112640699307], [-78.63425443488295, 0.916865504440506], [-78.63391466166436, 0.916809414028844], [-78.63202856089913, 0.917620901243163], [-78.63060578492785, 0.919736824297053], [-78.62797409163353, 0.921591775060027], [-78.62530251686512, 0.922377049161869], [-78.62544735029763, 0.923484120370909], [-78.6261320411985, 0.924768729129667], [-78.62490268859887, 0.930244825053236], [-78.62560108170719, 0.931577264853593], [-78.62571066288957, 0.932346869680846], [-78.626509067215, 0.933719604840984], [-78.62661992424096, 0.934325144610411], [-78.62642060566237, 0.935467870342948], [-78.62564666814353, 0.93724070703621], [-78.62544383468096, 0.937997353191047], [-78.62549386888978, 0.938774330069418], [-78.62596745833561, 0.939742962575052], [-78.6242839265162, 0.939901446819223], [-78.6235242911465, 0.940436152758814], [-78.62201858783, 0.942289111182139], [-78.6213264044263, 0.942937848225564], [-78.62040947750492, 0.943544938637771], [-78.61997796323193, 0.945418064524144], [-78.61967413416302, 0.945857713636439], [-78.61892750752277, 0.946144922868539], [-78.61725959904996, 0.946181554444126], [-78.61654650540078, 0.946678861644413], [-78.6157560582612, 0.947620491891697], [-78.61540027309769, 0.948396097459118], [-78.61534021637137, 0.949152834808633], [-78.6155343905247, 0.950297268123311], [-78.61468177856159, 0.949828072751007], [-78.6142499686059, 0.949892313881224], [-78.61363834951689, 0.950521663177753], [-78.61320869483845, 0.951893724524678], [-78.61160379393354, 0.951852199456329], [-78.61065037389366, 0.951463202827558], [-78.60965495410207, 0.951295460902506], [-78.60752279126464, 0.951320458086975], [-78.59401704252878, 0.947587637683684], [-78.59208744154877, 0.946943509033718], [-78.59084719359548, 0.946034229843142], [-78.59039631820488, 0.945522933552737], [-78.58802745765591, 0.945407725293382], [-78.58735034317415, 0.945804680689624], [-78.58740601444434, 0.946864530214133], [-78.58932215579713, 0.949136899324318], [-78.59033615724077, 0.950954432968488], [-78.59168865863089, 0.952658655391863], [-78.59518224763993, 0.957600616164901], [-78.59630937303584, 0.958964034748135], [-78.59773443345526, 0.961132264875194], [-78.5977735730697, 0.962258078102443], [-78.59828045318338, 0.963337181167803], [-78.60030972532671, 0.965155457115175], [-78.60335272141235, 0.969188730331301], [-78.60696012539509, 0.972711434911707], [-78.6089334026238, 0.973961925139887], [-78.61231676477357, 0.975270202701043], [-78.61925361021264, 0.976637796499725], [-78.62004268230316, 0.977490013276125], [-78.62083107323417, 0.979307438291937], [-78.62184544590967, 0.980614034262575], [-78.62381842847611, 0.982318757906028], [-78.62443804391755, 0.983511520402151], [-78.62562167481498, 0.984761466288042], [-78.62605623658321, 0.984972762030675], [-78.62469331358615, 0.993280047013269], [-78.62585921675135, 0.995180535907183], [-78.62594916858848, 0.996855796292637], [-78.62564330003126, 0.997354553016504], [-78.62553617993385, 0.997959215767141], [-78.6258172233597, 0.999141240670643], [-78.60584485621906, 1.017031769198318], [-78.54524989496069, 1.0274551410445], [-78.54596854772738, 1.027063957666342], [-78.54613292747541, 1.026813049064098], [-78.54624528147346, 1.026121477240924], [-78.54596794137785, 1.025412099657105], [-78.54498610864896, 1.024559389815523], [-78.54486945831677, 1.02406051992769], [-78.54498091099066, 1.023578113231176], [-78.54557679475948, 1.023016105009001], [-78.54877410246284, 1.021142613365793], [-78.54915356307987, 1.020546385901173], [-78.54941578464333, 1.019303279914078], [-78.54926872712907, 1.018912816135705], [-78.54889438963475, 1.018496112726224], [-78.54684112274995, 1.017573352773795], [-78.54612305179127, 1.0170465485519], [-78.54588406953945, 1.016641720392719], [-78.54586849511065, 1.016120649037277], [-78.5460616144794, 1.015715746610916], [-78.54636251342095, 1.015482430372235], [-78.54722453528693, 1.015171590866596], [-78.54764985264897, 1.014555002079987], [-78.5478213778656, 1.012535009967371], [-78.54781641768635, 1.011297649875863], [-78.547687375528, 1.010949371377646], [-78.54663087663437, 1.010077953921422], [-78.54383921057382, 1.009619021198705], [-78.54237574188964, 1.009124559079297], [-78.54191750722016, 1.008510127639259], [-78.54197932519298, 1.008014646223887], [-78.54228475202403, 1.00762532385439]]]}, "properties": {"PROVINCIA": "ESMERALDAS", "CANTON": "SAN LORENZO", "PARROQUIA": "ALTO TAMBO", "NUM_SECTORES": 1, "CASOS": 10, "CIRCUNSCRIPCION": "CIRCUNSCRIPCIÓN RURAL", "TIPOLOGIAS": "H", "ETIQUETA": "ALTO TAMBO\n1 sectores (10 casos)"}}, {"type": "Feature", "geometry": {"type": "Polygon", "coordinates": [[[-78.835366653515, 1.442009506277488], [-78.82456414612864, 1.440662019663116], [-78.81730599380063, 1.432188547114183], [-78.8070047355303, 1.428617109087374], [-78.80895093747044, 1.425696966546853], [-78.81012498275346, 1.422293958162041], [-78.8112566081443, 1.41697875498729], [-78.81226104828957, 1.410341897904553], [-78.81308282440081, 1.40840515116961], [-78.81413077412407, 1.407281355166383], [-78.81493806993576, 1.406899937894324], [-78.81649512201288, 1.406401812570574], [-78.81772203504586, 1.40635916578995], [-78.82748526337062, 1.407017530236327], [-78.82897652018792, 1.407442355769376], [-78.83202712542821, 1.408611290879341], [-78.83375010818885, 1.408912347423886], [-78.83574650567218, 1.408914302985169], [-78.83760353573624, 1.408062478019358], [-78.83866640273621, 1.406977118481016], [-78.83957307980911, 1.405191685016187], [-78.84014668953701, 1.403335495345312], [-78.84068376240103, 1.40082434201082], [-78.84072089111582, 1.39920974294371], [-78.84018930321767, 1.395728819270921], [-78.84004846510832, 1.393791129811594], [-78.84028124711463, 1.392496385173566], [-78.84106012185444, 1.390231260470983], [-78.84180117882983, 1.387405969764297], [-78.84229657915101, 1.38029561216227], [-78.84399130903581, 1.378224885019584], [-78.84583963185864, 1.377157275212242], [-78.86831164350235, 1.367993149265507], [-78.8813941479836, 1.36173405943195], [-78.88334071183148, 1.360926073153673], [-78.88484549650553, 1.364912141489261], [-78.88980832594832, 1.374580932814379], [-78.89171159279394, 1.377192586374085], [-78.89237302709061, 1.377910343886845], [-78.88600778684966, 1.38310740081286], [-78.88613997002756, 1.386000661655368], [-78.88640778091778, 1.387899527220532], [-78.88663208103047, 1.388216166537944], [-78.88676538286623, 1.389843679632937], [-78.88761480433745, 1.394319778156976], [-78.88864569968423, 1.396761801734173], [-78.88900454561255, 1.397304591403004], [-78.88958809437271, 1.397711968240064], [-78.89102501315737, 1.398165322584918], [-78.89120435669486, 1.398527128701643], [-78.8912039529637, 1.398979183256929], [-78.88913557488968, 1.401463609621], [-78.88662276838038, 1.405506333588808], [-78.88481591588724, 1.410003488719962], [-78.8844690474729, 1.410601336876883], [-78.88434406936237, 1.411441984780078], [-78.88394366855088, 1.412242560600983], [-78.88401236812659, 1.412453230428273], [-78.88341813532149, 1.414051549586871], [-78.88286861241023, 1.41605224594349], [-78.88193572694472, 1.420628983731745], [-78.88139492545825, 1.426104820226954], [-78.88140003961972, 1.433510460174662], [-78.88205857508926, 1.442450564856854], [-78.88281699431006, 1.446357811022197], [-78.88273341373603, 1.446609380991067], [-78.88188318230283, 1.447263910262303], [-78.88164897914518, 1.447590986536842], [-78.88090862637307, 1.44987908595918], [-78.8686861004057, 1.469580599643918], [-78.835366653515, 1.442009506277488]]]}, "properties": {"PROVINCIA": "ESMERALDAS", "CANTON": "SAN LORENZO", "PARROQUIA": "ANCÓN", "NUM_SECTORES": 1, "CASOS": 10, "CIRCUNSCRIPCION": "CIRCUNSCRIPCIÓN RURAL", "TIPOLOGIAS": "C", "ETIQUETA": "ANCÓN\n1 sectores (10 casos)"}}, {"type": "Feature", "geometry": {"type": "Polygon", "coordinates": [[[-78.8083889987179, 1.129725120219679], [-78.8046066724989, 1.121692798005918], [-78.80721152229793, 1.105933183987031], [-78.80791138372258, 1.105702797153733], [-78.80896189523708, 1.104964515888794], [-78.81154785182116, 1.101658609051839], [-78.8148124775414, 1.096023575954289], [-78.81529267451879, 1.095034554509357], [-78.81558955346475, 1.093887160984235], [-78.81495828518194, 1.091375083632507], [-78.81492284489187, 1.090801362563138], [-78.81552740417743, 1.08914270841221], [-78.81560874078237, 1.08848508184727], [-78.81531767706007, 1.088269148424267], [-78.81426822723257, 1.088833304723372], [-78.81390566337271, 1.088876856466462], [-78.8137070628545, 1.088732197471861], [-78.81366098185526, 1.088465449126915], [-78.81396401580122, 1.086092114497935], [-78.8141376967457, 1.085644069335216], [-78.81480176274185, 1.084737730831862], [-78.81494492484967, 1.083934118152649], [-78.81482766457034, 1.083413769950168], [-78.81450157043697, 1.083176112715316], [-78.81402714983568, 1.083135090637623], [-78.81311215186139, 1.083435715623893], [-78.81196118601511, 1.084118525243179], [-78.81156013225961, 1.084205601262394], [-78.81108725919736, 1.084110770615472], [-78.81061765637776, 1.083871190887453], [-78.81037769130913, 1.083580917576545], [-78.80981597774358, 1.082295189369927], [-78.809613289359, 1.081345379745034], [-78.80976349853536, 1.080757068495177], [-78.81024847866824, 1.080431274275195], [-78.81287946054506, 1.079996265031461], [-78.81398294193474, 1.079507642045502], [-78.81463702049513, 1.0788455398184], [-78.81466742805956, 1.078343594429396], [-78.81452845696424, 1.077870244293845], [-78.81379928342152, 1.076478554622903], [-78.81296742969911, 1.076100584533257], [-78.81018721152279, 1.075240437282919], [-78.80969917748156, 1.074902804090873], [-78.8091968947082, 1.074029960041449], [-78.80879257006721, 1.072562540850583], [-78.80831868821316, 1.071811763227045], [-78.80830244357195, 1.071356265015543], [-78.80856924652365, 1.070807844914938], [-78.81068484116679, 1.069286759934433], [-78.81266553384425, 1.068009042639418], [-78.8141575421412, 1.067231019971974], [-78.81561785872174, 1.066765013743789], [-78.81652949529415, 1.0666245077795], [-78.81848291705761, 1.066820292796458], [-78.8189964197523, 1.066543185236696], [-78.81921453313228, 1.066067616138566], [-78.81914549742419, 1.065602107905191], [-78.81807455327564, 1.06313197478599], [-78.81706076059224, 1.05896712364139], [-78.81694448468077, 1.057930458900169], [-78.81727303180601, 1.05706956518849], [-78.81755599469612, 1.056825779179965], [-78.81800938999201, 1.056717057536836], [-78.81832402904543, 1.05571308325164], [-78.81834303929311, 1.055043723441563], [-78.8181625983347, 1.054804393994764], [-78.81700578771583, 1.054300276284957], [-78.81544588305267, 1.054135930878201], [-78.81497844256616, 1.054310306975691], [-78.81479043292309, 1.054702463882346], [-78.8138400932968, 1.054699312911216], [-78.8127414401795, 1.054334378210092], [-78.81069114408409, 1.054022471603735], [-78.80908318065248, 1.052704474921716], [-78.80823952581298, 1.051303756459535], [-78.80753787881837, 1.050405074844356], [-78.80522833290692, 1.05360194458952], [-78.8013865549292, 1.051312853765319], [-78.80015247515625, 1.050065828355684], [-78.79961406324719, 1.049769581422404], [-78.79780934909405, 1.049847844596964], [-78.79577658530711, 1.050209561108309], [-78.79526300263949, 1.050156171761403], [-78.79494490222598, 1.049629352253745], [-78.7946611240353, 1.047648589590829], [-78.79430498963654, 1.047189076855499], [-78.79374450058404, 1.046876761292875], [-78.79246314236367, 1.046869153241542], [-78.78908833442834, 1.047835696153707], [-78.78726071853583, 1.047900095908268], [-78.78230381714597, 1.048509253021225], [-78.78069246959222, 1.048515704452012], [-78.78117401318042, 1.047633180435658], [-78.78160977499132, 1.046233064855763], [-78.78100311412992, 1.043344253538145], [-78.78100391217549, 1.042206408482134], [-78.78152619440357, 1.041419038354598], [-78.78163783147357, 1.040350871153086], [-78.77897251499991, 1.040093458497062], [-78.77804194614392, 1.039752099091586], [-78.77770466337388, 1.038048363975257], [-78.77783280975582, 1.036302369821678], [-78.77863840637922, 1.033832867120922], [-78.77885081065425, 1.032597980714529], [-78.77851289855202, 1.031788581687316], [-78.77754764097368, 1.031537596634756], [-78.77457757776027, 1.03259497130125], [-78.77343514218394, 1.032721927579047], [-78.77199740257223, 1.031613644531693], [-78.77017926769187, 1.02995146127866], [-78.7688257364453, 1.029439461755303], [-78.76831856222107, 1.028672536144312], [-78.76793852175818, 1.027607589469264], [-78.76683934792194, 1.026371789938938], [-78.7655278913878, 1.026200519089997], [-78.76506279056822, 1.025774322209668], [-78.76544427865612, 1.024752500600188], [-78.76629095673638, 1.02402911452022], [-78.76646160640593, 1.021985053963906], [-78.76582765080656, 1.021005107176067], [-78.76485484357688, 1.020578555753974], [-78.76235910209961, 1.019895416806279], [-78.7614286350787, 1.01942630939798], [-78.7610480922548, 1.019085347065041], [-78.76062509536918, 1.01895729026181], [-78.76015967206956, 1.01899955162811], [-78.75982131989878, 1.018828966898515], [-78.75952507242607, 1.018956520074793], [-78.75893192753458, 1.020148536765243], [-78.75800113978491, 1.020147883838528], [-78.75664756261821, 1.019721065705185], [-78.754152838015, 1.017589977867427], [-78.75356111152477, 1.016737828478438], [-78.75263097517194, 1.015800269643339], [-78.75203927751035, 1.014905534656418], [-78.75165873851162, 1.014564577298342], [-78.75166208643307, 1.009705389567384], [-78.75297010462772, 1.009915018730744], [-78.75519111405941, 1.010754238317729], [-78.75640413536647, 1.01098750870438], [-78.75732915865468, 1.010785739608522], [-78.75879912436423, 1.009591540450913], [-78.76094161197881, 1.009304278555776], [-78.76168231503436, 1.009536224682247], [-78.76197078102987, 1.009815228782323], [-78.76159912599213, 1.010750284654914], [-78.76160285375316, 1.011470350307875], [-78.76189979535626, 1.011962531922735], [-78.76266867482698, 1.012362558942544], [-78.76387392126517, 1.012679266108959], [-78.76534366244601, 1.012609591109328], [-78.76570925607838, 1.012788572887957], [-78.76637326284664, 1.012467311416141], [-78.76737944400631, 1.012199444138518], [-78.76737947058854, 1.012050319545958], [-78.76614593486212, 1.010675961191094], [-78.76583845958596, 1.009955683063992], [-78.76577939191733, 1.009255646656013], [-78.76596954967025, 1.00908816978355], [-78.76627215241471, 1.009052850384928], [-78.76641673552987, 1.008811843689956], [-78.76623867456252, 1.007966807749079], [-78.76579459129155, 1.00724950956641], [-78.774600594817, 1.003613281760871], [-78.77655251766912, 1.002104436841725], [-78.77691634810087, 1.00169758658132], [-78.7770911079334, 1.000654243460904], [-78.77727989588173, 1.000434112871016], [-78.77843267867115, 1.00065229098413], [-78.77922262734806, 1.000043623548243], [-78.78047589049788, 0.999647966310677], [-78.7810340961025, 0.9989520544538], [-78.78165590188921, 0.998845118988477], [-78.78223147013664, 0.998857475223456], [-78.78261413452822, 0.999002879086403], [-78.78317462442664, 1.000426024326194], [-78.78427963152163, 1.001258042648264], [-78.78592501612452, 1.001515609984733], [-78.78792610395953, 1.001214464494522], [-78.79001958036733, 1.000623330978603], [-78.79137886940632, 1.000679507562864], [-78.79203387029912, 1.00099965809046], [-78.7930817768212, 1.002377851996783], [-78.79380621467097, 1.002892619084174], [-78.79624670050002, 1.003630947725418], [-78.79761239390831, 1.003746277824914], [-78.79785720446435, 1.003896725114688], [-78.79798540746155, 1.004072311100783], [-78.79812588192583, 1.007213564191106], [-78.7987878762312, 1.007908778587808], [-78.7998483191483, 1.008443392210617], [-78.80038705320236, 1.008870360231644], [-78.80071940210371, 1.009377687986891], [-78.80180892727843, 1.011751470846332], [-78.80165377880489, 1.013469990343769], [-78.82282179736934, 1.005075354425828], [-78.82342034774318, 1.005425430343977], [-78.82433519200035, 1.005521725951045], [-78.82453720925379, 1.00548598068594], [-78.82490577093232, 1.005151344060196], [-78.82532511340389, 1.003003043368705], [-78.82522791091446, 1.001620317197984], [-78.82532683947362, 1.000385865280933], [-78.8256718506549, 0.999989935143287], [-78.82667282692051, 0.999484184769068], [-78.82672281488458, 0.999290284290658], [-78.82665006968011, 0.999065678357087], [-78.825990790608, 0.99846613683296], [-78.82576988498677, 0.998065264670386], [-78.8257230366094, 0.994698614709275], [-78.82540150977582, 0.99349601310608], [-78.82515463482233, 0.99309801670638], [-78.8246450230505, 0.99278077896432], [-78.82351676349396, 0.992681270487471], [-78.82327157312814, 0.992532965863193], [-78.82292836429117, 0.992236454231893], [-78.82226319144054, 0.990763086115616], [-78.82199543779728, 0.990425087370647], [-78.82072074595467, 0.989969448360911], [-78.82038065153199, 0.989701908729953], [-78.82020306112453, 0.989269099703962], [-78.82008967001788, 0.988235670081231], [-78.82046816497107, 0.986704729137303], [-78.8204692537528, 0.986229746770986], [-78.8194618702929, 0.985260058139491], [-78.81940512700633, 0.984815104632137], [-78.81981985502944, 0.983776763485655], [-78.82051969565983, 0.981069929620403], [-78.82049200573879, 0.979792570581528], [-78.81959245846484, 0.976564026709301], [-78.8201341258963, 0.974632741819524], [-78.81930783656539, 0.973570145742024], [-78.81950989719172, 0.971089940605303], [-78.81943330088193, 0.97054690213456], [-78.81909236767716, 0.970133148592408], [-78.81836483030722, 0.969917601023106], [-78.81807824505788, 0.969693267405441], [-78.81636015174989, 0.96773170264498], [-78.81674102777211, 0.966698597112717], [-78.81645529233924, 0.964316946504456], [-78.81556006908764, 0.962839510947633], [-78.81538220883183, 0.962265311721001], [-78.8155966886436, 0.961308643949576], [-78.81601512197918, 0.960355792999415], [-78.81615433674801, 0.958604694473134], [-78.81637238693537, 0.958010790533391], [-78.81798404131108, 0.956907595704323], [-78.81956741118447, 0.954871660834771], [-78.8222370544989, 0.952862896405179], [-78.82255297813077, 0.95209734798368], [-78.82329209232456, 0.951421570284963], [-78.8232246504862, 0.950874406588357], [-78.82353273492282, 0.949617921097733], [-78.82377065018534, 0.949169566182278], [-78.8246236872003, 0.948138525159812], [-78.82522643737295, 0.946917254973888], [-78.82527228272423, 0.946475655013919], [-78.826959683212, 0.944070608720349], [-78.8273534067436, 0.943101392086334], [-78.82778214541433, 0.942709139415266], [-78.82564303323508, 0.941546301076188], [-78.82460910824156, 0.940479327496572], [-78.82470005496816, 0.939414638019089], [-78.8244344093526, 0.937956294342624], [-78.824004304994, 0.937038915852085], [-78.82343425805097, 0.936461135588669], [-78.82326193824447, 0.936367486214144], [-78.8230954771155, 0.936457084148598], [-78.82269229000872, 0.937170940150033], [-78.82178798171714, 0.937283907229869], [-78.82139330495146, 0.937605794959534], [-78.82101146500608, 0.937730679956998], [-78.82025380823856, 0.937751145037654], [-78.81962661596069, 0.937492412835624], [-78.81911666563535, 0.937000854183746], [-78.81840535091577, 0.935646549323535], [-78.81758255087054, 0.935548574509352], [-78.8173247999921, 0.935354896298243], [-78.81731063668074, 0.935201797898164], [-78.81799430606488, 0.934323714178166], [-78.8181163802237, 0.933828533409216], [-78.81804635638991, 0.932876736509382], [-78.81749709389359, 0.931445465367402], [-78.81752050540506, 0.929910833439728], [-78.81784400011192, 0.929045876231421], [-78.81837261376148, 0.928265139837591], [-78.81880686607147, 0.928138147353632], [-78.81899093469289, 0.92786699650789], [-78.81882773713467, 0.927419567067246], [-78.81793965558751, 0.926300373456122], [-78.81695472704855, 0.924138527682135], [-78.81686009545133, 0.923449568208401], [-78.8171501586724, 0.921299965987752], [-78.81687169260873, 0.920666461817611], [-78.81573570260419, 0.920198121398149], [-78.81541676311356, 0.919637178739402], [-78.81470807337644, 0.919691187523315], [-78.81405067661257, 0.919535055780204], [-78.81311925960175, 0.919750476251965], [-78.81237444634037, 0.919533083361329], [-78.8111803737076, 0.919452670166939], [-78.81029367201009, 0.918991217996634], [-78.80948434989838, 0.919396608582925], [-78.80856659860835, 0.91906450610197], [-78.80702071808341, 0.919239227115519], [-78.80623128812937, 0.919201834129394], [-78.80594484868324, 0.919023658035835], [-78.80532942004362, 0.918043749513596], [-78.80228320175803, 0.916062493287111], [-78.8019345709842, 0.916091755708379], [-78.80128493319121, 0.916435027791361], [-78.80087621485754, 0.916429990845747], [-78.79944097736885, 0.915659046768125], [-78.7972894506867, 0.914907502176363], [-78.79634211335883, 0.914341373419042], [-78.79555758620234, 0.914315097515228], [-78.79505386792161, 0.914578734830274], [-78.7947699282319, 0.914568980702543], [-78.79327449870092, 0.913406686675584], [-78.79171638693423, 0.912896147999707], [-78.78973846093686, 0.910884371844016], [-78.78937725015919, 0.91015018904746], [-78.78928810283672, 0.909094780449053], [-78.7876688865141, 0.906434960135167], [-78.78751720051285, 0.905784250644119], [-78.78753551368784, 0.905583292390839], [-78.7878977267519, 0.905248682659409], [-78.78854695560085, 0.905003408264935], [-78.78914657874178, 0.904957492547705], [-78.78942414032619, 0.904730971953855], [-78.78959077298876, 0.90429565575645], [-78.78966079025054, 0.903356596838263], [-78.78911585420391, 0.902668490502147], [-78.78912110172261, 0.902509679902476], [-78.7894488344615, 0.902166379749591], [-78.79054219468466, 0.901626694621616], [-78.79158195071233, 0.901468030340979], [-78.79181755748645, 0.900861065504737], [-78.79357454491232, 0.900059749430497], [-78.79484503574682, 0.899133098448555], [-78.79563794128653, 0.898890492794346], [-78.79681283044565, 0.898298250807505], [-78.79769682507325, 0.898198590805736], [-78.79620033705794, 0.895575920573213], [-78.79588438249851, 0.894519611493516], [-78.7958214743638, 0.893834299316689], [-78.79550194302742, 0.893202261870973], [-78.79505885236279, 0.892533174216981], [-78.7943930892445, 0.892219426854077], [-78.7938518736032, 0.89148717765586], [-78.79370526498792, 0.889283728061097], [-78.79383568833067, 0.888042268673498], [-78.79397092660149, 0.887770139151285], [-78.79565220521015, 0.886535214607699], [-78.79630408091178, 0.886340058064217], [-78.79793736208052, 0.886345567498507], [-78.79853539203769, 0.886737423909023], [-78.80017091574476, 0.887238552438074], [-78.80094242648516, 0.887339090892053], [-78.80261986355187, 0.886824430712658], [-78.80461698299676, 0.886055570241994], [-78.80527571942221, 0.885670739113255], [-78.80905625201005, 0.882947162692422], [-78.8097545313813, 0.882699828195511], [-78.81179601179724, 0.88146990030584], [-78.81261419395516, 0.881362065504967], [-78.81313747492837, 0.881532303225327], [-78.81386973735842, 0.882039703314902], [-78.81435952866865, 0.882594626306662], [-78.81512259158147, 0.883778901569805], [-78.81520330100142, 0.884492251332647], [-78.81586550623433, 0.884690948402844], [-78.81752470557399, 0.884668915772745], [-78.8182695933662, 0.884970637077616], [-78.81963763844682, 0.886233984619231], [-78.82067063505269, 0.887706470030819], [-78.8216321049425, 0.88846010929686], [-78.82384325590431, 0.889101140513026], [-78.8270035614045, 0.890451185327825], [-78.83102614942534, 0.891508424324489], [-78.83215189698231, 0.891347678819673], [-78.83300298748595, 0.891061971077464], [-78.83718910245543, 0.887222448255032], [-78.83900944134199, 0.886030446082829], [-78.8396779482968, 0.885960675581666], [-78.84037169896419, 0.886060854687247], [-78.8409072416161, 0.886322604478353], [-78.84162002692932, 0.887164124095151], [-78.84203276721283, 0.888758874261898], [-78.84233884831158, 0.889143851353052], [-78.84329176541523, 0.889842936502192], [-78.84362170480529, 0.89078280360108], [-78.84410388977905, 0.891457278181609], [-78.84371291073363, 0.893302100651979], [-78.84317704432623, 0.894256817840518], [-78.84121612268946, 0.896205792192025], [-78.84034332280865, 0.897400571488808], [-78.8402824051501, 0.89797793747692], [-78.84051073608222, 0.898768726086131], [-78.84054887751621, 0.89945472599709], [-78.84044045180218, 0.901966910582296], [-78.84080674152702, 0.903931316110545], [-78.84101426467988, 0.904512080345665], [-78.84156366641879, 0.905194487763558], [-78.84195470090407, 0.905556897934241], [-78.84258919954914, 0.905818699512837], [-78.84334431074552, 0.905934329737523], [-78.84619434734039, 0.905791197707912], [-78.84651454828943, 0.905977247738431], [-78.8467809235708, 0.906483622255854], [-78.84718534089735, 0.90745277212553], [-78.84718765308463, 0.907880310612995], [-78.8475078945233, 0.908263849846757], [-78.8483933245255, 0.908640860778791], [-78.84926533180646, 0.908695411030599], [-78.84994025373625, 0.90858789278942], [-78.85071331598057, 0.908364843570054], [-78.85217344011463, 0.907642591701811], [-78.85287738261881, 0.907504025959044], [-78.85478305379002, 0.907666608089403], [-78.85541706804143, 0.90782836254199], [-78.85655766461554, 0.90880703528256], [-78.85696950196443, 0.909421666366107], [-78.85690205123998, 0.910421533157968], [-78.85720682828499, 0.910786715787407], [-78.85935067483888, 0.912252567257831], [-78.86009250551704, 0.912398953174525], [-78.86187376317001, 0.912223020348431], [-78.86337286147463, 0.91177764789182], [-78.8649646014398, 0.911708821474624], [-78.86648221613048, 0.91126292845748], [-78.86803287764005, 0.911425304217742], [-78.86847917145481, 0.911689615995912], [-78.86927271860769, 0.91311313817516], [-78.86958542899482, 0.914775979727547], [-78.86951529940217, 0.916164890903309], [-78.86889811840103, 0.917147190557168], [-78.86802425158497, 0.917333239056624], [-78.86710465541185, 0.917217207655167], [-78.86475131742795, 0.917246404584168], [-78.86441065083528, 0.917540798910793], [-78.86395924299694, 0.918780066403379], [-78.8638578349255, 0.922297327294585], [-78.8641477451758, 0.923593581872161], [-78.86411598207287, 0.925280217118644], [-78.86359451671551, 0.926935895108437], [-78.86314832326869, 0.927754197921543], [-78.86244666274546, 0.928520742499657], [-78.85997404690367, 0.930075524706138], [-78.85799856724282, 0.930744732679433], [-78.85745439287564, 0.930828861062992], [-78.8550906114623, 0.930334600373703], [-78.85284089289165, 0.930210471525349], [-78.85081674410796, 0.931031615961362], [-78.85043821089397, 0.932180941906841], [-78.85041566316107, 0.932474716080294], [-78.85138551449256, 0.935455104426328], [-78.85292909111593, 0.937796530132381], [-78.85572654495961, 0.941201410972465], [-78.85591126686265, 0.942328923925337], [-78.85644549493317, 0.943621780940079], [-78.8572094389306, 0.945300916587917], [-78.85806527846894, 0.946641285850522], [-78.85899768832286, 0.94751976930459], [-78.85976333230894, 0.947844630037054], [-78.86144639749845, 0.948323280462651], [-78.8626756489698, 0.948509737174826], [-78.86343695916165, 0.949003748419898], [-78.86401743988206, 0.949775230389237], [-78.86426098060801, 0.951176160133818], [-78.86413761446279, 0.952884415035327], [-78.8633162922624, 0.95721227857945], [-78.86321570430763, 0.958845616511624], [-78.8626009106786, 0.963275466940614], [-78.8628065886602, 0.965224308860774], [-78.86372340061374, 0.96716542813699], [-78.86415886376324, 0.96846736238063], [-78.86518275884566, 0.970547673606331], [-78.86551859421589, 0.971703385585648], [-78.86560503569439, 0.973503823578844], [-78.86530060585875, 0.97755580224477], [-78.86509325921674, 0.978757325452787], [-78.86398946998162, 0.98259085179298], [-78.86307837452898, 0.983646447707029], [-78.86255586555565, 0.98401706921202], [-78.86212680256166, 0.984162636455128], [-78.86094334119264, 0.983977320535853], [-78.85763122372798, 0.982288529086896], [-78.85701122188246, 0.981841275865852], [-78.85348724604438, 0.978358701524961], [-78.85112773189707, 0.977832237915175], [-78.85009460439316, 0.977970830310217], [-78.84838976888196, 0.978954393094046], [-78.84767631958306, 0.979586372195331], [-78.84682638546366, 0.980086336146027], [-78.84292347601614, 0.981381323784203], [-78.84159976003959, 0.981707956193671], [-78.83908320965904, 0.982599259864185], [-78.83840203737145, 0.983045148225604], [-78.83739808539659, 0.984402701693018], [-78.83700662989321, 0.985264055165488], [-78.83674591645261, 0.986334243045757], [-78.83669036117465, 0.989506576951083], [-78.83705491149257, 0.99368914421124], [-78.83705364062796, 0.995707764353165], [-78.83641078476892, 0.998388824582533], [-78.83626903825903, 1.000647785980749], [-78.83579990547761, 1.003047719024044], [-78.83514386813027, 1.005259272048717], [-78.83500279382761, 1.006482831352834], [-78.83327142919515, 1.008599533600811], [-78.83186831934546, 1.009257482133122], [-78.8301564392976, 1.010290881982995], [-78.82783714513138, 1.011902395596049], [-78.82665373678478, 1.013342400813183], [-78.82518179910132, 1.015823657424302], [-78.82256622702342, 1.018421586831058], [-78.82225280391502, 1.019221500916356], [-78.82205936899204, 1.02021440977394], [-78.82224524440866, 1.021443913978073], [-78.82248606983237, 1.021937395595918], [-78.82320119178708, 1.022783570348575], [-78.82463952271085, 1.024021761979738], [-78.8266071431603, 1.024821812503614], [-78.82924296761757, 1.0268360422433], [-78.8315446880559, 1.028254931630723], [-78.83416498556032, 1.030237836536437], [-78.83502038030883, 1.030731743298448], [-78.8354557586549, 1.031123566247658], [-78.83564217276886, 1.031554370918148], [-78.8357117468769, 1.032204350186104], [-78.83561405746411, 1.032865960609822], [-78.83545816020411, 1.033323937844423], [-78.83481567903623, 1.034333630270792], [-78.83413859906132, 1.034740351007506], [-78.83172675929258, 1.035094978714331], [-78.83082380544943, 1.035904810573538], [-78.83064066285326, 1.036386258512684], [-78.83068954280002, 1.037107071385921], [-78.83146078110668, 1.039763730639259], [-78.83175709539528, 1.041946667804668], [-78.83269945126746, 1.043879526360355], [-78.83355997269936, 1.04477472283926], [-78.8351093172898, 1.045472937773603], [-78.83663151548646, 1.046695327099218], [-78.83733148326003, 1.046954220077766], [-78.84006196376089, 1.047089234119764], [-78.84317346413029, 1.047482918119502], [-78.84425459605835, 1.047789057760038], [-78.84540557373525, 1.048345824707286], [-78.84663406851769, 1.049309833257956], [-78.84773786685555, 1.050602641283688], [-78.84848396646726, 1.05166811490835], [-78.84926857118938, 1.05330524871882], [-78.84996046082883, 1.054010480120073], [-78.85117373953075, 1.054397214359174], [-78.85253514503188, 1.05440599055462], [-78.8535778114469, 1.054177435632758], [-78.85493142905418, 1.05420186674143], [-78.85784830795531, 1.054845998471194], [-78.86076537000771, 1.055231720098178], [-78.86367490487346, 1.055257225441256], [-78.8646471996157, 1.055477155449832], [-78.86598488894656, 1.056057548296948], [-78.86820109538618, 1.0574842603734], [-78.86928990097886, 1.057978345548132], [-78.8712531600561, 1.059159500690097], [-78.87215576428156, 1.059841874558937], [-78.87457821423071, 1.06216389477441], [-78.8759798557847, 1.062894458019546], [-78.87670463356565, 1.062978684333425], [-78.87924778879169, 1.062561823549306], [-78.8809824903988, 1.062790273644073], [-78.88144580491529, 1.062946080931783], [-78.88390453353742, 1.064371091315492], [-78.88492622725613, 1.064682773139072], [-78.88715998295869, 1.064947450004693], [-78.88887128827227, 1.064649614200103], [-78.8912364998235, 1.063825957106592], [-78.89205702757035, 1.063757463718964], [-78.89256254161789, 1.06400448132421], [-78.89306400975204, 1.064482504301725], [-78.89367409624852, 1.06539912700455], [-78.8941751140211, 1.066538852894416], [-78.89460583815632, 1.068085732056209], [-78.89555756084513, 1.069989274192577], [-78.89638255785621, 1.070744172195326], [-78.89736244319495, 1.071390727370933], [-78.89849688308149, 1.071923763263584], [-78.8998156695906, 1.072217712040294], [-78.90147927120421, 1.072200920276241], [-78.90217447851825, 1.072105713567267], [-78.90523494191126, 1.071162922204653], [-78.90631043777101, 1.071014152346205], [-78.90729063996302, 1.071206199000279], [-78.90821722437383, 1.071613502695185], [-78.90851414110442, 1.071840962380903], [-78.90910170409911, 1.072780290004048], [-78.91062025351637, 1.076393501328714], [-78.91202530713822, 1.080891742318508], [-78.91297919626824, 1.084815556401851], [-78.9134599786878, 1.08550961875583], [-78.91447564517101, 1.085982777559465], [-78.91528359139258, 1.086120888801782], [-78.91648378480673, 1.086097800749644], [-78.9205724766499, 1.084707191835162], [-78.92306291181175, 1.08331546748226], [-78.92432331528896, 1.082132205851018], [-78.9249300918661, 1.08103819824669], [-78.92542604028502, 1.076900057993004], [-78.92542654573946, 1.07615249973845], [-78.92513652794604, 1.074501692564652], [-78.92438934532062, 1.072360176682936], [-78.92425911235718, 1.071648412849826], [-78.92439636549068, 1.070757417563798], [-78.92494934954362, 1.070123865507211], [-78.9258168293079, 1.070088573060592], [-78.93031405452771, 1.070809290039536], [-78.9345379040047, 1.071649428065568], [-78.93730063055708, 1.071770912817867], [-78.938595971662, 1.071640219688272], [-78.93982599329897, 1.071455657213561], [-78.9414186888222, 1.070912506621893], [-78.94236374414163, 1.070386859336539], [-78.94510408258935, 1.06845699455004], [-78.9466849406607, 1.067848042901191], [-78.94762970758971, 1.067758969862109], [-78.95096868749927, 1.068030337904124], [-78.95171324902452, 1.067919663735869], [-78.95377468626964, 1.067220899395692], [-78.95497663230336, 1.066955169419166], [-78.95778261649913, 1.066726390175974], [-78.9589028438587, 1.066834777663259], [-78.96033858174351, 1.067261168506837], [-78.96254271828629, 1.068325154579153], [-78.96496565396912, 1.070216645140023], [-78.96603424750045, 1.071580939893573], [-78.96701946141475, 1.073244211571269], [-78.96792087533655, 1.075840406367453], [-78.96820513221913, 1.077263986149355], [-78.96822747833065, 1.079405065923268], [-78.96854696053781, 1.081462616613492], [-78.96915218261591, 1.082706995369562], [-78.9709096191237, 1.084657867224399], [-78.9716342241737, 1.085077001256672], [-78.97276887032712, 1.085400721577209], [-78.97520476416912, 1.085701397375258], [-78.97619118510323, 1.085552545860381], [-78.97713023172051, 1.085164436329333], [-78.97771872227737, 1.084770108261434], [-78.98011470853419, 1.082540929774223], [-78.98075664599385, 1.08218849980488], [-78.98194059278376, 1.082078701254635], [-78.98356974963609, 1.082684631975365], [-78.98537040852098, 1.083635321326999], [-78.98677806791363, 1.084902186842321], [-78.98745383812376, 1.086019817889988], [-78.98724645738564, 1.086938313886303], [-78.98429034240384, 1.0903301912805], [-78.98325026731321, 1.09217476362733], [-78.98259710058484, 1.094183619544048], [-78.9824922284924, 1.095928271939881], [-78.97892679550789, 1.094641426583145], [-78.97785025374404, 1.094493570745614], [-78.97733315083062, 1.09475158456536], [-78.97696212029882, 1.095149644291414], [-78.97631932127726, 1.096778338068283], [-78.97603408224671, 1.096831970335026], [-78.97526060856018, 1.096626904536124], [-78.9745941988657, 1.096253258802724], [-78.97441257512642, 1.095966063614774], [-78.97431369940753, 1.09455934778542], [-78.97406857730648, 1.093270949592932], [-78.97383000932004, 1.092840180874859], [-78.97281796714937, 1.09220793686427], [-78.97147760487638, 1.092081433363413], [-78.97082859153359, 1.092350121050665], [-78.97051098440113, 1.092827159930083], [-78.97024721354344, 1.093831548632475], [-78.96951029533392, 1.095039945637731], [-78.96775475124416, 1.096782781684181], [-78.96614327088281, 1.098049491524205], [-78.96293971676532, 1.099506562787751], [-78.96206620113718, 1.099637535714015], [-78.96168597081223, 1.099583449249802], [-78.96153753853, 1.099421871072245], [-78.96118745488803, 1.098721900042986], [-78.96112240434701, 1.09826733008687], [-78.9613609643204, 1.096103544532032], [-78.96133244926955, 1.095185072962025], [-78.95971614168481, 1.094390699654939], [-78.95934175741627, 1.094480152164651], [-78.95837263828692, 1.095409469056844], [-78.95808563834636, 1.096050212436736], [-78.95751806474473, 1.098251111054344], [-78.94544119051503, 1.09822887324799], [-78.94428147262106, 1.098091690470687], [-78.94274576412832, 1.097503223263503], [-78.94257487979944, 1.097570481522927], [-78.94205794615665, 1.098366473642078], [-78.9419640634912, 1.100110330969268], [-78.94163601815609, 1.100210575779397], [-78.94035165816463, 1.099727451227885], [-78.94006462259956, 1.099761491570229], [-78.93980717561331, 1.100238011284541], [-78.93958380683361, 1.101225359028683], [-78.93930906893428, 1.101569645829911], [-78.9391415181892, 1.101565940635121], [-78.93855780779822, 1.100194800648052], [-78.93833328955859, 1.100086994965945], [-78.93806941428703, 1.100187283799679], [-78.93792986802156, 1.10093355494611], [-78.93753028258159, 1.101385402833536], [-78.93703477951186, 1.101349175016842], [-78.9358998495594, 1.100785737308823], [-78.93525289935167, 1.101038830813278], [-78.93443769119197, 1.100865574864942], [-78.93414951204515, 1.101056271418544], [-78.9342773808746, 1.101893462674965], [-78.9339858966169, 1.102741054260299], [-78.93380933576294, 1.102363920515932], [-78.93320322137319, 1.101781714469001], [-78.93140724699448, 1.10171850183386], [-78.93108363350119, 1.101116829819847], [-78.93087648706532, 1.100978894953779], [-78.93005838414568, 1.101766789624502], [-78.93007916065373, 1.101965834820446], [-78.93039596525402, 1.102309336360771], [-78.93037441419415, 1.102543756069848], [-78.92975379707369, 1.103003818740315], [-78.92905713222929, 1.102875615512862], [-78.92891602029174, 1.103028349561827], [-78.92900492056654, 1.103234093185343], [-78.92890616532729, 1.103432575296238], [-78.92801006315601, 1.103599400572191], [-78.92766910651851, 1.10347117870987], [-78.92727213725883, 1.103577352803461], [-78.92700368758742, 1.103421672663557], [-78.92649178524583, 1.103389915668492], [-78.92634863675295, 1.103156577185954], [-78.92620959872295, 1.103164373600166], [-78.92600798956558, 1.103611809901798], [-78.924720452874, 1.103969527449316], [-78.92390765359511, 1.104450495193549], [-78.92282455744466, 1.105341295773604], [-78.92080428664453, 1.107571442939088], [-78.92063098224939, 1.10813350772228], [-78.92072418970666, 1.109206864792683], [-78.92055388117159, 1.109979774268455], [-78.92022142464394, 1.110515777440743], [-78.91898921618137, 1.111790266778566], [-78.91876699197398, 1.112683387099946], [-78.91851675421475, 1.112921266091707], [-78.91757337905692, 1.113357831381104], [-78.9164945815733, 1.113619622258073], [-78.91349728703801, 1.113918380230777], [-78.91283118839426, 1.114119524972518], [-78.91125871318859, 1.115281467070933], [-78.91057885313946, 1.116525596669107], [-78.91024263833891, 1.117799897710115], [-78.90961625389838, 1.119124711219451], [-78.90873823506544, 1.120498888547274], [-78.90827426087472, 1.120923130463547], [-78.90783943748345, 1.121187692677509], [-78.90696559629697, 1.120931233827694], [-78.90453040469129, 1.122442278043616], [-78.90346077660867, 1.122663976316877], [-78.90134823161665, 1.123644188995223], [-78.90052512534746, 1.124102885820777], [-78.90003704172982, 1.124670906293548], [-78.89890596717451, 1.125080284114536], [-78.89861942460266, 1.125462788558875], [-78.89858989625063, 1.126307482526431], [-78.89840780824457, 1.126328325812181], [-78.89811379098502, 1.126611914184167], [-78.8980700328759, 1.127257511270226], [-78.89789658051338, 1.12738604082373], [-78.89700559969916, 1.12753583773177], [-78.89638203461455, 1.128172151974174], [-78.89616751361606, 1.12882711707897], [-78.8957276547152, 1.128940262953973], [-78.89498019696781, 1.129611293844441], [-78.89432124903293, 1.129487401694267], [-78.89331373252523, 1.128938050938048], [-78.89275662502114, 1.128967299357839], [-78.89224233239044, 1.129289149568035], [-78.8915212246674, 1.130290649937983], [-78.890599743085, 1.130264661076584], [-78.88993908620029, 1.130892896456364], [-78.88885070706861, 1.131372543721672], [-78.8878448587877, 1.13237220378437], [-78.88765307976766, 1.13287637529255], [-78.88676189111577, 1.13368878609357], [-78.88592886789603, 1.134679619044777], [-78.88536421664753, 1.134832449836672], [-78.88441901882895, 1.134690080298965], [-78.88324746605129, 1.133807532490841], [-78.88278243859916, 1.13407191250801], [-78.88242046390388, 1.13393060531307], [-78.88131558092365, 1.133886665491494], [-78.88108999494311, 1.133756526852385], [-78.88106776020493, 1.134625498705047], [-78.88077737394367, 1.13547243123885], [-78.88020358223062, 1.135720907771805], [-78.8795456438302, 1.135822224015469], [-78.87911513005112, 1.136426480515864], [-78.87918000875092, 1.136759510123004], [-78.87868209965751, 1.137278459268393], [-78.87857143546402, 1.137650235357409], [-78.8786673988305, 1.138589128062908], [-78.8784158514913, 1.139261233365063], [-78.87811972817957, 1.139474472702612], [-78.87797094566159, 1.140258762686338], [-78.87716516700307, 1.140715369509647], [-78.87681987895166, 1.140726323897271], [-78.87651787482287, 1.1411194746486], [-78.87572330820899, 1.141230631018645], [-78.87550484107486, 1.141499167728228], [-78.87306710256087, 1.143253297834137], [-78.87244727736102, 1.143438989734397], [-78.87155702345063, 1.143464996238035], [-78.87028984516361, 1.144381891387045], [-78.86594013187255, 1.146875118093681], [-78.8653301719489, 1.147082963868918], [-78.81545281744351, 1.156675540197901], [-78.8083889987179, 1.129725120219679]]]}, "properties": {"PROVINCIA": "ESMERALDAS", "CANTON": "SAN LORENZO", "PARROQUIA": "CONCEPCIÓN", "NUM_SECTORES": 1, "CASOS": 10, "CIRCUNSCRIPCION": "CIRCUNSCRIPCIÓN RURAL", "TIPOLOGIAS": "A", "ETIQUETA": "CONCEPCIÓN\n1 sectores (10 casos)"}}, {"type": "Feature", "geometry": {"type": "Polygon", "coordinates": [[[-78.70428669050199, 1.116239734403097], [-78.70364064831682, 1.11584696680329], [-78.70319688402041, 1.112698849714049], [-78.70281705186443, 1.112172777588248], [-78.70236288704146, 1.112001048331086], [-78.69957049630123, 1.111755341299655], [-78.69900853987777, 1.111461108609852], [-78.69778398314287, 1.109139043533957], [-78.69698792073004, 1.107928702986609], [-78.69618183847068, 1.107063440344446], [-78.69452772287978, 1.106843657358404], [-78.69356041101928, 1.106942209693312], [-78.69305162618296, 1.106641307612803], [-78.69260285877964, 1.10601121225551], [-78.69232921600144, 1.105857912758745], [-78.69095111709734, 1.105418686409126], [-78.68907981194319, 1.104544584893048], [-78.68834359296946, 1.103692827423893], [-78.68762790205254, 1.102307328569289], [-78.68685879457975, 1.101700489409219], [-78.68458444338624, 1.099311456295422], [-78.684556503638, 1.098565194021945], [-78.684942025539, 1.097821378523065], [-78.68467152334134, 1.09731676477394], [-78.68289664232637, 1.096520553118494], [-78.68206359992418, 1.095793550394357], [-78.68144848553929, 1.094978219917076], [-78.67875353936813, 1.092649485539392], [-78.67701729406531, 1.090740025575184], [-78.67449087919007, 1.089227476561438], [-78.67393840009285, 1.088670516681843], [-78.67139877532887, 1.083474223156084], [-78.67097637704525, 1.083175451151954], [-78.67052020294473, 1.083103344992499], [-78.66985005072986, 1.083188929890295], [-78.66906566724884, 1.083504036634903], [-78.6681532820665, 1.083410050294584], [-78.66549278022117, 1.080952067798087], [-78.66201892640483, 1.078961784135404], [-78.65757780410594, 1.076172132384016], [-78.66311493956103, 1.073176309654205], [-78.66296130808588, 1.072900389863033], [-78.66309420507305, 1.071504579730134], [-78.66250126348851, 1.069529219100859], [-78.66174098409266, 1.067704875720638], [-78.66146577381097, 1.065497892901979], [-78.66125073508402, 1.065192909818422], [-78.65969732336139, 1.064016833668799], [-78.65969841926993, 1.063754412288571], [-78.66005998264879, 1.063160328587366], [-78.6600679073367, 1.062893121309737], [-78.659936214367, 1.062820703291079], [-78.65811444783631, 1.063567346351098], [-78.65684643701778, 1.063715079811105], [-78.65666865559776, 1.063664954490976], [-78.65658416662352, 1.063402106668338], [-78.65656728049657, 1.062333514333079], [-78.65714937802072, 1.061900325667655], [-78.65743929290336, 1.061519795767369], [-78.65721190673959, 1.060796357935763], [-78.6573325318451, 1.060300171719604], [-78.65767097428464, 1.060114483427858], [-78.65913239121768, 1.059778958385312], [-78.65980936140933, 1.05941652990201], [-78.6603843101569, 1.05869541865858], [-78.66044069335754, 1.058357196090159], [-78.66031792946403, 1.057994159087172], [-78.66010612262679, 1.057809498093628], [-78.65908755967678, 1.05800768802358], [-78.65818020265276, 1.057934409852004], [-78.65791267426279, 1.057685434536686], [-78.65776760723439, 1.057003642145744], [-78.65761700478329, 1.056879593782824], [-78.65638159909052, 1.05678608908452], [-78.65582712585842, 1.056313435610147], [-78.65560472629704, 1.056362261641568], [-78.65535252844047, 1.05686892391537], [-78.65514760841768, 1.056962690213331], [-78.65380854467396, 1.056541147167117], [-78.65339811362325, 1.056200582601381], [-78.65332311989783, 1.055967935397227], [-78.65363177933764, 1.054898779240696], [-78.65352429690228, 1.05463736131683], [-78.65284767773525, 1.054297951224591], [-78.65246304946763, 1.054399264810503], [-78.65215384089838, 1.054644365883634], [-78.65092390193962, 1.056009591233654], [-78.65032405106744, 1.056052705704381], [-78.64960186356373, 1.055166543776194], [-78.6492334019605, 1.054309759142513], [-78.64951095850657, 1.053279181743154], [-78.6494775620399, 1.053024148567227], [-78.64895506453867, 1.052189937114578], [-78.64843243758986, 1.05176847505416], [-78.64819018336678, 1.051710618481673], [-78.64707883674279, 1.051941640978361], [-78.64647918701696, 1.05183958043585], [-78.6450253443919, 1.051079873126365], [-78.64454597624308, 1.050938762622002], [-78.64338535628863, 1.050894129429323], [-78.64281402531533, 1.050274393593119], [-78.6426139740525, 1.050346829477775], [-78.64221395819187, 1.050852741931428], [-78.64195670356261, 1.050919981616438], [-78.64118055549075, 1.05014280195592], [-78.64029716837418, 1.049620276447601], [-78.63959702745547, 1.049401167815404], [-78.63887738955759, 1.049553931747665], [-78.63862145072235, 1.049903115922434], [-78.63858359799364, 1.050679946372784], [-78.63878164357392, 1.051723442534169], [-78.63867384650833, 1.051882998935039], [-78.63745942288656, 1.051141644090605], [-78.63705390916485, 1.051435391479241], [-78.6369359522143, 1.051968815387208], [-78.63666042409092, 1.052094074082859], [-78.63624376617662, 1.052040874933432], [-78.63413820423663, 1.050108425483834], [-78.6327085768826, 1.04929432154833], [-78.63162912217214, 1.048930562527608], [-78.63122915684725, 1.049133465764184], [-78.63095195985998, 1.049568777704316], [-78.63115139596312, 1.05019319803908], [-78.63070521579992, 1.050468743087466], [-78.6304602421392, 1.050329890096286], [-78.63050595492045, 1.049612007852866], [-78.63038316243063, 1.049292548630716], [-78.6300756828692, 1.049155817656808], [-78.62923772415317, 1.049377821060913], [-78.6290143585912, 1.049285718954313], [-78.62864278375582, 1.048756715656531], [-78.62889228760453, 1.048008074640862], [-78.62890893741793, 1.047363390884273], [-78.62862269201338, 1.046576375717235], [-78.62829748185766, 1.04613364523592], [-78.62794581470258, 1.046241489771053], [-78.62751599149684, 1.046144801625796], [-78.6273620101161, 1.045980165837868], [-78.6272412825039, 1.045302745724897], [-78.62753207360214, 1.044818902743954], [-78.6286041002704, 1.044785096539265], [-78.62884478897566, 1.044049826562037], [-78.62890717843428, 1.043604950222394], [-78.62865158785787, 1.042293759119268], [-78.62902368210176, 1.041289211379969], [-78.62915883467599, 1.040452799126181], [-78.62900411542107, 1.039591580096558], [-78.62852079440981, 1.038858654463142], [-78.62620024217154, 1.036571901762188], [-78.62520163169255, 1.035104855920777], [-78.62453881254957, 1.033016149838811], [-78.62255626236983, 1.031004735190269], [-78.62043947877335, 1.029207278089239], [-78.61994434456571, 1.028541784620792], [-78.61952172410594, 1.027213303836586], [-78.61913219670214, 1.026550873580989], [-78.61918374196897, 1.025460938086624], [-78.61863796603139, 1.024904875880345], [-78.61823059360162, 1.024815803715425], [-78.61725704950092, 1.024914598509365], [-78.61593196780883, 1.023619976101993], [-78.61427482431566, 1.022892961989906], [-78.61328477868554, 1.022237136144526], [-78.6124924157516, 1.021912029109661], [-78.61162684295857, 1.021128842193731], [-78.61092471079625, 1.019982485865707], [-78.61041716297808, 1.019470206890218], [-78.60937509897835, 1.018970726275548], [-78.60836082829161, 1.01829075091119], [-78.60698845401876, 1.018302289948064], [-78.60645490253737, 1.017494587267511], [-78.60584485621906, 1.017031769198318], [-78.6258172233597, 0.999141240670643], [-78.62553617993385, 0.997959215767141], [-78.62564330003126, 0.997354553016504], [-78.62594916858848, 0.996855796292637], [-78.62585921675135, 0.995180535907183], [-78.62469331358615, 0.993280047013269], [-78.62605623658321, 0.984972762030675], [-78.6272488307266, 0.985669121424357], [-78.62869182624377, 0.986085241785611], [-78.62997158517916, 0.98634161767595], [-78.6333848715399, 0.986563135728027], [-78.6340231971015, 0.986889923424376], [-78.63481432798783, 0.987774856376115], [-78.63550315695622, 0.988098232309646], [-78.63816968765111, 0.987580168381437], [-78.63916709557881, 0.987663579468484], [-78.64161704634236, 0.989102856059824], [-78.64300518944252, 0.990140908373071], [-78.6462965618473, 0.991723353958845], [-78.64791523206276, 0.992220892547674], [-78.65082619838704, 0.992453053148553], [-78.65323641599144, 0.994006549038835], [-78.65344410743734, 0.996267211197043], [-78.65374656923933, 0.997340314035922], [-78.65613081741147, 1.000819546223618], [-78.65664708211837, 1.001272070440224], [-78.6578753970393, 1.001772965375678], [-78.65863851055536, 1.00226812464165], [-78.66013521919935, 1.003796205380121], [-78.66087891652118, 1.004303589070786], [-78.6613207778822, 1.004463395884349], [-78.6631217743987, 1.00458264893138], [-78.6639855538271, 1.006171402563652], [-78.66518195169539, 1.006484861559773], [-78.66588462361418, 1.006951360885914], [-78.66620000779362, 1.007525585256619], [-78.66633123735271, 1.00888057546554], [-78.667385078881, 1.010507739893569], [-78.66779898118493, 1.012896623783542], [-78.66792460400356, 1.013089202656992], [-78.66871549331239, 1.013313054036106], [-78.67065859295674, 1.013039376191769], [-78.6713730035069, 1.013165382443952], [-78.67273365137973, 1.014527644425756], [-78.67380620828224, 1.015866417659339], [-78.67426119851517, 1.017396700688314], [-78.67587037107904, 1.021232002563646], [-78.67607167012562, 1.022419127094728], [-78.67621224058948, 1.025193700334312], [-78.67644909707752, 1.026246259003063], [-78.67702455602142, 1.027639294310766], [-78.67786105349096, 1.028671227940856], [-78.67937372173432, 1.029602387028614], [-78.6814838008627, 1.030076808446508], [-78.68889968372197, 1.030006398386028], [-78.6891992409768, 1.030062909377583], [-78.69001616605863, 1.030733212306461], [-78.69045295624329, 1.031326699994478], [-78.69228668124197, 1.036889002853026], [-78.6938346375304, 1.040392179734803], [-78.69417784084594, 1.041778322514608], [-78.69461408521984, 1.042463929287926], [-78.69650397789685, 1.04423029576594], [-78.69827143349319, 1.045509492573851], [-78.6997908041432, 1.045952342844773], [-78.70094283260408, 1.046551149869769], [-78.70167261506303, 1.04822267827104], [-78.70315400618703, 1.050701628680104], [-78.7037313992669, 1.051336869286354], [-78.70467010543202, 1.051920174782543], [-78.7056249910499, 1.052242581572134], [-78.70677680581406, 1.052424960186196], [-78.70737796455123, 1.052631160064398], [-78.70777916642565, 1.052923598209571], [-78.70888105167104, 1.055065867595787], [-78.70972062862843, 1.056194386146286], [-78.71219684083677, 1.060877455396325], [-78.71412464356445, 1.062688180837425], [-78.71553866794885, 1.062950915604402], [-78.71605299810507, 1.063403313031579], [-78.71621720513089, 1.063749934266793], [-78.71637376881796, 1.06501829725865], [-78.7163747648797, 1.066112876744083], [-78.71669633707813, 1.066988827087908], [-78.71720905803541, 1.067735467996571], [-78.71836456629593, 1.068701410356987], [-78.7194417511516, 1.069380190644798], [-78.72185228722928, 1.070120830450141], [-78.72285931835424, 1.070639802292671], [-78.72372043956493, 1.071732761457238], [-78.7264220502937, 1.07792693383823], [-78.72963067045553, 1.082588647962877], [-78.73155727907464, 1.097978157144043], [-78.73117779970009, 1.097962288298703], [-78.73069360079286, 1.09818268124391], [-78.72825804211008, 1.099483093821096], [-78.72751291849467, 1.100076014977092], [-78.72568185857703, 1.102401503083407], [-78.72409333980366, 1.104087626534947], [-78.72346960713546, 1.104662859712771], [-78.72253138937926, 1.105183275318057], [-78.7225314617042, 1.10716544721661], [-78.70640812581148, 1.116790191820833], [-78.70428669050199, 1.116239734403097]]]}, "properties": {"PROVINCIA": "ESMERALDAS", "CANTON": "SAN LORENZO", "PARROQUIA": "SANTA RITA", "NUM_SECTORES": 1, "CASOS": 10, "CIRCUNSCRIPCION": "CIRCUNSCRIPCIÓN RURAL", "TIPOLOGIAS": "B", "ETIQUETA": "SANTA RITA\n1 sectores (10 casos)"}}, {"type": "Feature", "geometry": {"type": "Polygon", "coordinates": [[[-78.86000779685406, 1.276092411180509], [-78.84430138890981, 1.276092500256158], [-78.8441298317045, 1.275246912405726], [-78.84358710312767, 1.275010271281987], [-78.84348644984055, 1.275604841192183], [-78.84320287588336, 1.275961763227771], [-78.84306130077424, 1.276629012770012], [-78.84267392981081, 1.277120095695299], [-78.84244376292303, 1.277223019847263], [-78.84203976494494, 1.276779891753874], [-78.84232166148422, 1.276099407955484], [-78.84187589836122, 1.275772410336671], [-78.84184699416481, 1.274939401444364], [-78.84153499941573, 1.274873087753365], [-78.8412226793309, 1.274990318509186], [-78.84093481122929, 1.275509817117376], [-78.84062338018029, 1.275659606126856], [-78.8404816865338, 1.275388626562764], [-78.84077050311467, 1.274542563197773], [-78.84063381130602, 1.274178223522643], [-78.840129288737, 1.274572331169369], [-78.8389018171203, 1.27460449586564], [-78.83866319881702, 1.274304236580734], [-78.83868603644429, 1.273924465609237], [-78.83840006780281, 1.273571244374886], [-78.83836644855218, 1.273200931292803], [-78.83802066366788, 1.27287992271528], [-78.83821338260545, 1.272277152184798], [-78.83798314806882, 1.272042166785736], [-78.83830402665272, 1.271830859361609], [-78.83827067437322, 1.271600168052837], [-78.83808118625034, 1.271499007266462], [-78.8373982176947, 1.271717589089317], [-78.8375535381151, 1.271307244776289], [-78.83743905616595, 1.271197051329454], [-78.83715538090604, 1.271239801065354], [-78.83718621652217, 1.271013696196833], [-78.83703063225379, 1.27069005947187], [-78.83655468675576, 1.270370129808178], [-78.83582084008292, 1.270573120273581], [-78.83576230782514, 1.269741670984499], [-78.83532683210882, 1.269838951510115], [-78.83520715758155, 1.269244082428152], [-78.8355025072673, 1.268698479045439], [-78.83500964979415, 1.268106721317134], [-78.8350605391279, 1.267644148653267], [-78.83491248650265, 1.267294726512098], [-78.83515480188653, 1.26663221179221], [-78.8350788690041, 1.266356800292784], [-78.83474751176726, 1.266210781672222], [-78.8348966109189, 1.265966220324203], [-78.83467040543736, 1.265581820836472], [-78.8347115972911, 1.265260197436518], [-78.83393663777235, 1.265205910860904], [-78.83336613775447, 1.264624064001905], [-78.83297349894158, 1.264614686906673], [-78.83238408057198, 1.264948521362111], [-78.83151945895766, 1.264587765059497], [-78.83167282672417, 1.265160405231302], [-78.83154182657877, 1.265347574207131], [-78.83092561764255, 1.265344769131233], [-78.83044020524201, 1.265529718359754], [-78.83023649832822, 1.265742960830524], [-78.83001741905377, 1.265696716397994], [-78.8298454250611, 1.265900812736809], [-78.82970576254337, 1.265779763370239], [-78.8295789619415, 1.26618569792301], [-78.8294107579133, 1.265958668809791], [-78.8291463914966, 1.266119206591492], [-78.81969828086324, 1.238087131909506], [-78.82287388594497, 1.223494593696473], [-78.82917583352894, 1.178846666425063], [-78.82544308721948, 1.176656210133467], [-78.81545281744351, 1.156675540197901], [-78.8653301719489, 1.147082963868918], [-78.86612369692998, 1.146797684404562], [-78.87031518659487, 1.14436645023648], [-78.87155702345063, 1.143464996238035], [-78.87244727736102, 1.143438989734397], [-78.87306710256087, 1.143253297834137], [-78.87550484107486, 1.141499167728228], [-78.87572330820899, 1.141230631018645], [-78.87651787482287, 1.1411194746486], [-78.87681987895166, 1.140726323897271], [-78.87716516700307, 1.140715369509647], [-78.87797094566159, 1.140258762686338], [-78.87811972817957, 1.139474472702612], [-78.8784158514913, 1.139261233365063], [-78.8786673988305, 1.138589128062908], [-78.87857143546402, 1.137650235357409], [-78.87868209965751, 1.137278459268393], [-78.87918000875092, 1.136759510123004], [-78.87911513005112, 1.136426480515864], [-78.8795456438302, 1.135822224015469], [-78.88020358223062, 1.135720907771805], [-78.88077737394367, 1.13547243123885], [-78.88106776020493, 1.134625498705047], [-78.88108999494311, 1.133756526852385], [-78.88131558092365, 1.133886665491494], [-78.88242046390388, 1.13393060531307], [-78.88278243859916, 1.13407191250801], [-78.88324746605129, 1.133807532490841], [-78.88441901882895, 1.134690080298965], [-78.88536421664753, 1.134832449836672], [-78.88592886789603, 1.134679619044777], [-78.88676189111577, 1.13368878609357], [-78.88765307976766, 1.13287637529255], [-78.8878448587877, 1.13237220378437], [-78.88885070706861, 1.131372543721672], [-78.88993908620029, 1.130892896456364], [-78.890599743085, 1.130264661076584], [-78.8915212246674, 1.130290649937983], [-78.89224233239044, 1.129289149568035], [-78.89275662502114, 1.128967299357839], [-78.89331373252523, 1.128938050938048], [-78.89432124903293, 1.129487401694267], [-78.89498019696781, 1.129611293844441], [-78.8957276547152, 1.128940262953973], [-78.89616751361606, 1.12882711707897], [-78.89638203461455, 1.128172151974174], [-78.89700559969916, 1.12753583773177], [-78.89789658051338, 1.12738604082373], [-78.8980700328759, 1.127257511270226], [-78.89811379098502, 1.126611914184167], [-78.89840780824457, 1.126328325812181], [-78.89858989625063, 1.126307482526431], [-78.89861942460266, 1.125462788558875], [-78.89890596717451, 1.125080284114536], [-78.90003704172982, 1.124670906293548], [-78.90052512534746, 1.124102885820777], [-78.90134823161665, 1.123644188995223], [-78.90346077660867, 1.122663976316877], [-78.90453040469129, 1.122442278043616], [-78.90696559629697, 1.120931233827694], [-78.90783943748345, 1.121187692677509], [-78.90827426087472, 1.120923130463547], [-78.90873823506544, 1.120498888547274], [-78.90961625389838, 1.119124711219451], [-78.91024263833891, 1.117799897710115], [-78.91057885313946, 1.116525596669107], [-78.91125871318859, 1.115281467070933], [-78.91283118839426, 1.114119524972518], [-78.91349728703801, 1.113918380230777], [-78.9164945815733, 1.113619622258073], [-78.91757337905692, 1.113357831381104], [-78.91851675421475, 1.112921266091707], [-78.91876699197398, 1.112683387099946], [-78.91898921618137, 1.111790266778566], [-78.92022142464394, 1.110515777440743], [-78.92055388117159, 1.109979774268455], [-78.92072418970666, 1.109206864792683], [-78.92063098224939, 1.10813350772228], [-78.92080428664453, 1.107571442939088], [-78.92282455744466, 1.105341295773604], [-78.92390765359511, 1.104450495193549], [-78.924720452874, 1.103969527449316], [-78.92600798956558, 1.103611809901798], [-78.92625239068727, 1.103145745057191], [-78.9265160207918, 1.103397826653187], [-78.92744918471712, 1.103593026290772], [-78.92766910651851, 1.10347117870987], [-78.92801006315601, 1.103599400572191], [-78.92895252614747, 1.103408686230158], [-78.92891602029174, 1.103028349561827], [-78.92905713222929, 1.102875615512862], [-78.92949235717036, 1.103020381074221], [-78.92983571340227, 1.10297202799505], [-78.93038631614492, 1.102516254305761], [-78.93039596525402, 1.102309336360771], [-78.93007916065373, 1.101965834820446], [-78.93005838414568, 1.101766789624502], [-78.93087648706532, 1.100978894953779], [-78.93108363350119, 1.101116829819847], [-78.93140724699448, 1.10171850183386], [-78.93320322137319, 1.101781714469001], [-78.93380933576294, 1.102363920515932], [-78.9339858966169, 1.102741054260299], [-78.9342773808746, 1.101893462674965], [-78.93414951204515, 1.101056271418544], [-78.93443769119197, 1.100865574864942], [-78.93525289935167, 1.101038830813278], [-78.9358998495594, 1.100785737308823], [-78.93703477951186, 1.101349175016842], [-78.93753028258159, 1.101385402833536], [-78.93792986802156, 1.10093355494611], [-78.93806941428703, 1.100187283799679], [-78.93833328955859, 1.100086994965945], [-78.93855780779822, 1.100194800648052], [-78.9391415181892, 1.101565940635121], [-78.93930906893428, 1.101569645829911], [-78.93958380683361, 1.101225359028683], [-78.93980717561331, 1.100238011284541], [-78.94006462259956, 1.099761491570229], [-78.94035165816463, 1.099727451227885], [-78.94163601815609, 1.100210575779397], [-78.9419640634912, 1.100110330969268], [-78.94205794615665, 1.098366473642078], [-78.94257487979944, 1.097570481522927], [-78.94274576412832, 1.097503223263503], [-78.94428147262106, 1.098091690470687], [-78.94544119051503, 1.09822887324799], [-78.95751806474473, 1.098251111054344], [-78.95808563834636, 1.096050212436736], [-78.95837263828692, 1.095409469056844], [-78.95934175741627, 1.094480152164651], [-78.95971614168481, 1.094390699654939], [-78.96133244926955, 1.095185072962025], [-78.9613609643204, 1.096103544532032], [-78.96112282182963, 1.097651328116884], [-78.96118745488803, 1.098721900042986], [-78.96168597081223, 1.099583449249802], [-78.96266635548602, 1.099572162031708], [-78.96323091951314, 1.099417053670305], [-78.96614327088281, 1.098049491524205], [-78.96775475124416, 1.096782781684181], [-78.96951029533392, 1.095039945637731], [-78.97024721354344, 1.093831548632475], [-78.97051098440113, 1.092827159930083], [-78.97082859153359, 1.092350121050665], [-78.97147760487638, 1.092081433363413], [-78.97281796714937, 1.09220793686427], [-78.97383000932004, 1.092840180874859], [-78.97406857730648, 1.093270949592932], [-78.97431369940753, 1.09455934778542], [-78.97441257512642, 1.095966063614774], [-78.9745941988657, 1.096253258802724], [-78.97526060856018, 1.096626904536124], [-78.97603408224671, 1.096831970335026], [-78.97631932127726, 1.096778338068283], [-78.97696212029882, 1.095149644291414], [-78.97733315083062, 1.09475158456536], [-78.97785025374404, 1.094493570745614], [-78.97892679550789, 1.094641426583145], [-78.9824922284924, 1.095928271939881], [-78.98228435078937, 1.096983955495117], [-78.98199158422146, 1.097629669471266], [-78.98074778909798, 1.098315858656889], [-78.98009390061353, 1.099235984112034], [-78.97813779161254, 1.102894816835498], [-78.97769488261359, 1.10414327611594], [-78.97746558403857, 1.105822488697609], [-78.97745039911406, 1.107186068760134], [-78.97767787142675, 1.10820532937366], [-78.97851801512354, 1.109985752420649], [-78.97909837333164, 1.111867237050614], [-78.9786786681536, 1.116346752132909], [-78.97878409001042, 1.117057315331853], [-78.97925806700164, 1.118307556978142], [-78.97982856951049, 1.119221879547639], [-78.983937645213, 1.122453104519766], [-78.98521067544735, 1.124286040867169], [-78.98536680700472, 1.125098991236101], [-78.98532139877196, 1.126165000361486], [-78.98505438340645, 1.127360951746118], [-78.9839878976846, 1.129848172663588], [-78.98232878076126, 1.132260232864691], [-78.98116190720049, 1.133377186386162], [-78.97706247077979, 1.136206745964305], [-78.97518905666196, 1.137009224261431], [-78.97339231181084, 1.13693140255842], [-78.97258440811365, 1.13667246741076], [-78.97200472414588, 1.136337142207195], [-78.97075998072332, 1.135398498442911], [-78.96960092085344, 1.134287674326459], [-78.96804309550424, 1.132430187528429], [-78.96753951408128, 1.132027934147848], [-78.96703577288677, 1.131855337087443], [-78.96517253985469, 1.131710487030808], [-78.96426931393556, 1.131824676399291], [-78.96230116881449, 1.132167767745708], [-78.96008566141454, 1.13277861142475], [-78.95887768549176, 1.133658098186078], [-78.95813562850459, 1.134413517632635], [-78.95749797005165, 1.135417802554364], [-78.95597294536692, 1.141014539743839], [-78.95549656509446, 1.142487812545961], [-78.95409943253209, 1.145906721508633], [-78.95370173740505, 1.147474852702201], [-78.95363453155021, 1.14811453102184], [-78.95377150619146, 1.149475305545552], [-78.95424963253569, 1.151687670274155], [-78.95462477336935, 1.1522181191823], [-78.95495735751544, 1.152433660728806], [-78.95640674967837, 1.152990901580886], [-78.95999512048962, 1.15363341628415], [-78.96060058512985, 1.154471136181748], [-78.96098663473195, 1.154704658887651], [-78.96350540219393, 1.155477974975281], [-78.96581655631881, 1.15576671104267], [-78.96823491363328, 1.155708647628119], [-78.96920323312536, 1.15598445423327], [-78.97040838869442, 1.157438615365488], [-78.97089486514436, 1.1584975374948], [-78.97114917058262, 1.160172298533066], [-78.97105348356901, 1.161039421880031], [-78.97084493699609, 1.16160881955404], [-78.97020543611553, 1.162580278477725], [-78.96778237693322, 1.165373007049953], [-78.96554679838079, 1.167392829976901], [-78.96483337575226, 1.16795448754674], [-78.9628895994505, 1.169065462051584], [-78.96021501878026, 1.170122072556782], [-78.95916907899168, 1.170372491374118], [-78.95702987929238, 1.170580243835871], [-78.95566945887184, 1.170232371833618], [-78.95499826639521, 1.16991490848129], [-78.95451134287966, 1.169495911758594], [-78.9540779299241, 1.169029108787544], [-78.9530511967048, 1.167377718646647], [-78.95258810549147, 1.166869031805255], [-78.95186356895961, 1.166372113676198], [-78.9500454137336, 1.166334898084769], [-78.94894013338602, 1.166489581191742], [-78.94805575698079, 1.166823843292959], [-78.94692383773508, 1.167662679851086], [-78.94587713759266, 1.16897164856049], [-78.94528223107928, 1.169975940456456], [-78.94516774352573, 1.1723567115504], [-78.94593785906872, 1.175333492525867], [-78.94681822079362, 1.177245525786142], [-78.94762054700593, 1.178614468791327], [-78.9485989648374, 1.179691694041546], [-78.94901506574011, 1.179982045192778], [-78.95121925279692, 1.181197450040685], [-78.95444017982207, 1.182710806959978], [-78.95718499609829, 1.184408077665939], [-78.95741286101499, 1.18481281647616], [-78.95776933608963, 1.186435424438474], [-78.95740070017321, 1.188429863690917], [-78.95668701786238, 1.189328811117789], [-78.9555158139827, 1.19003531356451], [-78.95311616604043, 1.190743746282771], [-78.94469403301198, 1.191953575175829], [-78.94008002421877, 1.192834565983833], [-78.93707697564238, 1.193790465479708], [-78.93637110157893, 1.194251893889153], [-78.93542825497975, 1.195263316836664], [-78.93520719428555, 1.197105771654035], [-78.93565878377633, 1.198558424394503], [-78.93630584935357, 1.19943546187537], [-78.94113373455144, 1.203670016670035], [-78.94413376449549, 1.206767917003207], [-78.94815903103064, 1.20982975445921], [-78.95028213463284, 1.210531572586236], [-78.95147473561546, 1.210763632919398], [-78.953292838891, 1.210908548691475], [-78.95764224111265, 1.21098361820417], [-78.9594602722225, 1.211236181400508], [-78.96049391998285, 1.211559917501401], [-78.96152732791629, 1.212206604573703], [-78.96223979328256, 1.212960699842035], [-78.96268105308732, 1.214054287984421], [-78.96288949185094, 1.215011342898256], [-78.96285073136679, 1.21598734752457], [-78.96214608805911, 1.21747956930792], [-78.96045214578078, 1.219717413663859], [-78.95946277622166, 1.22055872623623], [-78.9575797140687, 1.221437628204154], [-78.95674290550005, 1.221685779667896], [-78.95389073385665, 1.221760145902211], [-78.95198909580701, 1.222064892487608], [-78.94976382897025, 1.222886106937564], [-78.94905996140722, 1.223344871784784], [-78.94789875283735, 1.225123788277426], [-78.94765510066453, 1.229843446271985], [-78.94740405918805, 1.231780947648247], [-78.94708248253448, 1.232713662738143], [-78.94626192364306, 1.233466573450651], [-78.9450135196186, 1.234255033922014], [-78.94180013491426, 1.235813448668021], [-78.93762991130725, 1.237628265586922], [-78.93525201694015, 1.239109566267895], [-78.93391951761258, 1.241070121962117], [-78.93320519318296, 1.242744097009844], [-78.93296651325132, 1.244035693641562], [-78.93276489112539, 1.246569348148354], [-78.93274231763203, 1.251124068616874], [-78.93251209344967, 1.253745731864039], [-78.93230187178689, 1.25510433066026], [-78.93146273865119, 1.258299631795473], [-78.93011115527244, 1.260307993140043], [-78.92938801607737, 1.261072914787325], [-78.9285320203065, 1.261531529234957], [-78.92712448058366, 1.262161938396984], [-78.92604052947061, 1.262352443040797], [-78.9238539327203, 1.262331548611556], [-78.92273222941797, 1.26217754694861], [-78.92200992602297, 1.261889905182844], [-78.92168696202583, 1.261545171596478], [-78.91963544926936, 1.25860001824077], [-78.91804029625425, 1.254994914517373], [-78.91706163856414, 1.249546643798142], [-78.91656861940073, 1.247505105438607], [-78.91574104064337, 1.246213786274063], [-78.91408264666676, 1.24453959537975], [-78.91199485742467, 1.243705711474183], [-78.9078572028204, 1.244070930329006], [-78.90305969447263, 1.24546745960651], [-78.90013010407445, 1.246091588626752], [-78.89591713856402, 1.249110027334944], [-78.89419403750063, 1.251946200338017], [-78.89378943187366, 1.254267514116598], [-78.89323389966039, 1.262153270554248], [-78.89321660229473, 1.264650203698092], [-78.89244545682341, 1.269121677306629], [-78.89171691577384, 1.270685533247606], [-78.89198711569212, 1.271604333945692], [-78.89197226121051, 1.272336314489445], [-78.89152947007886, 1.273225823094423], [-78.89092995579779, 1.273942968897571], [-78.89000254838912, 1.274545020675707], [-78.88867599416722, 1.274974509038755], [-78.88687779688509, 1.27472806562113], [-78.88486857108481, 1.274899599206103], [-78.88011997556436, 1.274838256770555], [-78.87778101530037, 1.27519513274985], [-78.87699631977794, 1.275668118800042], [-78.87628272364397, 1.276385158622802], [-78.87566173372433, 1.277513525094148], [-78.87561071689746, 1.27855184858771], [-78.875871424673, 1.279437145078776], [-78.87632234633386, 1.280226916659722], [-78.87701117397917, 1.28072983369849], [-78.8830515700472, 1.282165350023225], [-78.88414919629834, 1.282668608608298], [-78.88533204207988, 1.283588168492984], [-78.88641478503247, 1.284852110033768], [-78.88696983807915, 1.286187377576974], [-78.88718260778852, 1.287565418542667], [-78.88690947305608, 1.290220448341049], [-78.8862901249182, 1.291915945926219], [-78.88501152505653, 1.293260442560895], [-78.8791845189973, 1.298129475193615], [-78.87593104082752, 1.302102014143137], [-78.86000779685406, 1.276092411180509]]]}, "properties": {"PROVINCIA": "ESMERALDAS", "CANTON": "SAN LORENZO", "PARROQUIA": "TAMBILLO", "NUM_SECTORES": 1, "CASOS": 10, "CIRCUNSCRIPCION": "CIRCUNSCRIPCIÓN RURAL", "TIPOLOGIAS": "E", "ETIQUETA": "TAMBILLO\n1 sectores (10 casos)"}}, {"type": "Feature", "geometry": {"type": "Polygon", "coordinates": [[[-78.73340707625374, 1.25001942126259], [-78.72792812174761, 1.243901987240968], [-78.7125322434593, 1.239404564502987], [-78.69017170121015, 1.236553011044263], [-78.67091039571858, 1.230902490549897], [-78.65985467440811, 1.230085501313468], [-78.63370483078766, 1.223714736357919], [-78.61550710156345, 1.214780696678687], [-78.61395912782052, 1.212898276640999], [-78.6121042333091, 1.211016001707848], [-78.61134421945742, 1.210594393056693], [-78.61002040362315, 1.210473392714409], [-78.60949723642128, 1.210774557148513], [-78.60910983629607, 1.211422296675836], [-78.608865603879, 1.211362231940422], [-78.60839789564538, 1.210784508514892], [-78.60768207201826, 1.210274845530553], [-78.60726386252671, 1.210274474052051], [-78.60613916089935, 1.210688754250333], [-78.6049968604161, 1.210803919058657], [-78.60397831670744, 1.210394573061413], [-78.60195040757468, 1.207915523461567], [-78.60140430785614, 1.207779245266059], [-78.59997981303191, 1.20771779175629], [-78.5990809251843, 1.20743120451162], [-78.59821276460553, 1.207066209042024], [-78.59656930091587, 1.205959154960438], [-78.59607126660977, 1.205947232229678], [-78.59536507634085, 1.20621652908026], [-78.59489632969371, 1.206129864796621], [-78.59229214985446, 1.204661902118841], [-78.59022300530597, 1.202324113673936], [-78.58842323363471, 1.20008728030912], [-78.58782354444062, 1.199159258882588], [-78.58773974932288, 1.198120058675682], [-78.58786881776987, 1.196164756828104], [-78.5876920767942, 1.194968069374608], [-78.58729397042998, 1.194329310660063], [-78.58458383949677, 1.192145015263616], [-78.58268358550653, 1.191032781934527], [-78.58034876500643, 1.189060851572157], [-78.57980707192353, 1.188988625108431], [-78.57873767958068, 1.189145527954103], [-78.57801062528313, 1.189101836754478], [-78.57738116617396, 1.188580308777315], [-78.57726254257291, 1.187470476900762], [-78.57748925370568, 1.186728070814217], [-78.57886657159851, 1.184300555676517], [-78.57924076826038, 1.183082403282203], [-78.57915580058526, 1.182422242671274], [-78.57868575290348, 1.181933940854879], [-78.575557431019, 1.180202967242206], [-78.57503796396988, 1.179720891244748], [-78.57466997264017, 1.178069730615201], [-78.5738434993094, 1.176146785282999], [-78.57354442132086, 1.17578778355636], [-78.57281357484264, 1.175335905975877], [-78.57114980501832, 1.173414866456674], [-78.56990417774293, 1.172265707648965], [-78.56873180946081, 1.170695113794152], [-78.56830368274008, 1.169206305242967], [-78.56828049860042, 1.168536639193203], [-78.56861738314154, 1.167293311396088], [-78.56960791307635, 1.166423183223391], [-78.57123384437357, 1.165626050963318], [-78.57156247313472, 1.165071677109241], [-78.57176032299837, 1.163616588280681], [-78.57161827563557, 1.162940106100728], [-78.57067008097127, 1.161223054608108], [-78.57031326106872, 1.159357301696304], [-78.56965620405485, 1.157488657539243], [-78.56946261659476, 1.155333780387224], [-78.5697972335523, 1.151777209544713], [-78.56971974869606, 1.151372406850594], [-78.56863944214544, 1.149389075297566], [-78.56858227262366, 1.149027461128136], [-78.56915605764058, 1.147604787356176], [-78.56941648244819, 1.145966931957239], [-78.56925174178164, 1.144086995231518], [-78.56868232015394, 1.143096388830764], [-78.56789523173796, 1.142366646292102], [-78.5672286140695, 1.142391122598605], [-78.56520775727495, 1.142931139703014], [-78.56439437442914, 1.143411960225617], [-78.56417359007379, 1.143392321354554], [-78.56403205439011, 1.143115325179081], [-78.56415877813384, 1.142323477597315], [-78.56557243215111, 1.139017550812481], [-78.5657666804336, 1.137945648549864], [-78.56575420844499, 1.137354595167843], [-78.56516143188867, 1.135037018652887], [-78.56335539905987, 1.129726761922286], [-78.56362817820951, 1.127329464336539], [-78.56359727133436, 1.121619570778019], [-78.5640165218222, 1.118475494607787], [-78.56495120870292, 1.114747957762293], [-78.56514698556265, 1.112765566062167], [-78.56515560173688, 1.111863731494751], [-78.564764152883, 1.110282143046194], [-78.56437130800663, 1.109331965902137], [-78.56362063050456, 1.108142444248679], [-78.53720577995597, 1.10031991044257], [-78.52079334157959, 1.092995488794063], [-78.50655494637537, 1.085486679420784], [-78.50214299879835, 1.085486666957234], [-78.50165314546334, 1.084676621469027], [-78.50123996888244, 1.083649093120912], [-78.5011205558255, 1.081807125278881], [-78.50173621499546, 1.079903975503736], [-78.50187112589953, 1.078942567489557], [-78.50160976814344, 1.078271105654638], [-78.50073092312277, 1.077254628583204], [-78.5001002436956, 1.076195197161858], [-78.49985298782883, 1.075354295869348], [-78.50005285749086, 1.074761647521806], [-78.50064833194824, 1.074693226954352], [-78.50174582150935, 1.075249903012786], [-78.50268980849185, 1.075204360529116], [-78.50349336462321, 1.074960037192976], [-78.50387784938809, 1.074530850845096], [-78.50392260870858, 1.073309747624887], [-78.50422282351103, 1.072320959277646], [-78.50463610285495, 1.071934595264187], [-78.50536519908304, 1.071684085174552], [-78.50878997578, 1.071073996573972], [-78.51037664517894, 1.071401670399844], [-78.51154234057783, 1.071401683184988], [-78.51368792247696, 1.070618023834946], [-78.51587277054134, 1.069585487522298], [-78.51752674513315, 1.069028857616473], [-78.51907775732995, 1.068275413264527], [-78.51989569457014, 1.068248707960981], [-78.52155409366436, 1.068672500364768], [-78.52220612064013, 1.068656186372657], [-78.52267186465401, 1.068090697575366], [-78.52265919284733, 1.067517147161398], [-78.5222741450368, 1.067284113446633], [-78.52098610409577, 1.067077726455807], [-78.52081854631913, 1.066553460632627], [-78.52435244500053, 1.06266458514903], [-78.52481202345783, 1.061887640855613], [-78.52482980130439, 1.061349874266964], [-78.52392237636153, 1.060542189945722], [-78.52357779696953, 1.059941123457488], [-78.52351977038302, 1.05879357085035], [-78.52402407674266, 1.057980907935126], [-78.52568310633121, 1.05742790856037], [-78.52755480918584, 1.057522144980285], [-78.53008798237114, 1.056704498988141], [-78.53230189027563, 1.054750863868871], [-78.53594377075363, 1.053285574031392], [-78.53934663617804, 1.051650524209732], [-78.53995305725259, 1.051195095501264], [-78.54151068242419, 1.049543264257245], [-78.54222161909792, 1.048511965777647], [-78.54292025360363, 1.047813218779733], [-78.54409267708198, 1.045758524501684], [-78.5442310143657, 1.045295772801272], [-78.54402869439832, 1.044999363675802], [-78.54315859766545, 1.044831405168148], [-78.5425573731714, 1.043446975579979], [-78.54243260531784, 1.042767988259584], [-78.54235347085924, 1.040259530522935], [-78.54248190382549, 1.038554391636859], [-78.54309802220305, 1.037476054911028], [-78.54623280240837, 1.034906627734031], [-78.5465976252428, 1.034400272089725], [-78.54693893373364, 1.033563248775989], [-78.54740365635953, 1.031644695289785], [-78.54757860386391, 1.029949561136575], [-78.54751572185259, 1.029419020221567], [-78.54735572625975, 1.029176666100449], [-78.54657022995133, 1.028876085997221], [-78.54601242142249, 1.02890055442469], [-78.54476697933143, 1.029473959086568], [-78.54429920995435, 1.029510259102052], [-78.54281224994173, 1.028429714340682], [-78.54260114623166, 1.027932612888302], [-78.54272998427926, 1.027619895785388], [-78.54321457047715, 1.027461183492451], [-78.54519561807983, 1.02746659023893], [-78.60584485621906, 1.017031769198318], [-78.60645490253737, 1.017494587267511], [-78.60698845401876, 1.018302289948064], [-78.60836082829161, 1.01829075091119], [-78.60937509897835, 1.018970726275548], [-78.61041716297808, 1.019470206890218], [-78.61092471079625, 1.019982485865707], [-78.61162684295857, 1.021128842193731], [-78.6124924157516, 1.021912029109661], [-78.61328477868554, 1.022237136144526], [-78.61427482431566, 1.022892961989906], [-78.61593196780883, 1.023619976101993], [-78.61725704950092, 1.024914598509365], [-78.61823059360162, 1.024815803715425], [-78.61863796603139, 1.024904875880345], [-78.61918374196897, 1.025460938086624], [-78.61913219670214, 1.026550873580989], [-78.61952172410594, 1.027213303836586], [-78.61994434456571, 1.028541784620792], [-78.62043947877335, 1.029207278089239], [-78.62255626236983, 1.031004735190269], [-78.62453881254957, 1.033016149838811], [-78.62520163169255, 1.035104855920777], [-78.62620024217154, 1.036571901762188], [-78.62852079440981, 1.038858654463142], [-78.62900411542107, 1.039591580096558], [-78.62915883467599, 1.040452799126181], [-78.62902368210176, 1.041289211379969], [-78.62865158785787, 1.042293759119268], [-78.62890717843428, 1.043604950222394], [-78.62884478897566, 1.044049826562037], [-78.6286041002704, 1.044785096539265], [-78.62753207360214, 1.044818902743954], [-78.6272412825039, 1.045302745724897], [-78.6273620101161, 1.045980165837868], [-78.62751599149684, 1.046144801625796], [-78.62794581470258, 1.046241489771053], [-78.62829748185766, 1.04613364523592], [-78.62862269201338, 1.046576375717235], [-78.62890893741793, 1.047363390884273], [-78.62889228760453, 1.048008074640862], [-78.62864278375582, 1.048756715656531], [-78.6290143585912, 1.049285718954313], [-78.62923772415317, 1.049377821060913], [-78.6300756828692, 1.049155817656808], [-78.63038316243063, 1.049292548630716], [-78.63050595492045, 1.049612007852866], [-78.6304602421392, 1.050329890096286], [-78.63070521579992, 1.050468743087466], [-78.63115139596312, 1.05019319803908], [-78.63095195985998, 1.049568777704316], [-78.63122915684725, 1.049133465764184], [-78.63162912217214, 1.048930562527608], [-78.6327085768826, 1.04929432154833], [-78.63413820423663, 1.050108425483834], [-78.63624376617662, 1.052040874933432], [-78.63666042409092, 1.052094074082859], [-78.6369359522143, 1.051968815387208], [-78.63705390916485, 1.051435391479241], [-78.63745942288656, 1.051141644090605], [-78.63867384650833, 1.051882998935039], [-78.63878164357392, 1.051723442534169], [-78.63858359799364, 1.050679946372784], [-78.63862145072235, 1.049903115922434], [-78.63887738955759, 1.049553931747665], [-78.63959702745547, 1.049401167815404], [-78.64029716837418, 1.049620276447601], [-78.64118055549075, 1.05014280195592], [-78.64195670356261, 1.050919981616438], [-78.64221395819187, 1.050852741931428], [-78.6426139740525, 1.050346829477775], [-78.64281402531533, 1.050274393593119], [-78.64338535628863, 1.050894129429323], [-78.64454597624308, 1.050938762622002], [-78.6450253443919, 1.051079873126365], [-78.64647918701696, 1.05183958043585], [-78.64707883674279, 1.051941640978361], [-78.64819018336678, 1.051710618481673], [-78.64843243758986, 1.05176847505416], [-78.64895506453867, 1.052189937114578], [-78.6494775620399, 1.053024148567227], [-78.64951095850657, 1.053279181743154], [-78.6492334019605, 1.054309759142513], [-78.64960186356373, 1.055166543776194], [-78.65032405106744, 1.056052705704381], [-78.65092390193962, 1.056009591233654], [-78.65215384089838, 1.054644365883634], [-78.65246304946763, 1.054399264810503], [-78.65284767773525, 1.054297951224591], [-78.65352429690228, 1.05463736131683], [-78.65363177933764, 1.054898779240696], [-78.65332311989783, 1.055967935397227], [-78.65339811362325, 1.056200582601381], [-78.65380854467396, 1.056541147167117], [-78.65514760841768, 1.056962690213331], [-78.65535252844047, 1.05686892391537], [-78.65560472629704, 1.056362261641568], [-78.65582712585842, 1.056313435610147], [-78.65638159909052, 1.05678608908452], [-78.65761700478329, 1.056879593782824], [-78.65776760723439, 1.057003642145744], [-78.65791267426279, 1.057685434536686], [-78.65818020265276, 1.057934409852004], [-78.65908755967678, 1.05800768802358], [-78.66010612262679, 1.057809498093628], [-78.66031792946403, 1.057994159087172], [-78.66044069335754, 1.058357196090159], [-78.6603843101569, 1.05869541865858], [-78.65980936140933, 1.05941652990201], [-78.65913239121768, 1.059778958385312], [-78.65767097428464, 1.060114483427858], [-78.6573325318451, 1.060300171719604], [-78.65721190673959, 1.060796357935763], [-78.65743929290336, 1.061519795767369], [-78.65714937802072, 1.061900325667655], [-78.65665584791408, 1.062191116758694], [-78.65653172195418, 1.062564993127229], [-78.65658416662352, 1.063402106668338], [-78.65666865559776, 1.063664954490976], [-78.65684643701778, 1.063715079811105], [-78.65811444783631, 1.063567346351098], [-78.659936214367, 1.062820703291079], [-78.6600679073367, 1.062893121309737], [-78.66005998264879, 1.063160328587366], [-78.65969841926993, 1.063754412288571], [-78.65969732336139, 1.064016833668799], [-78.66125073508402, 1.065192909818422], [-78.66146577381097, 1.065497892901979], [-78.66174098409266, 1.067704875720638], [-78.66250126348851, 1.069529219100859], [-78.66309420507305, 1.071504579730134], [-78.66296130808588, 1.072900389863033], [-78.66311493956103, 1.073176309654205], [-78.65757780410594, 1.076172132384016], [-78.66164425034326, 1.08515902095044], [-78.70508773925492, 1.133525048042393], [-78.71863862849655, 1.159363504365957], [-78.72140417293353, 1.160736152497103], [-78.72232272915048, 1.161399211370808], [-78.72340697631803, 1.162907870022901], [-78.72430799721351, 1.165053784490485], [-78.72482476727933, 1.167605838562939], [-78.72505055638221, 1.170512139075395], [-78.72506289649856, 1.172433811098819], [-78.72515730915974, 1.173391964849405], [-78.72537878447906, 1.173916747090468], [-78.72579027910362, 1.174225491896795], [-78.72704913673452, 1.174758813842447], [-78.73046312409778, 1.174850308048087], [-78.7317042814985, 1.17526785571698], [-78.73408238612485, 1.177040062409798], [-78.73480591974645, 1.177873720735266], [-78.73539187488205, 1.178256021665296], [-78.73711612283367, 1.178326854645403], [-78.73773670590367, 1.17853562897602], [-78.7398039419464, 1.180932391126001], [-78.74138955245894, 1.181870892368904], [-78.74204420292992, 1.182600364804886], [-78.74259522582481, 1.183538019441642], [-78.74293803731526, 1.18607222279965], [-78.74397139011782, 1.18760036857606], [-78.74472952881378, 1.188295217591451], [-78.74523884347192, 1.188208475764095], [-78.74622155484313, 1.189465202338645], [-78.74625334396882, 1.190246937603811], [-78.74653194756758, 1.190588706981096], [-78.74560248795672, 1.191404455556966], [-78.74562824038766, 1.191657151231629], [-78.74725299002482, 1.191592586257968], [-78.7476821450165, 1.191691116641524], [-78.74777649637936, 1.191858529245798], [-78.74764836821835, 1.192140027331748], [-78.74692577737285, 1.19193593629939], [-78.74678292546942, 1.192540972166307], [-78.74640393251883, 1.193050529062159], [-78.74645363042664, 1.193786806876903], [-78.74598080633223, 1.194482243397185], [-78.74635014326289, 1.195461696288643], [-78.7460279218163, 1.196620839903094], [-78.74413973456234, 1.197677435016737], [-78.74336875087634, 1.198330313208068], [-78.74213058518286, 1.198160414781982], [-78.7410797479497, 1.198356438171334], [-78.7405824244676, 1.198914167066099], [-78.74025362296558, 1.200206009194019], [-78.7405982915688, 1.202341138918399], [-78.74137216450539, 1.203965404265224], [-78.74177716493531, 1.205363809950146], [-78.74226565450891, 1.206048290399768], [-78.74284291335215, 1.206478725006982], [-78.74360162357668, 1.207428943114731], [-78.74491654354505, 1.207651075187025], [-78.74531476290174, 1.208451558410183], [-78.74548487576115, 1.209323721086655], [-78.74756144642787, 1.210749023860495], [-78.74842994049537, 1.212648202190415], [-78.74836516553847, 1.212993937385692], [-78.7475424227219, 1.213118364935866], [-78.74745299086399, 1.213303434116222], [-78.74756242290823, 1.214889274678721], [-78.74691740991773, 1.216552679349848], [-78.74650953229794, 1.21894944512221], [-78.746535279365, 1.219202231791229], [-78.74723474745615, 1.220321279601038], [-78.74686196038644, 1.221774635346093], [-78.74688845796223, 1.222096309360308], [-78.74761157952085, 1.223284084554365], [-78.74766232173008, 1.223720590320396], [-78.74746385226015, 1.22422468714449], [-78.74602387882547, 1.225742137248707], [-78.74609312180826, 1.225858543714028], [-78.74681827761509, 1.22600732766628], [-78.74702632388534, 1.226188941516537], [-78.7472190817157, 1.227037802487171], [-78.74766285126448, 1.227814735485498], [-78.74799553264948, 1.228891981905242], [-78.7481539389659, 1.230753321939097], [-78.74794012709339, 1.23208983053103], [-78.74854095148565, 1.232589001852749], [-78.74856694671557, 1.232864751516083], [-78.74809116630654, 1.233307137543723], [-78.74777721354157, 1.233885807173287], [-78.74732149577056, 1.234074992490047], [-78.74698204722966, 1.234423836970721], [-78.74697061611883, 1.234666919191854], [-78.7475381540109, 1.235015543050643], [-78.74749702723658, 1.235430093375141], [-78.74611448991037, 1.236664893356901], [-78.74526340057992, 1.238330640859544], [-78.74422006048323, 1.239193630477858], [-78.74367949530208, 1.239981835380519], [-78.74382100794548, 1.240348266413146], [-78.74424754558612, 1.24353612352534], [-78.74417734376911, 1.244127835857417], [-78.74387521864475, 1.24452209082623], [-78.74302514880524, 1.244342995188422], [-78.74192479509423, 1.244542197194089], [-78.7417930328094, 1.244962905108843], [-78.74190020714805, 1.246098356832791], [-78.74148179689976, 1.246667799603777], [-78.74128519004384, 1.247187893349577], [-78.74124502095452, 1.248579778300236], [-78.7411158232695, 1.248730366659795], [-78.74093779170738, 1.248743772915417], [-78.73956690381968, 1.24778595343799], [-78.73871121874525, 1.248400668760297], [-78.73796943160178, 1.248480303130805], [-78.73734478446063, 1.248750334421611], [-78.73655759239053, 1.248570385470387], [-78.73597752574965, 1.248175369667773], [-78.7352181007334, 1.249449464614517], [-78.7345354503534, 1.249697657155418], [-78.73461042804732, 1.25013942442112], [-78.73451665577339, 1.250352509888721], [-78.73340707625374, 1.25001942126259]]]}, "properties": {"PROVINCIA": "ESMERALDAS", "CANTON": "SAN LORENZO", "PARROQUIA": "TULULBÍ", "NUM_SECTORES": 1, "CASOS": 10, "CIRCUNSCRIPCION": "CIRCUNSCRIPCIÓN RURAL", "TIPOLOGIAS": "D", "ETIQUETA": "TULULBÍ\n1 sectores (10 casos)"}}]}