{"type": "FeatureCollection", "features": [{"type": "Feature", "geometry": {"type": "Polygon", "coordinates": [[[-78.98375947753196, 1.25279632729226], [-78.98419037101324, 1.251786264230083], [-78.9842888906426, 1.251829831665455], [-78.98453435066965, 1.251438343150267], [-78.98577363434798, 1.252291988609589], [-78.9863929894704, 1.251390317921667], [-78.9860632991729, 1.251176978550094], [-78.9863577937013, 1.250713215705169], [-78.98803992484116, 1.251800091521629], [-78.98789897811895, 1.252189401508268], [-78.990990580493, 1.252621903972118], [-78.99264299104414, 1.25345356003756], [-78.99279155386702, 1.254952816213377], [-78.98240635164481, 1.26466033322213], [-78.97846887363481, 1.259901353916994], [-78.98375947753196, 1.25279632729226]]]}, "properties": {"NUM_MUESTRA": 1, "PROVINCIA": "ESMERALDAS", "CANTON": "ELOY ALFARO", "PARROQUIA": "VALDEZ", "CIRCUNSCRIPCION": "CIRCUNSCRIPCIÓN URBANA", "TIPOLOGIA": "B", "ETIQUETA": "1 | B", "COD_SECTOR": "080250001001", "POB_T": 441, "V_PRES": 149, "AREA_KM2": 1.191, "DENS_VIV": 125.1, "DENS_POB": 370.28}}, {"type": "Feature", "geometry": {"type": "Polygon", "coordinates": [[[-78.94701193336604, 1.232778396158525], [-78.94740405918805, 1.231780947648247], [-78.94765510066453, 1.229843446271985], [-78.94780331805815, 1.225602158527246], [-78.94789875283735, 1.225123788277426], [-78.94866028872201, 1.223842145408889], [-78.94905996140722, 1.223344871784784], [-78.94976382897025, 1.222886106937564], [-78.95198909580701, 1.222064892487608], [-78.95389073385665, 1.221760145902211], [-78.95674290550005, 1.221685779667896], [-78.9575797140687, 1.221437628204154], [-78.95946277622166, 1.22055872623623], [-78.96045214578078, 1.219717413663859], [-78.96214608805911, 1.21747956930792], [-78.96285073136679, 1.21598734752457], [-78.96288949185094, 1.215011342898256], [-78.96268105308732, 1.214054287984421], [-78.96223979328256, 1.212960699842035], [-78.96152732791629, 1.212206604573703], [-78.96049391998285, 1.211559917501401], [-78.9594602722225, 1.211236181400508], [-78.95764224111265, 1.21098361820417], [-78.953292838891, 1.210908548691475], [-78.95147473561546, 1.210763632919398], [-78.95028213463284, 1.210531572586236], [-78.94815903103064, 1.20982975445921], [-78.94413376449549, 1.206767917003207], [-78.94113373455144, 1.203670016670035], [-78.93630584935357, 1.19943546187537], [-78.93565878377633, 1.198558424394503], [-78.93520719428555, 1.197105771654035], [-78.93542825497975, 1.195263316836664], [-78.93637110157893, 1.194251893889153], [-78.93707697564238, 1.193790465479708], [-78.94008002421877, 1.192834565983833], [-78.94469403301198, 1.191953575175829], [-78.95311616604043, 1.190743746282771], [-78.9555158139827, 1.19003531356451], [-78.95668701786238, 1.189328811117789], [-78.95740070017321, 1.188429863690917], [-78.95776933608963, 1.186435424438474], [-78.95741286101499, 1.18481281647616], [-78.95718499609829, 1.184408077665939], [-78.95444017982207, 1.182710806959978], [-78.95121925279692, 1.181197450040685], [-78.94901506574011, 1.179982045192778], [-78.9485989648374, 1.179691694041546], [-78.94762054700593, 1.178614468791327], [-78.94681822079362, 1.177245525786142], [-78.94593785906872, 1.175333492525867], [-78.94516774352573, 1.1723567115504], [-78.94528223107928, 1.169975940456456], [-78.94587713759266, 1.16897164856049], [-78.94692383773508, 1.167662679851086], [-78.94805575698079, 1.166823843292959], [-78.94894013338602, 1.166489581191742], [-78.9500454137336, 1.166334898084769], [-78.95186356895961, 1.166372113676198], [-78.95258810549147, 1.166869031805255], [-78.9530511967048, 1.167377718646647], [-78.9540779299241, 1.169029108787544], [-78.95451134287966, 1.169495911758594], [-78.95499826639521, 1.16991490848129], [-78.95566945887184, 1.170232371833618], [-78.95702987929238, 1.170580243835871], [-78.95916907899168, 1.170372491374118], [-78.96021501878026, 1.170122072556782], [-78.9628895994505, 1.169065462051584], [-78.96483337575226, 1.16795448754674], [-78.96554679838079, 1.167392829976901], [-78.96778237693322, 1.165373007049953], [-78.97020543611553, 1.162580278477725], [-78.97084493699609, 1.16160881955404], [-78.97105348356901, 1.161039421880031], [-78.97114917058262, 1.160172298533066], [-78.97089486514436, 1.1584975374948], [-78.97001662779577, 1.15687615385967], [-78.96902505940291, 1.155870693421478], [-78.96823491363328, 1.155708647628119], [-78.96581655631881, 1.15576671104267], [-78.964545092147, 1.155652162602657], [-78.96161627155988, 1.154974240625106], [-78.96060058512985, 1.154471136181748], [-78.95999512048962, 1.15363341628415], [-78.95640674967837, 1.152990901580886], [-78.95495735751544, 1.152433660728806], [-78.95462477336935, 1.1522181191823], [-78.95424963253569, 1.151687670274155], [-78.95377150619146, 1.149475305545552], [-78.95363453155021, 1.14811453102184], [-78.95381453487745, 1.146879643273525], [-78.95597294536692, 1.141014539743839], [-78.95749797005165, 1.135417802554364], [-78.95813562850459, 1.134413517632635], [-78.95937231937235, 1.133256553335749], [-78.96060868827226, 1.132558896270774], [-78.96426931393556, 1.131824676399291], [-78.96517253985469, 1.131710487030808], [-78.96643691098943, 1.131759224062635], [-78.96753951408128, 1.132027934147848], [-78.96804309550424, 1.132430187528429], [-78.96960092085344, 1.134287674326459], [-78.97075998072332, 1.135398498442911], [-78.97200472414588, 1.136337142207195], [-78.97258440811365, 1.13667246741076], [-78.97339231181084, 1.13693140255842], [-78.97518905666196, 1.137009224261431], [-78.97706247077979, 1.136206745964305], [-78.97866035982123, 1.135155275229238], [-78.98116190720049, 1.133377186386162], [-78.98232878076126, 1.132260232864691], [-78.98471034799176, 1.135190475366236], [-78.98801675100111, 1.138205766372134], [-78.99153332194057, 1.142380609123838], [-78.99345541810493, 1.146795730635854], [-78.99367986861483, 1.150578830617787], [-78.99540757149792, 1.15819180924628], [-78.99700893999533, 1.163376821611341], [-78.99807605547828, 1.172148616233595], [-79.00177855251684, 1.178076833530646], [-78.99537741031565, 1.178346532488654], [-78.99477873036378, 1.195981642717036], [-78.99285305617514, 1.196285927884215], [-78.99206032034208, 1.197214904360998], [-78.99165633415423, 1.197264034643224], [-78.99089922712893, 1.197123164682566], [-78.99032727410967, 1.197240731160772], [-78.98863265135284, 1.198301207781034], [-78.98866807138312, 1.198619406620454], [-78.98903280688829, 1.19887708266841], [-78.98886253099082, 1.199543498598278], [-78.98856035655815, 1.200064484582572], [-78.98858381722289, 1.200404512924962], [-78.98878579005962, 1.200478823152543], [-78.9890755898764, 1.200270839738426], [-78.98994529043381, 1.200244378296552], [-78.99031238921242, 1.200555703465196], [-78.99029847036493, 1.200895570679902], [-78.9900686369332, 1.201330148686908], [-78.98977612168763, 1.201561983874809], [-78.98891972775529, 1.201913454477903], [-78.98811781464066, 1.202072705625117], [-78.98798251146367, 1.203025620979095], [-78.98864430963637, 1.203521983443575], [-78.98936669945067, 1.20352440397054], [-78.98985107215827, 1.203309414264638], [-78.99078998662058, 1.202461676583954], [-78.99128804882994, 1.201575535839738], [-78.99137396684316, 1.201062188312726], [-78.99094382849383, 1.200044615922379], [-78.99088083644939, 1.19953434736409], [-78.99098633560563, 1.19917451041453], [-78.99140877139632, 1.198954360081916], [-78.99190930467128, 1.199021696076721], [-78.99283790923563, 1.199582679857294], [-78.99336640766951, 1.200625816036905], [-78.99332070268883, 1.201532517602543], [-78.99291466024965, 1.202427619555571], [-78.99188891292214, 1.203809630303512], [-78.99155222532352, 1.204489844155741], [-78.9915100877448, 1.204888725605385], [-78.9917638985898, 1.205373653135097], [-78.99251365127698, 1.20552069949379], [-78.99355459601303, 1.205068960462491], [-78.99403821884843, 1.204648074550566], [-78.99465847282346, 1.204639079275174], [-78.99474814519193, 1.205205854201034], [-78.99450006692369, 1.205670373870181], [-78.99324415692814, 1.206842164147626], [-78.99306248417061, 1.207305786583277], [-78.99304031760485, 1.207688560954044], [-78.9933393425802, 1.208311775752612], [-78.99415967209147, 1.20917238852129], [-78.99518720362144, 1.209381642609415], [-78.9956656461546, 1.209334165018241], [-78.99609036156959, 1.209104880118546], [-78.99647980006213, 1.208641404808565], [-78.99669755415071, 1.208186341673754], [-78.99682406198507, 1.207389136502276], [-78.99785608892508, 1.205568506558423], [-78.99810465080408, 1.205398572416543], [-78.9986180416839, 1.205398952332285], [-78.99915971331465, 1.205729489967013], [-78.99948707397282, 1.206605312215191], [-78.99961367821102, 1.208825677204578], [-78.99956651494445, 1.21113704948088], [-78.99969424275488, 1.211572152767439], [-79.00007796751242, 1.21220078394533], [-79.00142163214679, 1.213442368725927], [-79.00156539606319, 1.213861354063358], [-79.00152337534728, 1.216559975909366], [-79.00125800261615, 1.217194410242984], [-79.00119577992265, 1.217754262453674], [-79.00138084780733, 1.218241721286917], [-79.00293505298328, 1.220026266268762], [-79.0034804797971, 1.2207732084564], [-79.00386095399863, 1.221696291171522], [-79.0043345162096, 1.222111386015768], [-79.00569405180372, 1.222464932738207], [-79.00630190063688, 1.222382438036123], [-79.00761762979754, 1.221811675615496], [-79.00901507431023, 1.221984966291494], [-79.0097633295136, 1.222581204419121], [-79.00991996634653, 1.222897089330073], [-79.00999066218694, 1.22371531324647], [-79.00974758782246, 1.224590728881033], [-79.00930508800442, 1.225150198193261], [-79.00820857036626, 1.226107867294782], [-79.00721471676046, 1.226648603478361], [-79.00572881073106, 1.226920204821643], [-79.00259947883096, 1.226532003638111], [-79.00182410692307, 1.226815427362736], [-79.00121782448646, 1.227212068203186], [-79.0011108681251, 1.227835339395619], [-79.00131864628217, 1.228361334214937], [-79.00331289237673, 1.230684255679311], [-79.00400307912915, 1.231918024411836], [-79.0041663652569, 1.232839964951005], [-79.00404337962571, 1.233828714152682], [-79.00387629098984, 1.234265384020895], [-79.0031606112093, 1.235022769270953], [-78.99837881662246, 1.238129195696572], [-78.99239949954662, 1.241438391156023], [-78.98687864376079, 1.245259680285904], [-78.98289891027484, 1.245111563410425], [-78.98098128001969, 1.24480882146212], [-78.97860081411285, 1.245017729053896], [-78.96769011394053, 1.247500567196776], [-78.94701193336604, 1.232778396158525]]]}, "properties": {"NUM_MUESTRA": 2, "PROVINCIA": "ESMERALDAS", "CANTON": "ELOY ALFARO", "PARROQUIA": "VALDEZ", "CIRCUNSCRIPCION": "CIRCUNSCRIPCIÓN URBANA", "TIPOLOGIA": "D", "ETIQUETA": "2 | D", "COD_SECTOR": "080250999002", "POB_T": 314, "V_PRES": 91, "AREA_KM2": 59.0242, "DENS_VIV": 1.54, "DENS_POB": 5.32}}, {"type": "Feature", "geometry": {"type": "Polygon", "coordinates": [[[-79.09004194289133, 1.054596602750416], [-79.08859352691289, 1.054489186630911], [-79.08823248151447, 1.055091898409252], [-79.08789824184375, 1.055344601447939], [-79.0844550737054, 1.053717653546632], [-79.08410024089012, 1.053839454652691], [-79.08335978511894, 1.053804500058798], [-79.08303929235173, 1.053556415310667], [-79.08424510981294, 1.050184367024841], [-79.08422898408259, 1.049731469667131], [-79.08452832233367, 1.048576245047295], [-79.0841987087445, 1.047746780415109], [-79.08381633115653, 1.047544678004724], [-79.08408304174458, 1.047260990520863], [-79.08420180714728, 1.046649114939595], [-79.08417892110641, 1.045201605411445], [-79.0842784528394, 1.044831188778325], [-79.08189890929809, 1.028037547921519], [-79.07179179575968, 1.013313913331429], [-79.0722480188523, 1.013051874418997], [-79.07290954875586, 1.012105921440379], [-79.0734216240281, 1.011881348819843], [-79.07591621887335, 1.01202335455559], [-79.07814605602546, 1.011760202241527], [-79.0787721536092, 1.011032861871727], [-79.07892603093704, 1.010578494115367], [-79.07974078295149, 1.010138625315248], [-79.07931779581939, 1.009178004594391], [-79.07994668011236, 1.008138346562398], [-79.08007261374618, 1.007693275929344], [-79.08004057569379, 1.006718872090971], [-79.07969192979998, 1.006128301859758], [-79.07981305464227, 1.005917600554942], [-79.08042754464842, 1.005679070221287], [-79.08059988376972, 1.005449591350317], [-79.08032598887577, 1.004221953671849], [-79.08067053531292, 1.003987964947654], [-79.0813686400814, 1.004086756436485], [-79.08152694081801, 1.003899406411739], [-79.08152264344716, 1.003412210121448], [-79.08170429202752, 1.003084357339329], [-79.082421116592, 1.002967683993036], [-79.08270517803601, 1.00278510889559], [-79.08247760818675, 1.001908877027158], [-79.08258936277575, 1.001745007987736], [-79.08290598342458, 1.001646814565095], [-79.08307382400973, 1.001117493987103], [-79.08253793177744, 0.999197973871613], [-79.08391898942446, 0.998261742350769], [-79.08569050624693, 0.998157891608015], [-79.08619815616258, 0.997350810284653], [-79.08707303272462, 0.996388506589304], [-79.08739452397475, 0.995475341284314], [-79.0883270190565, 0.993977952444717], [-79.08825132022763, 0.993460058592751], [-79.08730733841769, 0.992441898600785], [-79.08735374831952, 0.992184132071432], [-79.08783609605537, 0.991631481189757], [-79.08798674725166, 0.991152331228105], [-79.08754234166238, 0.989767256573889], [-79.08801890593419, 0.988958798094352], [-79.0884348935841, 0.98773219079229], [-79.08897363562104, 0.987209771790253], [-79.089249778833, 0.986720484957054], [-79.10517016464186, 0.992155198825248], [-79.107920152582, 1.013700905473488], [-79.12049855754344, 1.008116776921716], [-79.12040559285151, 1.008878453656518], [-79.12003901811327, 1.009291477468602], [-79.11981324173566, 1.009338366465355], [-79.11910490997617, 1.009028342955403], [-79.11868835641364, 1.009028100446761], [-79.11873476752103, 1.00955321843076], [-79.11846223912104, 1.009666722351662], [-79.11836870146489, 1.009862616163617], [-79.11835634888955, 1.011034229777591], [-79.11804851563703, 1.011617825906463], [-79.11830883879183, 1.01241741444704], [-79.11782974523473, 1.012910848108236], [-79.11765431377839, 1.013357438765918], [-79.11675893515068, 1.013388291808835], [-79.11657587515704, 1.013509623646888], [-79.11657569941752, 1.013815255573717], [-79.1164276930683, 1.013905321287228], [-79.11594899208282, 1.013720847883673], [-79.11552879112955, 1.013348326742177], [-79.1153224481366, 1.013344318565707], [-79.11505367361356, 1.01364590465838], [-79.11485479783929, 1.014245296487972], [-79.1141660345613, 1.013809955209815], [-79.11382736313904, 1.013813644804115], [-79.11341052971032, 1.014299336250127], [-79.11298220468092, 1.014459676943115], [-79.11287675413847, 1.015059122721752], [-79.11272880137102, 1.01521185146509], [-79.11221093925778, 1.015329097575866], [-79.11188761659896, 1.015665915608328], [-79.1112843161283, 1.015642050611218], [-79.11128403618969, 1.016124007166554], [-79.11068039089372, 1.016539056728397], [-79.1105897979132, 1.01707304374191], [-79.10963235938617, 1.018007818015734], [-79.10956953090059, 1.018995293882638], [-79.10903177959588, 1.019790339279922], [-79.10926900258069, 1.020292057582844], [-79.10933080772703, 1.021060149618623], [-79.11009328314609, 1.022020625543004], [-79.11001474134754, 1.023145173963758], [-79.1105432749515, 1.027043820035296], [-79.10897671663069, 1.030346047558445], [-79.1077646313651, 1.032278119934006], [-79.10756247992377, 1.032932843602095], [-79.1070276593175, 1.033163734940731], [-79.10675891584609, 1.033861639561157], [-79.10539327724634, 1.034018608582711], [-79.10480470376271, 1.034608174848903], [-79.10434675272799, 1.035640981568896], [-79.10452890913889, 1.037041021580962], [-79.10387306160156, 1.03791203345142], [-79.10329237575841, 1.039582155902725], [-79.1030324185973, 1.039852181559362], [-79.10156140621804, 1.040309464846], [-79.10115098079723, 1.040877614269382], [-79.10079602065107, 1.042130840418906], [-79.10121172268202, 1.043401805159608], [-79.10125219162853, 1.043927005715357], [-79.10065045957941, 1.044879696423614], [-79.10042845114677, 1.046426875575031], [-79.1001167069121, 1.046617479406972], [-79.09926690340544, 1.046447779129514], [-79.09891892761722, 1.046685288191489], [-79.09874244683972, 1.047363803028568], [-79.09806578320465, 1.048033331373853], [-79.0982026610983, 1.04882217222984], [-79.09764820102701, 1.049736006121377], [-79.09700191155629, 1.049791762654922], [-79.09620332290964, 1.049605454801154], [-79.09600788360393, 1.049693949139735], [-79.09591964633216, 1.05002674144988], [-79.09605465458353, 1.050487074273643], [-79.09658014682765, 1.051425350316535], [-79.09636739394877, 1.051621888864041], [-79.09508546532874, 1.051947436384607], [-79.09499084220298, 1.052144047216638], [-79.09503291091121, 1.053578988147629], [-79.09475558274153, 1.054194775560398], [-79.09371422731175, 1.054369191744769], [-79.09322853111686, 1.055060443030219], [-79.09225555679359, 1.055794614759201], [-79.09086277607894, 1.0547931407871], [-79.09004194289133, 1.054596602750416]]]}, "properties": {"NUM_MUESTRA": 3, "PROVINCIA": "ESMERALDAS", "CANTON": "ELOY ALFARO", "PARROQUIA": "ANCHAYACU", "CIRCUNSCRIPCION": "CIRCUNSCRIPCIÓN RURAL", "TIPOLOGIA": "C", "ETIQUETA": "3 | C", "COD_SECTOR": "080251999001", "POB_T": 247, "V_PRES": 61, "AREA_KM2": 19.4354, "DENS_VIV": 3.14, "DENS_POB": 12.71}}, {"type": "Feature", "geometry": {"type": "Polygon", "coordinates": [[[-78.98665064112664, 1.089889572761145], [-78.98832858637572, 1.090688361507714], [-78.9879360453779, 1.091680633883088], [-78.98715652459292, 1.091588175660375], [-78.98696584947668, 1.092029888846052], [-78.9856482248339, 1.091677903562353], [-78.98585716912342, 1.091128074815368], [-78.98640228907526, 1.09131193368315], [-78.98665064112664, 1.089889572761145]]]}, "properties": {"NUM_MUESTRA": 4, "PROVINCIA": "ESMERALDAS", "CANTON": "ELOY ALFARO", "PARROQUIA": "BORBÓN", "CIRCUNSCRIPCION": "CIRCUNSCRIPCIÓN RURAL", "TIPOLOGIA": "D", "ETIQUETA": "4 | D", "COD_SECTOR": "080253002003", "POB_T": 249, "V_PRES": 71, "AREA_KM2": 0.0366, "DENS_VIV": 1939.89, "DENS_POB": 6803.28}}, {"type": "Feature", "geometry": {"type": "Polygon", "coordinates": [[[-79.03213241088554, 1.079512276530062], [-79.03246829656108, 1.079385729520941], [-79.03289217828085, 1.078614170323799], [-79.03256804660563, 1.077854465545984], [-79.03246769642827, 1.077047184169022], [-79.03347151904529, 1.076499745051535], [-79.0336190967824, 1.075828628269727], [-79.03344939191936, 1.075181712470097], [-79.0328623411398, 1.074923021281418], [-79.03253205426527, 1.074550276493397], [-79.0324666075436, 1.073795363392883], [-79.0327590396513, 1.073399154320735], [-79.03242772831261, 1.072943896277099], [-79.03233642373137, 1.072192727078419], [-79.03187531651697, 1.071980675208987], [-79.0333549896032, 1.058261001891455], [-79.0336341804552, 1.057591979251107], [-79.0339361678239, 1.057261420070949], [-79.03400532596946, 1.05647271534663], [-79.03465968348466, 1.056344980895062], [-79.03497143900434, 1.055320061402179], [-79.03532335207592, 1.05518997379739], [-79.03565674329073, 1.05470181644632], [-79.03611993576403, 1.05433460124164], [-79.03693384914574, 1.054213159442996], [-79.03840711176727, 1.053605393864348], [-79.03862723640079, 1.05368591362309], [-79.03899750944109, 1.053414616678564], [-79.04117411172933, 1.054326135635678], [-79.04179384571746, 1.054795642599285], [-79.04212744663268, 1.055470793532325], [-79.04241856231283, 1.055675311206429], [-79.04302579492794, 1.055710183042268], [-79.0432963594737, 1.055847288873958], [-79.04395484459755, 1.055727504715735], [-79.04481733018484, 1.055786018144386], [-79.04507337354563, 1.056503120156172], [-79.04541947054547, 1.056658531532945], [-79.04620357274857, 1.05756539011431], [-79.0466546843124, 1.057897238655133], [-79.0478007020506, 1.0577301507198], [-79.04847779130586, 1.058191110418318], [-79.0489684090132, 1.05938364943013], [-79.04913111209324, 1.05950040169624], [-79.0493776453403, 1.059133918108672], [-79.04986156901921, 1.059128909827424], [-79.05054864562072, 1.058359748413722], [-79.05100448762758, 1.05833604928437], [-79.05121414202509, 1.058553071907493], [-79.05145376842137, 1.058541301614641], [-79.05195870231522, 1.058207884496084], [-79.05193350409907, 1.057821853786185], [-79.0522165407213, 1.057957571701033], [-79.05374200785144, 1.057144632359771], [-79.05394384274393, 1.056851622437726], [-79.05423764826918, 1.055541304080884], [-79.05494487130625, 1.055594713257929], [-79.05547996577964, 1.055265069025388], [-79.0557109345021, 1.054854251735369], [-79.05553875932048, 1.054431215478557], [-79.0559765725988, 1.05458624988203], [-79.05614098579878, 1.054225881287001], [-79.0565663266376, 1.054110954731601], [-79.05638290655293, 1.053575647982205], [-79.05655910620045, 1.053454361926297], [-79.05663361452764, 1.05319170648259], [-79.0568939521901, 1.05325593644082], [-79.05730075654908, 1.052966799114848], [-79.05729552378065, 1.053219393674057], [-79.05771714060721, 1.053478170555967], [-79.05818731864349, 1.053140063034548], [-79.05862532160843, 1.052432312003979], [-79.0594705659518, 1.052384585904714], [-79.05947069434428, 1.052595359188419], [-79.05699195076949, 1.05788177670391], [-79.05626396273951, 1.058094179161324], [-79.05482036912515, 1.059876273924625], [-79.05489594206924, 1.060651452232557], [-79.05464788453845, 1.062048443633201], [-79.05521739410719, 1.063512939462599], [-79.05540867431189, 1.064370702876822], [-79.0553167898151, 1.066154286408129], [-79.05489766626279, 1.066786231890937], [-79.05313229793573, 1.068353782161092], [-79.05342092479574, 1.069020578161135], [-79.05402511025117, 1.069713221767012], [-79.05337739422589, 1.070578531821202], [-79.05342923631629, 1.071368829301938], [-79.05405676115186, 1.072264863893422], [-79.05520802731, 1.072634390887579], [-79.05592421744618, 1.073389127222115], [-79.05707447304057, 1.07356211425373], [-79.05757771744872, 1.07456723598421], [-79.05777087152946, 1.075586357388901], [-79.05703736317408, 1.076744943233968], [-79.05682739802363, 1.077693127596244], [-79.05706829901641, 1.078766065351425], [-79.05701390418037, 1.079131537108167], [-79.05630061821452, 1.079349805365609], [-79.05583448109378, 1.079799272833376], [-79.0554123927998, 1.079970123435576], [-79.05525428343141, 1.080210387917248], [-79.05512991056739, 1.081435204666919], [-79.05542428521261, 1.081980857412422], [-79.05571374077743, 1.083015451908733], [-79.05568889953013, 1.084673072568671], [-79.05491988221816, 1.086779948308606], [-79.05380201147575, 1.088746103706454], [-79.05261457445202, 1.090360981430401], [-79.05079940298874, 1.091413482732901], [-79.04891421949888, 1.092817162475088], [-79.04773672102829, 1.093347236116625], [-79.04388875579373, 1.093937796668954], [-79.04319069552109, 1.094218319546274], [-79.03694679133879, 1.095455703194074], [-79.03624045820219, 1.094777735879319], [-79.03616020320497, 1.093601644617459], [-79.03637217835326, 1.09340125942132], [-79.03752510683323, 1.093504343387681], [-79.03770405884057, 1.093343517293595], [-79.03768782754257, 1.093081764963969], [-79.03708559258872, 1.092650509408307], [-79.03703155597616, 1.09245524663005], [-79.03736824335245, 1.091518835050526], [-79.03739139693542, 1.090825062083419], [-79.03840332679084, 1.090401593059144], [-79.03862781138002, 1.090127516112446], [-79.0386253695839, 1.089690583151251], [-79.03834628225181, 1.088738841965706], [-79.03782677742463, 1.087673222248311], [-79.03717141499314, 1.086849092277768], [-79.03647106640837, 1.086868172663773], [-79.03591440611551, 1.085868261335249], [-79.03386629750833, 1.085432448340516], [-79.03355840916822, 1.085221950694251], [-79.03314877921669, 1.08435633655103], [-79.03372123405796, 1.082989963878329], [-79.03379689193692, 1.082084892437264], [-79.03360791355566, 1.081478091438485], [-79.0331831177574, 1.080893339241536], [-79.03257276133183, 1.080979380097565], [-79.03203610679034, 1.080354265439796], [-79.03192282258564, 1.080063296965529], [-79.03219572350442, 1.079707134859933], [-79.03213241088554, 1.079512276530062]]]}, "properties": {"NUM_MUESTRA": 5, "PROVINCIA": "ESMERALDAS", "CANTON": "ELOY ALFARO", "PARROQUIA": "BORBÓN", "CIRCUNSCRIPCION": "CIRCUNSCRIPCIÓN RURAL", "TIPOLOGIA": "E", "ETIQUETA": "5 | E", "COD_SECTOR": "080253999007", "POB_T": 151, "V_PRES": 45, "AREA_KM2": 9.9011, "DENS_VIV": 4.54, "DENS_POB": 15.25}}, {"type": "Feature", "geometry": {"type": "Polygon", "coordinates": [[[-78.95397405852026, 1.043342523087594], [-78.95531101003435, 1.042372199531574], [-78.95596307292416, 1.041498251995711], [-78.95726757261957, 1.03916743647424], [-78.95879035403935, 1.035088007615491], [-78.95900826557852, 1.033922314886771], [-78.95886427901192, 1.032683522315934], [-78.9582132912255, 1.031881590902911], [-78.95372622214005, 1.030275670616954], [-78.95126277758668, 1.029747647215544], [-78.94900247654694, 1.02426938673896], [-78.94816998177225, 1.021539396860025], [-78.94775814527785, 1.018410266262255], [-78.94775808578237, 1.014846856699606], [-78.94820222119179, 1.014133412920033], [-78.94814616632293, 1.012571735356908], [-78.9483290484727, 1.011997718916603], [-78.94960766548883, 1.010459854147513], [-78.95048871039776, 1.009857191076089], [-78.95091493440513, 1.009313947539973], [-78.95108949326837, 1.008762303718371], [-78.95034550316612, 1.007797872889097], [-78.94968417448116, 1.007299870713865], [-78.94917746692889, 1.007108171903171], [-78.9491774462962, 1.006567851815593], [-78.94949076156992, 1.006116700659047], [-78.94996874330266, 1.00462633763049], [-78.95023408249553, 1.004471863706582], [-78.94861258695542, 1.002758691088201], [-78.94701233752193, 1.000097146816093], [-78.94682321210104, 0.999192772275752], [-78.95396046351048, 0.997727402790791], [-78.95435702244936, 0.997890940302794], [-78.95470568594867, 0.998231661003316], [-78.95532074683727, 0.9983125154021], [-78.95566996520856, 0.998918514032241], [-78.9553898215502, 0.999473938149252], [-78.95544901557197, 0.999908870977228], [-78.95594965474353, 1.000404206678016], [-78.95623324438644, 1.000957543242826], [-78.9568130068959, 1.001036296790046], [-78.95779414634265, 1.00176836988732], [-78.95787588841554, 1.002344274620972], [-78.95777619626118, 1.00333877748421], [-78.95796809913526, 1.003420090810742], [-78.95839767038181, 1.003075427256586], [-78.95873288950608, 1.003080520227781], [-78.95925340686394, 1.003388891436604], [-78.95979683979547, 1.003970421340993], [-78.96034220754568, 1.004184324617088], [-78.96081691983993, 1.004630279410102], [-78.96120614976553, 1.004738389351375], [-78.96162602280206, 1.005259987527429], [-78.96199448984916, 1.00501665751873], [-78.96196944139979, 1.004431470486103], [-78.96177725250337, 1.003933763845114], [-78.96188366280073, 1.003688136168817], [-78.96211088911419, 1.003562719031546], [-78.96274532178168, 1.00362589594135], [-78.96353007603074, 1.003946205256271], [-78.9641170357399, 1.003680911159116], [-78.96420714733677, 1.004248411101207], [-78.96435804883404, 1.004277958550232], [-78.96478656742998, 1.003627417824049], [-78.9645728182072, 1.003127903223724], [-78.96464765828834, 1.002883030969999], [-78.96526435105972, 1.002996575606899], [-78.96535022439826, 1.003587226825857], [-78.96562301296088, 1.00369514942373], [-78.96569876869363, 1.004012178204045], [-78.96605971541571, 1.004301501579], [-78.96627780990612, 1.004000138625904], [-78.9661532190982, 1.003760567975565], [-78.96621660302961, 1.003364551530378], [-78.96654076566124, 1.003370955117641], [-78.9666830854611, 1.003579535196799], [-78.96709878310027, 1.003739458410417], [-78.96732687850113, 1.003723216055919], [-78.96773732855145, 1.003380229949114], [-78.96790594737631, 1.003396610222875], [-78.96846227906094, 1.003999956335509], [-78.9693834113205, 1.00364555505527], [-78.97010341041592, 1.003556871432423], [-78.97019494909215, 1.003701866873238], [-78.97012624240246, 1.00399014706727], [-78.96951066172589, 1.004565634276481], [-78.96988626971125, 1.004781004436616], [-78.97021275499414, 1.004768809083798], [-78.97018877175996, 1.005368176303503], [-78.97074307958677, 1.005512166769129], [-78.97062968321774, 1.006262356776044], [-78.97096396906521, 1.006915686374166], [-78.97088265053213, 1.007261830197504], [-78.9711061103553, 1.007831383621697], [-78.97126010662384, 1.007835614016607], [-78.97147915874196, 1.007567838488911], [-78.97197044735432, 1.006661320784632], [-78.97238115883707, 1.006482393602292], [-78.97268085513612, 1.006518767435506], [-78.9727269170304, 1.006977004069856], [-78.97308331462231, 1.007078371872889], [-78.97320308962072, 1.007402376328411], [-78.97337414328084, 1.007449568448159], [-78.97363025650998, 1.007227819200495], [-78.9737879067478, 1.007238380827279], [-78.97410311777406, 1.008104858875795], [-78.974749737343, 1.008160631027827], [-78.97451179094881, 1.008422939702115], [-78.97454202233152, 1.008562470506362], [-78.97520668835547, 1.008851502092985], [-78.97553849696668, 1.008793288559112], [-78.97560756039547, 1.00917568138], [-78.97589472849016, 1.009164526764699], [-78.97628044585142, 1.009480849473765], [-78.97617321492916, 1.009884058768623], [-78.97626307766598, 1.010098782769572], [-78.976455890972, 1.010131433563277], [-78.97654393904423, 1.009880511767847], [-78.97711154240716, 1.010009334342696], [-78.9771163975683, 1.009625680054254], [-78.97778980343391, 1.009427332758053], [-78.97865815497808, 1.009896369768805], [-78.97852044059326, 1.010332257825446], [-78.97868142283673, 1.010559646954005], [-78.97953149327054, 1.010692424095324], [-78.97972561342918, 1.010564660904058], [-78.97975821269422, 1.010146144377905], [-78.9800342763394, 1.010114926445085], [-78.98029980937933, 1.010304015685075], [-78.9813507208975, 1.010528473672215], [-78.98143430079209, 1.010733225011961], [-78.98127782919723, 1.010915800684906], [-78.98173718436463, 1.011229118767142], [-78.98222968618153, 1.011165775700808], [-78.9823467675625, 1.010942628913362], [-78.98250633194299, 1.011142568942552], [-78.98220831406205, 1.011380953387185], [-78.98261841627935, 1.011735376675882], [-78.98280533195947, 1.011657017641762], [-78.98305717325871, 1.011820297417319], [-78.98314727254822, 1.011312819074033], [-78.983287379015, 1.011282987916123], [-78.983324680835, 1.011636396809768], [-78.98367852251428, 1.011889948961267], [-78.98359382111852, 1.012151073023421], [-78.98412580496343, 1.012133700648239], [-78.98405415523715, 1.012432516747175], [-78.98416192635321, 1.012555530792539], [-78.98451746718163, 1.012375280149792], [-78.98493060806089, 1.013437502938723], [-78.98501781284936, 1.014093439349283], [-78.98535568739656, 1.014482220002258], [-78.98542664718528, 1.014844652374326], [-78.98570578714468, 1.015030845114951], [-78.98625339617298, 1.014947135382201], [-78.98656270591361, 1.015047915998461], [-78.98658039549984, 1.015217409490743], [-78.98623252526973, 1.015494150175749], [-78.98619722037718, 1.015701317745367], [-78.98637210750476, 1.015893980556243], [-78.98708084523982, 1.016134029395086], [-78.9870961256846, 1.016838486209566], [-78.98750016427007, 1.017637585906127], [-78.98886925820324, 1.019531688065199], [-78.98848099802412, 1.020333415185307], [-78.98856287064497, 1.02095216512646], [-78.98799369145807, 1.020884239933996], [-78.98795901952136, 1.021604861118062], [-78.98694410697901, 1.021778613120945], [-78.98560569120497, 1.024101514725512], [-78.98564652808331, 1.024473574126017], [-78.9864038862955, 1.025315729282578], [-78.98645215515553, 1.025522669294694], [-78.9863505524634, 1.026006248954966], [-78.98594238306971, 1.026150364802012], [-78.98602030830119, 1.026550311531597], [-78.98647987108471, 1.027169280624321], [-78.98708475371332, 1.02744524528997], [-78.98724132530475, 1.027883675661039], [-78.98702165673362, 1.029505501055736], [-78.98691634905997, 1.029675965371767], [-78.98669457788536, 1.029689602051093], [-78.98658168393476, 1.03071469229515], [-78.98625444837424, 1.030821958606831], [-78.98536096777272, 1.030165509526939], [-78.98469973742924, 1.030245005894531], [-78.98471552183928, 1.03126741909079], [-78.98452114032081, 1.031715330785395], [-78.98414465883654, 1.031925144464801], [-78.98478847191853, 1.032283953728048], [-78.98522674293615, 1.03206876343064], [-78.98543753608753, 1.032369625232799], [-78.98443960616812, 1.033571398065231], [-78.98434314395355, 1.033901469746558], [-78.9844233159801, 1.034203952515926], [-78.98432031632845, 1.034310209250717], [-78.98295412149349, 1.034873566443219], [-78.98345768831446, 1.035323636621009], [-78.98310538426806, 1.036208551874611], [-78.98293898297489, 1.036265859639262], [-78.98258108364062, 1.035831575277639], [-78.98243848490641, 1.035831483871433], [-78.9818479882868, 1.036203793473971], [-78.98166012316436, 1.036614310659238], [-78.98233379697648, 1.036783997915316], [-78.98217126112145, 1.037211058657932], [-78.9822113240559, 1.037839508191814], [-78.98236834503545, 1.038521406632576], [-78.98278388884346, 1.039102995273488], [-78.98267345989456, 1.039904335676276], [-78.98285732800584, 1.040415802321369], [-78.98332643319415, 1.040861665729412], [-78.9834628896818, 1.041178730212618], [-78.9832691038653, 1.041496842402486], [-78.98336364755203, 1.04307394542917], [-78.98364349192005, 1.0444843698438], [-78.98398485134359, 1.044930152883088], [-78.98440651893459, 1.045227066545071], [-78.98464417936883, 1.045236191241893], [-78.98515337534329, 1.044863240865535], [-78.98593620676147, 1.044748522970446], [-78.98638671969687, 1.044775365455211], [-78.9866158239065, 1.044919292021753], [-78.98664418837733, 1.045163323146428], [-78.98646137035868, 1.045441715496787], [-78.985184124915, 1.046559908514695], [-78.9848757099896, 1.047401350517094], [-78.9848921895468, 1.04765015858302], [-78.98650482689555, 1.050179378089159], [-78.98656843902809, 1.05056582659753], [-78.98642644609629, 1.051142700153548], [-78.98438888323194, 1.051902691866945], [-78.98348424572647, 1.050760240222671], [-78.98295304269834, 1.05130716662581], [-78.98240880288216, 1.050897467689222], [-78.98192389543081, 1.050910344038943], [-78.98132166120314, 1.051658933171637], [-78.9807799588509, 1.052988085341786], [-78.98033996633265, 1.052782199859143], [-78.98014526975616, 1.053070560470066], [-78.98009596867337, 1.053322822256678], [-78.98045793329409, 1.053648815701731], [-78.97993241543821, 1.05412026743547], [-78.97254725488466, 1.048175936385944], [-78.97165486812361, 1.047607721440648], [-78.9705111954519, 1.047415236578509], [-78.963565256344, 1.048260624951746], [-78.96214681406863, 1.048145053813146], [-78.9611774819821, 1.047783462070705], [-78.95550402790255, 1.044801753086936], [-78.95397405852026, 1.043342523087594]]]}, "properties": {"NUM_MUESTRA": 6, "PROVINCIA": "ESMERALDAS", "CANTON": "ELOY ALFARO", "PARROQUIA": "BORBÓN", "CIRCUNSCRIPCION": "CIRCUNSCRIPCIÓN RURAL", "TIPOLOGIA": "H", "ETIQUETA": "6 | H", "COD_SECTOR": "080253999014", "POB_T": 247, "V_PRES": 72, "AREA_KM2": 17.9574, "DENS_VIV": 4.01, "DENS_POB": 13.75}}, {"type": "Feature", "geometry": {"type": "Polygon", "coordinates": [[[-78.96633161734822, 0.972497111646432], [-78.96555747020716, 0.972591715618586], [-78.96472459725683, 0.973030412090183], [-78.96412617275391, 0.972845067615595], [-78.96415313899317, 0.972390381251832], [-78.96483611754597, 0.971956761945456], [-78.96567502110263, 0.971735087417852], [-78.96631132246075, 0.972101301698154], [-78.96700325229048, 0.971577779225458], [-78.96712390453517, 0.971256804666247], [-78.96701731119667, 0.970959117337637], [-78.96497580728256, 0.969557949039241], [-78.96468946119165, 0.96869229735043], [-78.96449351979973, 0.968480465672778], [-78.96409484319372, 0.968586006989614], [-78.9634002553359, 0.969479015459936], [-78.96306207826643, 0.969665643111468], [-78.96295948246116, 0.969551216382225], [-78.96302337475674, 0.968683618498161], [-78.96278002757286, 0.968449525122645], [-78.96249223272656, 0.968476527978787], [-78.96220545477614, 0.969504155824529], [-78.96203420237644, 0.96973729638329], [-78.96057162739393, 0.970926617243103], [-78.95997909360933, 0.970625878165263], [-78.95986293472912, 0.970303383479196], [-78.9607176075191, 0.969619442821878], [-78.9608805704003, 0.969342239948335], [-78.95937799777538, 0.968622076081503], [-78.9588837866031, 0.968712715929845], [-78.95750582530076, 0.970205500231441], [-78.95711285634502, 0.97038438615209], [-78.9570336398425, 0.970089471108555], [-78.95727635186148, 0.968673451662969], [-78.95717167397396, 0.968172926502425], [-78.95679546070257, 0.967803427093931], [-78.955679718428, 0.967978736492973], [-78.9552626801691, 0.967895949875812], [-78.95523792091686, 0.967572983619957], [-78.9553449364097, 0.967454632142195], [-78.95591831007137, 0.967328903582744], [-78.95608530498966, 0.967098900593158], [-78.95613099793768, 0.96646648284662], [-78.95591651398675, 0.965444785960982], [-78.95532856756613, 0.965021005171067], [-78.9549615454449, 0.964936807458707], [-78.9544741431426, 0.965090356916522], [-78.9544561293231, 0.965456860772322], [-78.95393965770855, 0.966150997137604], [-78.9525272402878, 0.965761579334293], [-78.95196453241435, 0.964186972862638], [-78.95087922107952, 0.963758802182612], [-78.95049057507902, 0.963364223243628], [-78.95008271269347, 0.962350046711723], [-78.94955922273084, 0.961576907526086], [-78.94961778831978, 0.961064026353446], [-78.95037774594556, 0.959814195793682], [-78.95038758600465, 0.959254421168473], [-78.95021664112866, 0.958972036349313], [-78.94926536712522, 0.958740721006495], [-78.94834923949423, 0.959365721165049], [-78.94762782421361, 0.95942453413703], [-78.94496579468546, 0.958815286615654], [-78.94373933210984, 0.958788364749648], [-78.94309357416783, 0.95822993754409], [-78.94261387765289, 0.95831915393058], [-78.9422011494896, 0.958987526173741], [-78.94206923038482, 0.959023329891481], [-78.9411036304354, 0.95837315231759], [-78.93989801756568, 0.956816900249061], [-78.93952918652785, 0.95684225263354], [-78.93900387975351, 0.957158929989915], [-78.93841713002139, 0.957213602630023], [-78.93815092027506, 0.956880983967936], [-78.93809030897494, 0.95651973815644], [-78.93830955388574, 0.955556486576831], [-78.93886416355579, 0.955166972846043], [-78.9393281238814, 0.954430181675967], [-78.9403342055766, 0.954877992776961], [-78.94054677354781, 0.95478123870216], [-78.94047649942301, 0.953834087117108], [-78.94017903735225, 0.953304692639015], [-78.93938064231324, 0.953249959611245], [-78.9376317690043, 0.953715482807803], [-78.93698925939329, 0.954648922210514], [-78.93680429762827, 0.95468065423067], [-78.93538531057013, 0.952902471229943], [-78.93498244549022, 0.952767377755127], [-78.93418410138715, 0.953008703725647], [-78.93361076674046, 0.952521627998953], [-78.93355487343972, 0.951994563834785], [-78.93421612427998, 0.950954076610989], [-78.93422473224679, 0.950719242997002], [-78.934032329906, 0.950571869359127], [-78.93371737263298, 0.950641432873753], [-78.93297097546974, 0.951146312194911], [-78.9321608474521, 0.951360510633179], [-78.93193738416169, 0.951651017505538], [-78.93174833953476, 0.952328292783467], [-78.93088462585004, 0.952017753672317], [-78.92946936236827, 0.950846581064399], [-78.92930224086271, 0.950914684417697], [-78.92923244635892, 0.951406109821943], [-78.92959318095197, 0.952193281132024], [-78.92940825884655, 0.952409986171806], [-78.92807952441083, 0.951396590334105], [-78.92774036933929, 0.950727329140502], [-78.92697329113157, 0.951057614537827], [-78.92655119067507, 0.951008532444293], [-78.92618456091982, 0.951330791264612], [-78.92617100431494, 0.951681101904054], [-78.92683113001209, 0.95165980048636], [-78.9270525796254, 0.952161128044278], [-78.92749280241628, 0.952490012679094], [-78.9267235726344, 0.952983507168129], [-78.92634891236422, 0.952891308078114], [-78.9258563361187, 0.952558258000823], [-78.92569536405922, 0.952214586529603], [-78.92530490421474, 0.952057061683326], [-78.92503418621601, 0.951541582202725], [-78.92432112771634, 0.950683207164295], [-78.92374589649734, 0.950069342587502], [-78.9234727006281, 0.949940051075442], [-78.92425346371631, 0.948477371878368], [-78.92342925379853, 0.947195430973], [-78.92349461580243, 0.946788430584659], [-78.92405375589848, 0.945714930841758], [-78.92460642396219, 0.944953984694007], [-78.9253654271524, 0.944427241733735], [-78.94502633423814, 0.944439003465654], [-78.94599035042303, 0.944657565459103], [-78.9467814253937, 0.944322960279398], [-78.94767507924628, 0.944443471704515], [-78.94788560039726, 0.944784821219915], [-78.9481392117254, 0.94486137231073], [-78.94836053263958, 0.945166743391628], [-78.94868709059038, 0.945223989204835], [-78.94959677009378, 0.944517307094761], [-78.94994590165021, 0.944066797576902], [-78.95066446385385, 0.943933319975202], [-78.95129110334497, 0.943399702528051], [-78.95161995457626, 0.942761931208708], [-78.95193452320215, 0.9425864416986], [-78.9521514370407, 0.942750040011515], [-78.95209101684212, 0.943313468935388], [-78.95236227633173, 0.943624746866215], [-78.95268919225222, 0.943685608931357], [-78.95325724576152, 0.943497792310346], [-78.95365993845054, 0.943615298868219], [-78.9542328464271, 0.943574680228022], [-78.95450742479215, 0.94374093494416], [-78.95454567209065, 0.944077120139315], [-78.95504331745784, 0.944176780874383], [-78.95562083279769, 0.944552977804659], [-78.95629594997547, 0.944374355964169], [-78.95620850328748, 0.943998358703517], [-78.95649400070741, 0.943617247612872], [-78.95666095577918, 0.942888963069932], [-78.95691670574247, 0.94284345462095], [-78.9573667556951, 0.943080698358546], [-78.95811629971426, 0.942963691988023], [-78.95851848128552, 0.9436520789148], [-78.95831781106212, 0.943972843516638], [-78.9582324317784, 0.944670978403661], [-78.95787870235135, 0.945456204853858], [-78.95802055264127, 0.9457275341086], [-78.95836422540846, 0.94585902040265], [-78.95944495276913, 0.945421870191744], [-78.95979766313741, 0.945459149122496], [-78.96054718778127, 0.945224422527161], [-78.96057420904381, 0.944942704657734], [-78.96026897069822, 0.944518657699979], [-78.9602725977828, 0.944306003268654], [-78.96112969039036, 0.943829840315225], [-78.96155969838965, 0.943318253196373], [-78.96171315902681, 0.942779468567601], [-78.96200382592919, 0.942930814288741], [-78.96202702645206, 0.943657224565737], [-78.96216646382221, 0.943754774532177], [-78.96244274397215, 0.943623744860897], [-78.96298889581419, 0.942797399248691], [-78.96337699455947, 0.942684066131517], [-78.96403716427452, 0.943036713346594], [-78.96402068955074, 0.943255237720495], [-78.96366981011539, 0.943775009984262], [-78.96371222737552, 0.943893207923995], [-78.96530246943914, 0.94369731059736], [-78.96560383337047, 0.944299474562615], [-78.96668052483693, 0.944629764046909], [-78.96708447079979, 0.944915715298429], [-78.96753215491447, 0.944902416718871], [-78.96785234605541, 0.945412097448016], [-78.96813789667593, 0.945559552818237], [-78.96837075899806, 0.946105529424288], [-78.96853834619692, 0.946143602814583], [-78.96944225034295, 0.945651008245311], [-78.96978082304257, 0.944825711886953], [-78.9694863927787, 0.944500855744799], [-78.96959276002424, 0.944162040137632], [-78.9705420846252, 0.943564949877711], [-78.9707949563823, 0.943064737342396], [-78.97155090239615, 0.942567816994777], [-78.97211048288258, 0.941856649020068], [-78.9725433572379, 0.941670555427502], [-78.9730374766264, 0.94166460606754], [-78.97353585578614, 0.940815168641107], [-78.97422597425779, 0.940800291862687], [-78.9747866086661, 0.941493658437596], [-78.97565400756886, 0.941843804626291], [-78.9755947377726, 0.942442776456602], [-78.97538919746036, 0.942486146287587], [-78.97529004549062, 0.942153085910883], [-78.9750972809439, 0.942315902826907], [-78.9751964002533, 0.942705382776386], [-78.97553419036035, 0.942920680372928], [-78.97596159760572, 0.942870840097537], [-78.97675615124359, 0.942131068197654], [-78.9771419110142, 0.942340064648366], [-78.97740555279847, 0.94169862560878], [-78.97756052022518, 0.941659746769026], [-78.97773754251926, 0.94184891044112], [-78.97796558229359, 0.941574359225532], [-78.97873749801835, 0.942085661764113], [-78.97922759841303, 0.942043090682807], [-78.9794835508644, 0.941807615274004], [-78.97978671695758, 0.941786092309088], [-78.98011217218182, 0.942054095397687], [-78.98037463824032, 0.942517994006437], [-78.98109609579721, 0.942836680855867], [-78.98121694107297, 0.94262391123281], [-78.98147466472828, 0.94258879926399], [-78.98160705130547, 0.942299724841527], [-78.9818174839006, 0.942496955405439], [-78.98205237074338, 0.942343565337259], [-78.9821548199698, 0.941162876773387], [-78.98193535877687, 0.940420701274922], [-78.98236295166119, 0.939267236206204], [-78.98246017077047, 0.938588084266043], [-78.98383655188647, 0.93808842794442], [-78.9848089216748, 0.938348849222633], [-78.98516125332341, 0.937644346495269], [-78.9858180972798, 0.937136114436431], [-78.9861121714231, 0.936406483861631], [-78.98633705529922, 0.93627298261134], [-78.98664662484235, 0.936383435637372], [-78.98742405495379, 0.937184906013968], [-78.9889619360506, 0.937881902818685], [-78.98903754520417, 0.937368863609144], [-78.98919515652588, 0.93713845057392], [-78.98893442471454, 0.936766123413413], [-78.98917872932472, 0.936595492493762], [-78.9890439045986, 0.936222473210262], [-78.98925863567247, 0.935882967142334], [-78.98917835184628, 0.935254202798524], [-78.98944558410693, 0.934899794492893], [-78.98983362100118, 0.934823438728335], [-78.99021585279051, 0.934252375247658], [-78.99057039907812, 0.934205866437502], [-78.99091783574039, 0.934621127231363], [-78.99150869080326, 0.934416234548954], [-78.99244316848765, 0.934646894555356], [-78.99285265403199, 0.934312859312581], [-78.99294561349775, 0.934056754054956], [-78.99356697211029, 0.934395210622772], [-78.99402541495189, 0.933588324328203], [-78.99419125485193, 0.933604501180367], [-78.99416748137396, 0.933938375329789], [-78.99432185358603, 0.934052567731924], [-78.9945790303358, 0.933989154070275], [-78.99477854335137, 0.933653850000225], [-78.99501832742634, 0.934077090290117], [-78.99570460336204, 0.933974102344417], [-78.99613638181783, 0.93323382322614], [-78.99642636231515, 0.933010376866944], [-78.99654580181274, 0.933014273619243], [-78.99683990776609, 0.933568880909243], [-78.997334479602, 0.93344740232385], [-78.99774677977874, 0.933516560223379], [-78.99753695345004, 0.933256068822155], [-78.9976054877535, 0.933142770013621], [-78.9982215929385, 0.933359077670299], [-78.99830240105315, 0.933064292003621], [-78.99799396314039, 0.932293338294295], [-78.9988615003557, 0.931842013810663], [-78.99917066271325, 0.931332167812342], [-78.99955656313445, 0.931023620126208], [-79.00104719180514, 0.934224476874674], [-79.00193641866788, 0.935756974034303], [-79.00310944182442, 0.937440830088763], [-79.00564468523622, 0.940486905554423], [-79.00577712366017, 0.94095989826316], [-79.00562576535067, 0.941565329755823], [-78.99836059119072, 0.9436275796408], [-78.99627942176717, 0.945897946968599], [-78.99434960937333, 0.948319671477733], [-78.99336578369629, 0.949795410001571], [-78.99317658666399, 0.950760316078968], [-78.99321442565332, 0.951365747317544], [-78.99364957965966, 0.952217135163728], [-78.99427393044516, 0.952898245108677], [-79.00059311830387, 0.955925400861021], [-79.00464193934957, 0.957684935001602], [-79.00545548759877, 0.958176848413145], [-79.00583388254145, 0.959066074726433], [-79.00568252486917, 0.959860703637716], [-79.00498249468143, 0.961885113805896], [-79.00231481326122, 0.96691776043847], [-79.0023337328964, 0.967466432598503], [-79.00265536860336, 0.968090783890025], [-79.00568638884737, 0.971036944395693], [-79.01281230566357, 0.979360616812136], [-79.01405156874722, 0.980135728536887], [-79.01777972177352, 0.981537462834433], [-79.02139064044397, 0.982593206782761], [-79.02189997365876, 0.983047087374375], [-79.02269765919134, 0.984533201461973], [-79.02340248544918, 0.986306341565964], [-79.02352298827063, 0.987504972419861], [-79.02322238069429, 0.989442581704492], [-79.0228694309846, 0.990630721778768], [-79.02179027811785, 0.993501388713294], [-79.02031207070152, 0.99574465086549], [-79.01934872090919, 0.996693049043705], [-79.01692391171608, 0.997696355535059], [-79.01255325602477, 0.998637947285891], [-78.98005535370116, 0.997032868910777], [-78.98020411611128, 0.996396233798278], [-78.98006270862027, 0.995112714248915], [-78.98023732008222, 0.994555642241536], [-78.97887420399657, 0.992575974046748], [-78.97878066754035, 0.992249555489356], [-78.97893470098609, 0.9910260056932], [-78.97805788200033, 0.988817643654646], [-78.9777821604719, 0.987246441052768], [-78.9773401902119, 0.986387396855351], [-78.97623733729397, 0.985055675735851], [-78.97609092279045, 0.984396263085278], [-78.97530543794713, 0.983559145270648], [-78.9750345505772, 0.982599531957971], [-78.97429772346791, 0.981552430363374], [-78.97379625648159, 0.980383583244916], [-78.9728301933779, 0.979545625665437], [-78.97287349296859, 0.978680133133495], [-78.97193138565858, 0.977439162692396], [-78.97165965286156, 0.976030707491924], [-78.9713437576409, 0.975379203476284], [-78.97100533898227, 0.974969324058947], [-78.96898301895942, 0.973715752229166], [-78.96841863645291, 0.97275776515238], [-78.96633161734822, 0.972497111646432]]]}, "properties": {"NUM_MUESTRA": 7, "PROVINCIA": "ESMERALDAS", "CANTON": "ELOY ALFARO", "PARROQUIA": "BORBÓN", "CIRCUNSCRIPCION": "CIRCUNSCRIPCIÓN RURAL", "TIPOLOGIA": "A", "ETIQUETA": "7 | A", "COD_SECTOR": "080253999016", "POB_T": 287, "V_PRES": 82, "AREA_KM2": 35.8973, "DENS_VIV": 2.28, "DENS_POB": 8.0}}, {"type": "Feature", "geometry": {"type": "Polygon", "coordinates": [[[-79.04963176263645, 1.210515890858099], [-79.04962098435914, 1.210012868386309], [-79.04898776633321, 1.208990427325953], [-79.04893950731065, 1.208598700308953], [-79.04930588112919, 1.207684575853797], [-79.05029675275402, 1.206329884192731], [-79.04966554735907, 1.205185677964963], [-79.04943835821646, 1.20501710148843], [-79.04816093795871, 1.204897188580154], [-79.04768455198936, 1.204218881858996], [-79.04736925863347, 1.204436613459497], [-79.04549632454429, 1.204870387216676], [-79.0450486592022, 1.205509825302445], [-79.04442364172372, 1.205497883828964], [-79.04404692760933, 1.205651457857436], [-79.04312511336529, 1.207389040290126], [-79.04042544395185, 1.206434086258954], [-79.04004145766874, 1.205813980362209], [-79.03976465732343, 1.205800260191186], [-79.0337130802134, 1.217411631025393], [-79.027667666854, 1.211656506596821], [-79.02077416782568, 1.207568297513489], [-79.02841452252191, 1.199393007369514], [-79.02851821339482, 1.198976815784143], [-79.02830510030172, 1.198307867320489], [-79.02825469069376, 1.197622605939399], [-79.02848870226003, 1.197101072990939], [-79.03017953883034, 1.196775630746438], [-79.03059689556191, 1.196470909449385], [-79.0308967627298, 1.195932849157852], [-79.03102190322242, 1.194779728238692], [-79.03138435997629, 1.19355904346778], [-79.03161685931788, 1.193353874783284], [-79.0321805195745, 1.193398204587396], [-79.03241834289727, 1.193205074327914], [-79.03270964260385, 1.192678968924569], [-79.03248946780475, 1.192119958991918], [-79.03261700551467, 1.191924836803921], [-79.03290800814767, 1.191817867782107], [-79.03300148854858, 1.191385398855078], [-79.03323934592231, 1.19114250689531], [-79.0327515737303, 1.189859861522437], [-79.0329289277466, 1.189132715321596], [-79.03366325249733, 1.188629893048542], [-79.03460854697553, 1.18826502011277], [-79.03606032974925, 1.186914861768284], [-79.0370910832339, 1.186701242257497], [-79.03759814520554, 1.18634965971604], [-79.03799742293789, 1.186235302033348], [-79.03826592632103, 1.186347933838193], [-79.03917205836568, 1.185804680299517], [-79.03915550337618, 1.18544665264303], [-79.03781351461818, 1.184123680949834], [-79.037516135366, 1.18360991230272], [-79.03782053209616, 1.183381897948919], [-79.03789347481771, 1.183081949201886], [-79.03820933551337, 1.183112916664421], [-79.03828074138096, 1.18297241594175], [-79.03791843834321, 1.182735913870312], [-79.03797205483868, 1.182538583667099], [-79.03826733010038, 1.182439150674117], [-79.03807536792827, 1.182314614179024], [-79.03804701111333, 1.182079184380775], [-79.037910045841, 1.182163299055883], [-79.03780363661213, 1.182057959814623], [-79.03806043907568, 1.181910773328395], [-79.03787234362727, 1.181696284104286], [-79.03798475415192, 1.181378661018126], [-79.03882622690905, 1.181235286025361], [-79.03949668477753, 1.180970211149417], [-79.03994610078689, 1.180697803319852], [-79.04077757194393, 1.17985526179209], [-79.04087413605848, 1.179176923169941], [-79.04048238206907, 1.178566594005364], [-79.04037161409978, 1.177972412214922], [-79.04044399381463, 1.177379660333233], [-79.04075349841787, 1.176644229471588], [-79.0404868995704, 1.175586077213491], [-79.04065832978125, 1.175141212088339], [-79.0408446759614, 1.173777701008686], [-79.04055990584385, 1.173117225899155], [-79.04061714423779, 1.172844528349448], [-79.04089736817987, 1.172541480335118], [-79.08283127823641, 1.151923086564238], [-79.08264159637267, 1.153063142817044], [-79.08226517169894, 1.15371542005196], [-79.08213282895645, 1.154350516176156], [-79.08043969689906, 1.157238514651341], [-79.08040378977677, 1.157615295470654], [-79.07986289942035, 1.157836224762482], [-79.07981220142345, 1.158117299385939], [-79.07914139054293, 1.158726785382287], [-79.07950226838832, 1.159331833159869], [-79.07918278962788, 1.159369894070428], [-79.07946405883595, 1.159599757138482], [-79.07930784761074, 1.160024544407416], [-79.07963749918909, 1.160226547379566], [-79.0796944330375, 1.160391662770148], [-79.0796669893711, 1.160905533777741], [-79.0793229756077, 1.161373254008192], [-79.07931954564555, 1.161753752226837], [-79.08006405767868, 1.162705245370666], [-79.08020979734356, 1.163354884769549], [-79.08013108629505, 1.163760344942748], [-79.07956016541588, 1.164448968403988], [-79.07825781380453, 1.164835629876], [-79.07796895146646, 1.165404664195631], [-79.07797587975566, 1.165703720181129], [-79.0784006184283, 1.166773419028902], [-79.07836944182577, 1.167181303806271], [-79.07879424327274, 1.168155306446492], [-79.07881286206072, 1.168740263845981], [-79.07939276601492, 1.168825594373675], [-79.07977987945874, 1.168597144725263], [-79.0800330043601, 1.168618851937279], [-79.08033591926257, 1.168823610496574], [-79.08051746781267, 1.169243604941987], [-79.0805633467194, 1.169936239583551], [-79.08035259479227, 1.170517449790099], [-79.08063354516868, 1.171565520564181], [-79.0804728642313, 1.171917094053865], [-79.07980456418478, 1.172585699780167], [-79.07986092001639, 1.17272629283242], [-79.08020278831815, 1.172845466873502], [-79.07852098078067, 1.174936191123974], [-79.07547280295536, 1.179850472296152], [-79.07159078275153, 1.187522582674777], [-79.06894291545743, 1.19094184602748], [-79.0670962774151, 1.194043477501063], [-79.06361840501026, 1.20148612434391], [-79.05870244407318, 1.208954016883466], [-79.05826012305256, 1.209259921883397], [-79.05627520799716, 1.209545578209517], [-79.05362815193453, 1.21037258664435], [-79.04963176263645, 1.210515890858099]]]}, "properties": {"NUM_MUESTRA": 8, "PROVINCIA": "ESMERALDAS", "CANTON": "ELOY ALFARO", "PARROQUIA": "LA TOLA", "CIRCUNSCRIPCION": "CIRCUNSCRIPCIÓN RURAL", "TIPOLOGIA": "G", "ETIQUETA": "8 | G", "COD_SECTOR": "080254999003", "POB_T": 197, "V_PRES": 65, "AREA_KM2": 21.431, "DENS_VIV": 3.03, "DENS_POB": 9.19}}, {"type": "Feature", "geometry": {"type": "Polygon", "coordinates": [[[-78.89256254161789, 1.06400448132421], [-78.89205702757035, 1.063757463718964], [-78.8912364998235, 1.063825957106592], [-78.88887128827227, 1.064649614200103], [-78.88715998295869, 1.064947450004693], [-78.88492622725613, 1.064682773139072], [-78.88390453353742, 1.064371091315492], [-78.88144580491529, 1.062946080931783], [-78.8809824903988, 1.062790273644073], [-78.87924778879169, 1.062561823549306], [-78.87670463356565, 1.062978684333425], [-78.8759798557847, 1.062894458019546], [-78.87457821423071, 1.06216389477441], [-78.87215576517914, 1.059841875463656], [-78.8712531600561, 1.059159500690097], [-78.86928990097886, 1.057978345548132], [-78.86820109538618, 1.0574842603734], [-78.86598488894656, 1.056057548296948], [-78.8646471996157, 1.055477155449832], [-78.86367490487346, 1.055257225441256], [-78.86076537000771, 1.055231720098178], [-78.85784830795531, 1.054845998471194], [-78.85493142905418, 1.05420186674143], [-78.8535778114469, 1.054177435632758], [-78.85253514503188, 1.05440599055462], [-78.85117373953075, 1.054397214359174], [-78.84996046082883, 1.054010480120073], [-78.84926857118938, 1.05330524871882], [-78.84848396646726, 1.05166811490835], [-78.84773786685555, 1.050602641283688], [-78.84663406851769, 1.049309833257956], [-78.84540557373525, 1.048345824707286], [-78.84425459605835, 1.047789057760038], [-78.84317346413029, 1.047482918119502], [-78.84006196376089, 1.047089234119764], [-78.83733148326003, 1.046954220077766], [-78.83663151548646, 1.046695327099218], [-78.8351093172898, 1.045472937773603], [-78.83355997269936, 1.04477472283926], [-78.83269945126746, 1.043879526360355], [-78.83175709539528, 1.041946667804668], [-78.83146078110668, 1.039763730639259], [-78.83068954280002, 1.037107071385921], [-78.83064066285326, 1.036386258512684], [-78.83082380544943, 1.035904810573538], [-78.83172675929258, 1.035094978714331], [-78.83413859906132, 1.034740351007506], [-78.83481567903623, 1.034333630270792], [-78.83545816020411, 1.033323937844423], [-78.83561405746411, 1.032865960609822], [-78.8357117468769, 1.032204350186104], [-78.83564217276886, 1.031554370918148], [-78.8354557586549, 1.031123566247658], [-78.8315446880559, 1.028254931630723], [-78.82880753229009, 1.026530356089168], [-78.82723698044555, 1.025245087246372], [-78.8266071431603, 1.024821812503614], [-78.82463952271085, 1.024021761979738], [-78.82320119178708, 1.022783570348575], [-78.82248606983237, 1.021937395595918], [-78.82224524440866, 1.021443913978073], [-78.82205936899204, 1.02021440977394], [-78.82214963856212, 1.019584472135936], [-78.85225276236427, 1.020130705012491], [-78.85846301624372, 1.013575783840129], [-78.86678524853286, 1.025276377392615], [-78.86707146979377, 1.030538666339126], [-78.86726415964766, 1.03121924113006], [-78.86904596844015, 1.032997796359461], [-78.88541726970192, 1.03472285358136], [-78.90389277788057, 1.026979722265733], [-78.90977417671745, 1.026981382580847], [-78.90985834200079, 1.027317652355787], [-78.91069733712165, 1.028536872690601], [-78.91095199635873, 1.028583512490027], [-78.91153083332584, 1.028268128716089], [-78.91189377710614, 1.028515510079756], [-78.9120305828617, 1.028918929962775], [-78.9126239573701, 1.029039569486295], [-78.91298162220045, 1.028841394969722], [-78.91314337034753, 1.028459192350664], [-78.91338009391465, 1.028324045898622], [-78.91360612806683, 1.027498095634334], [-78.91465715351818, 1.027329941136611], [-78.91607735259888, 1.027639678483358], [-78.91756768272245, 1.028675385617465], [-78.91871272868781, 1.029032771078775], [-78.91876211116347, 1.029270996039141], [-78.91829094482661, 1.02941548245995], [-78.91831613101292, 1.029636919896622], [-78.91853123841753, 1.029801250932649], [-78.91906262017602, 1.02967303324718], [-78.91934414577548, 1.029222600710828], [-78.91951663838636, 1.029170364976209], [-78.92147837525387, 1.029698308275426], [-78.92187774150392, 1.030228345280759], [-78.92227295177607, 1.029964191975149], [-78.92344697673397, 1.029686399747419], [-78.92380536358216, 1.029416525678764], [-78.92409151117421, 1.029527650141522], [-78.9243970169002, 1.029844974436632], [-78.9243960208016, 1.030134973875999], [-78.92412152636493, 1.030172842382653], [-78.92368004344978, 1.030733999907575], [-78.92326771621812, 1.030945366279376], [-78.92286555252599, 1.031812966007753], [-78.92310792572934, 1.032433571316758], [-78.9230600936115, 1.032718260479859], [-78.92371978498454, 1.033594931925216], [-78.92387497192247, 1.034538265937882], [-78.92424595333874, 1.035104144702965], [-78.9245362838127, 1.035248979864452], [-78.92453827449441, 1.035676632562376], [-78.92490458957266, 1.036439872443008], [-78.9249176084288, 1.036772371773727], [-78.92453953772613, 1.037220899570261], [-78.92447562211369, 1.037811233365203], [-78.9243196429724, 1.038085383116643], [-78.92435702007978, 1.038757051603435], [-78.92463506977239, 1.039756421746761], [-78.92458799770469, 1.040031975231978], [-78.92430719658908, 1.040351528947427], [-78.92433895103319, 1.040503617606852], [-78.92281744997955, 1.040644204219033], [-78.92221943355439, 1.040916946201373], [-78.92165095152721, 1.041431412046317], [-78.91436357958123, 1.053733134507628], [-78.91322098856389, 1.055002566077725], [-78.901465060477, 1.065921815281172], [-78.90060155863296, 1.067121125542268], [-78.89817097309705, 1.07177062855564], [-78.89638255785621, 1.070744172195326], [-78.89555756084513, 1.069989274192577], [-78.89460583815632, 1.068085732056209], [-78.89392272085426, 1.065880892214366], [-78.89306400975204, 1.064482504301725], [-78.89256254161789, 1.06400448132421]]]}, "properties": {"NUM_MUESTRA": 9, "PROVINCIA": "ESMERALDAS", "CANTON": "ELOY ALFARO", "PARROQUIA": "MALDONADO", "CIRCUNSCRIPCION": "CIRCUNSCRIPCIÓN RURAL", "TIPOLOGIA": "H", "ETIQUETA": "9 | H", "COD_SECTOR": "080256999002", "POB_T": 292, "V_PRES": 87, "AREA_KM2": 34.7622, "DENS_VIV": 2.5, "DENS_POB": 8.4}}, {"type": "Feature", "geometry": {"type": "Polygon", "coordinates": [[[-79.07545165436693, 0.901262637658538], [-79.07500712479053, 0.901391402815006], [-79.0741611503887, 0.899957862244278], [-79.07198595121592, 0.897058531015396], [-79.07088672783249, 0.895148016172451], [-79.07089345400175, 0.89364678803145], [-79.07130378260673, 0.89297115067297], [-79.07474361839822, 0.89376246102208], [-79.07631213382297, 0.893948700785407], [-79.07693009109992, 0.893913140158371], [-79.07813650911218, 0.893435293369383], [-79.07895099449114, 0.892532586204328], [-79.0794268693088, 0.89149811746873], [-79.07954960600895, 0.890972759034089], [-79.07953701309545, 0.890080934143632], [-79.07887434792387, 0.889001148992847], [-79.08064027403854, 0.885361584527813], [-79.07951127820203, 0.885286013603879], [-79.07869537615136, 0.884939938253314], [-79.07791499320854, 0.884899129859664], [-79.07749554569631, 0.885401675412036], [-79.07707785677418, 0.886346686380904], [-79.0768962899777, 0.886320435185017], [-79.07633772777027, 0.887137257908758], [-79.0760182750511, 0.889252721814789], [-79.07348625303578, 0.889383694102], [-79.07214900494488, 0.890088750773855], [-79.07080296115444, 0.891272157089113], [-79.06904014825744, 0.892164800173324], [-79.068844367042, 0.892098993043218], [-79.06814049634991, 0.890048659998051], [-79.0670049899639, 0.889614415740968], [-79.06551790262718, 0.889694480100245], [-79.0645914519093, 0.889570399866114], [-79.06395583054613, 0.889306901194496], [-79.06341807013764, 0.888395116398867], [-79.06335668519318, 0.887610379630814], [-79.0636612870421, 0.88686411270146], [-79.06474119881521, 0.885118235174858], [-79.06486673449776, 0.884488394083984], [-79.06467108240221, 0.884172912891077], [-79.06396631780161, 0.883844024596248], [-79.06283054945841, 0.883922272584801], [-79.06196883422025, 0.884171493536275], [-79.06147285781559, 0.884000403470281], [-79.06080736043063, 0.883474424923209], [-79.05980284558086, 0.882186106788792], [-79.0601295228479, 0.881568664799369], [-79.06182480959914, 0.880963512553012], [-79.0638246970226, 0.880019993311166], [-79.06433403255294, 0.879599755835679], [-79.06453004410297, 0.879218776247314], [-79.0646086203855, 0.878732610040809], [-79.06421743646486, 0.87786511605318], [-79.06300360123358, 0.877443979812998], [-79.0619723109604, 0.877443442017945], [-79.06018401380278, 0.877166553689163], [-79.05980563540481, 0.876785275294713], [-79.05969672242122, 0.876387048081331], [-79.0597312471237, 0.87582835460148], [-79.06011166875719, 0.875522327642955], [-79.06288767128233, 0.874408409354451], [-79.06338395095216, 0.873988162850488], [-79.06352766242536, 0.873764845311401], [-79.0634755801675, 0.873502003515752], [-79.06018250323785, 0.872158913252151], [-79.05627079149797, 0.871211778553443], [-79.0557618448032, 0.87088299742755], [-79.05540958926595, 0.870475452934956], [-79.05531841831522, 0.870068044998591], [-79.05642975416883, 0.866691464583633], [-79.0565346167677, 0.8658505153255], [-79.05661347049613, 0.86481244113801], [-79.0559576181796, 0.862533699105114], [-79.05597653804887, 0.862194028737189], [-79.05611923313761, 0.862002711656271], [-79.0573268420815, 0.861457868958461], [-79.05909525736278, 0.861075994785379], [-79.06002951343783, 0.861083717222947], [-79.06026043529818, 0.860760959272773], [-79.0604933986933, 0.859242774501666], [-79.06029787663375, 0.858664483480923], [-79.05994549861994, 0.858493474230458], [-79.05929266204117, 0.858742813934183], [-79.05897904186578, 0.859373407566787], [-79.05865269326567, 0.859360099733798], [-79.05845698597693, 0.859149748016823], [-79.0571902792531, 0.856488358703213], [-79.05672129907092, 0.855763687737761], [-79.05544514948156, 0.854411716546511], [-79.05451765110095, 0.853129302291585], [-79.05377479108023, 0.850684759764421], [-79.05399683633907, 0.850435200016595], [-79.054257912792, 0.850448473345784], [-79.05466236834509, 0.850895461514414], [-79.05484478414496, 0.851578869802418], [-79.05518386934123, 0.852222934551449], [-79.05562749355573, 0.852656803303431], [-79.05608429750788, 0.852841004312241], [-79.05646290760431, 0.852762352813281], [-79.05659358825653, 0.852486464712869], [-79.05648933256944, 0.852131613192294], [-79.05582405086211, 0.851172005591698], [-79.05564152937524, 0.850698848155978], [-79.05570695785374, 0.850383505421113], [-79.05590287575849, 0.85017335353155], [-79.05928390859295, 0.850175066205603], [-79.060380527128, 0.850044214358986], [-79.06156862974014, 0.849703155398805], [-79.06181679801146, 0.849427325377563], [-79.06243113086362, 0.847850747782101], [-79.06303197053109, 0.847154591524076], [-79.06401125970558, 0.84653037035114], [-79.06678075617332, 0.847497093873549], [-79.0679818082657, 0.847630452774107], [-79.0681751427672, 0.847551399696248], [-79.06841030874989, 0.847170435816471], [-79.06865926911613, 0.845291428788975], [-79.06892051638495, 0.844963039368487], [-79.06935139094139, 0.844792424832684], [-79.07149201124125, 0.845358550097242], [-79.07245798865587, 0.845437877809303], [-79.07379089994639, 0.844651253857337], [-79.07394788858107, 0.84438936392568], [-79.0738764514969, 0.843495315545615], [-79.0736134261943, 0.843075765296245], [-79.07337818717885, 0.84297516723525], [-79.07074476196331, 0.843007858263971], [-79.06809926573892, 0.842597287641248], [-79.06474596183612, 0.83928414205884], [-79.06336239124252, 0.838928652474994], [-79.06110412228256, 0.838717275360757], [-79.06028187132031, 0.838388346551376], [-79.05998179346231, 0.838046538399341], [-79.06008639500297, 0.837704932093298], [-79.06132709568847, 0.836575447319418], [-79.06258055384403, 0.836050441367292], [-79.0634606412267, 0.835986806266903], [-79.06361935693752, 0.835792996333977], [-79.0634118086302, 0.834961536920335], [-79.06272249657216, 0.834662591672024], [-79.05945051194858, 0.834676566782815], [-79.05818206439305, 0.834497651221007], [-79.05699435851066, 0.834050276221483], [-79.05635526710283, 0.832906718837851], [-79.05610818481766, 0.830974915668468], [-79.05657907528122, 0.829043467037215], [-79.05988278908725, 0.826942584364852], [-79.06180259365676, 0.825195811014882], [-79.0626921107711, 0.825005092093638], [-79.06347559410496, 0.82438726809363], [-79.06386582539116, 0.823950816298734], [-79.0639126545658, 0.823702000691945], [-79.06376941426541, 0.823638455099175], [-79.06355168180546, 0.823817291652106], [-79.0633512675853, 0.823661398287484], [-79.0632883358068, 0.823401678550902], [-79.06368301887807, 0.822673802005936], [-79.06410775899374, 0.822202916190606], [-79.06573716334564, 0.821503581038452], [-79.06651794357578, 0.82052705179867], [-79.06679317313642, 0.820515973508322], [-79.06702247043067, 0.820757871206628], [-79.06730933173333, 0.82065474983643], [-79.06729804943157, 0.820206164984451], [-79.06643859991526, 0.818525722716036], [-79.06667991441083, 0.817870467545272], [-79.06743737426935, 0.817192945572562], [-79.06785046138896, 0.81704395251382], [-79.06832056744209, 0.817504693566077], [-79.06870442307809, 0.817620530054723], [-79.06902057449311, 0.817126169355412], [-79.06908549538156, 0.816421186252903], [-79.06930792612519, 0.816183485875117], [-79.06977829444838, 0.816092116441147], [-79.07123513840786, 0.816347265857381], [-79.07210369981865, 0.816827913407891], [-79.07285246330662, 0.816683058170559], [-79.07425161924351, 0.817363703320845], [-79.07490556484366, 0.817330110924566], [-79.0749516080667, 0.817031109020651], [-79.07458507393201, 0.815995515009395], [-79.07502196853922, 0.814328351738892], [-79.07618701134707, 0.813748494392009], [-79.07757393117515, 0.811440422645894], [-79.07787499585142, 0.80867125663013], [-79.07987933739938, 0.806162371117494], [-79.08234533529777, 0.806617719058912], [-79.08571338893331, 0.805890850510891], [-79.08791763266427, 0.803611489642784], [-79.08820254828358, 0.800064329877842], [-79.0891794538072, 0.797435990283314], [-79.08985579694013, 0.796220692442394], [-79.09768800270213, 0.801107312011752], [-79.09804308210924, 0.801441603792544], [-79.1003491026809, 0.805016520717754], [-79.10116492002116, 0.806625131777271], [-79.1019812841698, 0.807054376183549], [-79.10414665416239, 0.807698685722174], [-79.10549564506601, 0.807949488448283], [-79.10815832569679, 0.808022214683611], [-79.10910251565404, 0.808650205500563], [-79.10921995075768, 0.809502584167832], [-79.10913253096273, 0.810343573689304], [-79.10869658575135, 0.812060472132621], [-79.10706828767817, 0.813870983161248], [-79.10804222169652, 0.815581974916286], [-79.1080594392297, 0.815984977201102], [-79.10792003617948, 0.816317818176709], [-79.10736284980038, 0.81673806854352], [-79.10724086059538, 0.817053397144818], [-79.10715323957004, 0.818314899483429], [-79.10743115082161, 0.819559054297508], [-79.10723934012779, 0.820294863824544], [-79.1074131686834, 0.820785546278651], [-79.10738712665203, 0.821710006147526], [-79.10755165754514, 0.822397585578037], [-79.10744693256994, 0.823010786306924], [-79.10760342079956, 0.823361290216758], [-79.10737678009706, 0.824132125365046], [-79.1081247570753, 0.825148727353457], [-79.10812456659163, 0.825551720491479], [-79.1078457386226, 0.82625244528296], [-79.10798474677216, 0.826760633993487], [-79.10794965195443, 0.827356345817506], [-79.10754905687426, 0.827899318907623], [-79.10727022037149, 0.828617563446573], [-79.10591237877456, 0.828984860083294], [-79.1055639924368, 0.829545378408146], [-79.10565076412585, 0.830088584192422], [-79.10540706370534, 0.830123509235113], [-79.10523286244869, 0.830421289953748], [-79.10511060307167, 0.831297302059263], [-79.10537150887319, 0.8316828993916], [-79.10582393858967, 0.831945939395205], [-79.10655496535834, 0.831998856620454], [-79.10702455982693, 0.832770026799095], [-79.10758131754879, 0.833260896575588], [-79.10874678516058, 0.83480334823579], [-79.10883305196452, 0.836397843088602], [-79.10898943845837, 0.836958605290114], [-79.11082919362734, 0.837869724949432], [-79.11163384392728, 0.837888527582475], [-79.1126777827992, 0.838552586555128], [-79.1141223649979, 0.840850869681644], [-79.11504449443741, 0.841674830033924], [-79.11438303592213, 0.841727072247682], [-79.11432201435905, 0.84193730100811], [-79.11441207035786, 0.84203325541259], [-79.11364209187795, 0.842348213667918], [-79.11304606455873, 0.843318348884252], [-79.11235362774782, 0.84377808577788], [-79.11153602268362, 0.843943794196675], [-79.11072414842012, 0.843591288301427], [-79.11016687665915, 0.843732076361056], [-79.10946383559033, 0.844388476566619], [-79.10961403544496, 0.845116188039166], [-79.10929339459408, 0.84613691078326], [-79.10855340681289, 0.846662268850999], [-79.10768208170886, 0.846835634303232], [-79.10669362017097, 0.846271088153962], [-79.10622080823492, 0.846185044122457], [-79.1041465684225, 0.847534493018953], [-79.10308871683628, 0.847802256670676], [-79.10245689810978, 0.848848591320593], [-79.10086971894741, 0.849982343302601], [-79.1001797408818, 0.850007410432568], [-79.09939225959708, 0.849562502446724], [-79.09871319789129, 0.849494167193917], [-79.09836968922811, 0.849694916451498], [-79.0975381197956, 0.85087036169251], [-79.09781504443403, 0.851630864236897], [-79.09769832067839, 0.852074238550441], [-79.09928861275367, 0.85437141650265], [-79.10003155581055, 0.856737171346424], [-79.10010949510252, 0.85752567160368], [-79.10061831058913, 0.858156695285298], [-79.10151899633274, 0.858314837714401], [-79.103516342558, 0.858315835520646], [-79.10445590266687, 0.859065345191932], [-79.10433702915319, 0.861864331282469], [-79.10382753015624, 0.862613115384737], [-79.1028482612532, 0.862967433049319], [-79.10237810099709, 0.863361427641434], [-79.10261265354374, 0.864228854129586], [-79.1026514448, 0.86497791349601], [-79.10265105290986, 0.865766375777808], [-79.10249410399398, 0.866357644174881], [-79.10280727620689, 0.866633764106398], [-79.10370837614718, 0.86596402434519], [-79.10394322215402, 0.866240104839527], [-79.10398211093295, 0.866792048862339], [-79.10382502429488, 0.867659278891534], [-79.1033936922711, 0.86872348612115], [-79.10331506975147, 0.869314794141134], [-79.10341268363653, 0.869906190391807], [-79.10374528079986, 0.870497706595215], [-79.10358795542133, 0.871838014113385], [-79.10388133857028, 0.872528068370195], [-79.10466442780437, 0.872902985582377], [-79.10480128413218, 0.87333670987611], [-79.10446293696769, 0.874450243334513], [-79.10464642909581, 0.87503436054816], [-79.10454151662294, 0.87598046296412], [-79.10389732101919, 0.876313041845754], [-79.10342733666803, 0.876347844830364], [-79.10318344750483, 0.876750713365546], [-79.10422708501973, 0.878205522020952], [-79.10426128831752, 0.879414517067308], [-79.1049919142483, 0.880273439276905], [-79.10398852650165, 0.8826269703507], [-79.10338234785145, 0.883223180887908], [-79.10310071220148, 0.883212270399757], [-79.10207170998063, 0.883829378321825], [-79.10191097722775, 0.884518891018973], [-79.10136900135953, 0.884683690706818], [-79.10134358239586, 0.88559519870549], [-79.10113302898408, 0.886014964447855], [-79.10066271660202, 0.885985256501554], [-79.09966087342362, 0.885583564706143], [-79.09896445130629, 0.885688828933814], [-79.09824001745987, 0.885497910424736], [-79.09816155922606, 0.885754119891848], [-79.09782836998993, 0.885697455193263], [-79.09769640763925, 0.885805047030953], [-79.09785300661873, 0.886321894915986], [-79.09756047518574, 0.886705730118038], [-79.09723596606553, 0.88687781838077], [-79.0974992123831, 0.88799043910999], [-79.0970780957964, 0.888847910132531], [-79.09550549035562, 0.889647364012607], [-79.09569065526014, 0.890074509183142], [-79.09625731087488, 0.890444436246637], [-79.0962285969788, 0.890821230653612], [-79.09610377030575, 0.890918059022513], [-79.09587703948449, 0.890980272093847], [-79.09531604104629, 0.89062337952857], [-79.09492744385975, 0.89063394302251], [-79.09452802368315, 0.890892118542387], [-79.0940034935714, 0.891796185706299], [-79.09321209944768, 0.891698878959789], [-79.09288403582487, 0.891849431287333], [-79.09302621935696, 0.892664128973124], [-79.09250185293072, 0.893248805321811], [-79.09189942594018, 0.893115710497415], [-79.0915142324978, 0.89343848714802], [-79.09126118709214, 0.893294809226464], [-79.09111167753828, 0.892864093467], [-79.09071259443999, 0.892469133272248], [-79.09017067060303, 0.892537034761794], [-79.0887842900348, 0.893096736911905], [-79.08855539089495, 0.893045205676037], [-79.08834885324114, 0.892679627071946], [-79.0880493939955, 0.892668704638656], [-79.0878172010686, 0.893565742402478], [-79.08749265492523, 0.893809600116222], [-79.08644793488305, 0.894117674723027], [-79.08609131432213, 0.894339982951066], [-79.08569527383311, 0.89495701981009], [-79.08531043997749, 0.894587188340698], [-79.08493972027927, 0.894500866527963], [-79.0849289314246, 0.894680292600158], [-79.08524241215845, 0.895150568079411], [-79.08515662390602, 0.895588336734158], [-79.08487478448323, 0.895975760038242], [-79.08404762306202, 0.89610810479819], [-79.08388349350635, 0.896283861137929], [-79.08388340610851, 0.896451955609624], [-79.08461763048064, 0.896879960012973], [-79.0846852260954, 0.897149143200758], [-79.08418211491902, 0.897992206248898], [-79.08353653624876, 0.898576812611575], [-79.08317639476499, 0.898712990445789], [-79.0815578727537, 0.898694191527736], [-79.08123644905469, 0.899784963184492], [-79.08107951982313, 0.899914071212357], [-79.080597486647, 0.899918204926994], [-79.07984258641542, 0.899651445785312], [-79.07899060256175, 0.899532569776417], [-79.07874419428032, 0.900336290199041], [-79.07851226759915, 0.900716560472767], [-79.07834110746865, 0.900788242743801], [-79.07752146075148, 0.900192096825833], [-79.07684767446622, 0.900180973491451], [-79.07655872909685, 0.900518149648998], [-79.07638824656829, 0.901301864323787], [-79.0759307743097, 0.901400043999214], [-79.07545165436693, 0.901262637658538]]]}, "properties": {"NUM_MUESTRA": 10, "PROVINCIA": "ESMERALDAS", "CANTON": "ELOY ALFARO", "PARROQUIA": "SAN FRANCISCO DE ONZOLE", "CIRCUNSCRIPCION": "CIRCUNSCRIPCIÓN RURAL", "TIPOLOGIA": "B", "ETIQUETA": "10 | B", "COD_SECTOR": "080258999003", "POB_T": 234, "V_PRES": 81, "AREA_KM2": 45.8319, "DENS_VIV": 1.77, "DENS_POB": 5.11}}, {"type": "Feature", "geometry": {"type": "Polygon", "coordinates": [[[-79.15032913803515, 0.823624156038059], [-79.14940625151176, 0.823159111408154], [-79.14834111982073, 0.823194353307919], [-79.14695612465401, 0.823944232192966], [-79.14603292635206, 0.824158236066984], [-79.14411570646644, 0.824193074879328], [-79.14269573904066, 0.823799277054987], [-79.14234085084279, 0.823477456646527], [-79.14191556813505, 0.821833253186482], [-79.1413479034688, 0.820975244167118], [-79.14056705514896, 0.820474529905575], [-79.13989278339693, 0.819830909337851], [-79.13932513741372, 0.818937163920455], [-79.13904158711267, 0.817900595277079], [-79.13893561829244, 0.81672115156426], [-79.13890165871784, 0.813361652601088], [-79.13819220983933, 0.812003235311708], [-79.13695001214808, 0.811073440901135], [-79.13588513661556, 0.810572598890352], [-79.13499764828556, 0.810357753356232], [-79.13247703597234, 0.810070670528024], [-79.1313415488258, 0.80871206094172], [-79.13038295949508, 0.808711616475753], [-79.1291756985178, 0.809032706916572], [-79.12842993114107, 0.809461229007632], [-79.12690263369711, 0.810890076634902], [-79.12597928589268, 0.811461469457304], [-79.1251981813269, 0.811532581755221], [-79.12494975748135, 0.811318032041735], [-79.12445277734764, 0.811174844902064], [-79.12349455154657, 0.810388143527112], [-79.12260744847273, 0.809351301444431], [-79.12062075072785, 0.806133881858732], [-79.11973358275307, 0.805239999609359], [-79.11859777838785, 0.804596174791599], [-79.11703572665252, 0.804416755476903], [-79.11572190113422, 0.804880747368103], [-79.11401721608185, 0.80605933048011], [-79.1096494461171, 0.808022914502966], [-79.10549564506601, 0.807949488448283], [-79.10402664763832, 0.807663095781687], [-79.10405538443054, 0.80626988621309], [-79.10475748169723, 0.803349615377301], [-79.10519613912193, 0.80230208688266], [-79.10595792365575, 0.801013459094567], [-79.10656498496483, 0.800400582418374], [-79.10727190685034, 0.799061469946251], [-79.10731885420019, 0.798739042278125], [-79.10686591376128, 0.79743800311933], [-79.1069735925594, 0.796899491977664], [-79.10809689497289, 0.795676945650174], [-79.10920969491703, 0.79542382173383], [-79.10952663255823, 0.79516372937423], [-79.10929429410324, 0.793882684433371], [-79.10801813784589, 0.793261883060005], [-79.10789049644036, 0.792863147872762], [-79.10785771633547, 0.791856902087491], [-79.10717647077324, 0.791064842655894], [-79.10719855799942, 0.790294084713517], [-79.10616892825082, 0.788987629398845], [-79.10600688388098, 0.78898167761447], [-79.10579538869672, 0.789276450760739], [-79.10527807219376, 0.790874714552508], [-79.10492872118456, 0.790711249718647], [-79.10461666109875, 0.790123265371174], [-79.10447493196341, 0.79011935727799], [-79.10479826875891, 0.789361793185386], [-79.10522233042713, 0.787113082727816], [-79.10552675758024, 0.786639516546564], [-79.106087766596, 0.786381388587486], [-79.10665343569278, 0.786329012498757], [-79.1091203417484, 0.786492825400327], [-79.1096908192747, 0.786320828990154], [-79.10983824589042, 0.786158208186301], [-79.1099193735841, 0.785445293490453], [-79.10981024426897, 0.78500503181795], [-79.10945489656615, 0.784232493221692], [-79.10813640807422, 0.782245289031108], [-79.10786676343312, 0.781420636109524], [-79.1079629045373, 0.781200186040373], [-79.1084664096192, 0.780913320138411], [-79.11105730795562, 0.781231733244328], [-79.11176745979378, 0.781224876824933], [-79.11228802992507, 0.78104711357525], [-79.11268471964357, 0.780461618551603], [-79.11324601755526, 0.778485219311164], [-79.11363685813633, 0.778224138015614], [-79.11386639396572, 0.778337644370181], [-79.11476270632721, 0.779785010441519], [-79.11531155395727, 0.780151304855056], [-79.1168983729649, 0.780346049817391], [-79.12010712501409, 0.780289744769247], [-79.1207362690108, 0.780408126068326], [-79.12086853791232, 0.780779743229802], [-79.15806544537018, 0.776178073554681], [-79.15844233640699, 0.776835380433297], [-79.15864931725034, 0.776973161048153], [-79.15900441320126, 0.776970706268107], [-79.15956310011845, 0.776562063067181], [-79.16050319061083, 0.77475898449744], [-79.16070996901254, 0.774627646937138], [-79.16157297211018, 0.774971198311045], [-79.16216747062485, 0.775617648663209], [-79.16285325062893, 0.774840328612467], [-79.16333393021893, 0.774508316248404], [-79.16464582502913, 0.774651269148095], [-79.16544203931335, 0.774293838316229], [-79.16612889747071, 0.777763445208165], [-79.16653123858339, 0.777553716324173], [-79.16694089908722, 0.777516677757849], [-79.16780444843448, 0.777764177939737], [-79.1687698118296, 0.778538720005758], [-79.16969985921403, 0.778907577604561], [-79.17037625314494, 0.779339594104201], [-79.17488172441935, 0.77910634865607], [-79.175371127737, 0.779345497738562], [-79.17605917699368, 0.780192866688069], [-79.17666831119298, 0.780566052031978], [-79.17692413793021, 0.780607846882995], [-79.17754395687831, 0.780209145720784], [-79.17811991010811, 0.780365710704004], [-79.17841039119293, 0.780638269378729], [-79.17850555146795, 0.781166799507044], [-79.17889060583987, 0.781612088936], [-79.17924400860292, 0.781723895244174], [-79.18115764216722, 0.781793954928839], [-79.18247870339444, 0.782525484417298], [-79.18391320393819, 0.782550673637337], [-79.18504564358118, 0.781716747509497], [-79.1871233212765, 0.781287943813092], [-79.18852887168079, 0.782024036979336], [-79.18951770189267, 0.782283988984238], [-79.18989939623472, 0.782247660043132], [-79.19031150228794, 0.781747041259032], [-79.1907657504922, 0.781605311364235], [-79.19162047159793, 0.782262599803823], [-79.19249019528117, 0.783162183468603], [-79.19323946825622, 0.783132096095852], [-79.19324106957133, 0.783587957305315], [-79.19347802187195, 0.783971414926327], [-79.19372193322091, 0.784882891286624], [-79.19306189514356, 0.786701727238695], [-79.19328052130035, 0.787926024658371], [-79.19201899249246, 0.789079151236019], [-79.19275164110991, 0.789678010751968], [-79.1931322385104, 0.790202576583275], [-79.19385060563158, 0.790597095447588], [-79.19389333297153, 0.791485881314465], [-79.19314062584726, 0.791577772978245], [-79.19210546879778, 0.792647816506154], [-79.1917659207174, 0.792739888949544], [-79.19103664340369, 0.792652771307419], [-79.1907168476418, 0.792761126547072], [-79.18954887863832, 0.793563484952986], [-79.18901687997759, 0.794210610898349], [-79.18870384593377, 0.795291818032853], [-79.18822923785477, 0.796150536103959], [-79.18839976558098, 0.796434509446324], [-79.18844778341821, 0.797541191853223], [-79.18862004830657, 0.797960786519459], [-79.18956448980242, 0.798952136937035], [-79.19146805428979, 0.800229621735359], [-79.19198515761049, 0.800786798658767], [-79.19227217371096, 0.801698296625781], [-79.19245890181342, 0.801908139235598], [-79.19417602527417, 0.802328421927344], [-79.19497366993356, 0.802176881172988], [-79.19569923326576, 0.802546091882574], [-79.19602220168707, 0.803399742043498], [-79.19600007409267, 0.804701691333285], [-79.19566929760136, 0.805265725883122], [-79.19548938251232, 0.805902158882667], [-79.19449739571625, 0.806813086978159], [-79.19406602257605, 0.80737707645882], [-79.19326098033807, 0.808005995417239], [-79.19285828118315, 0.808721891017922], [-79.19296587702722, 0.809141459472693], [-79.19349004238542, 0.809973500087165], [-79.19369806642645, 0.810769234350501], [-79.19358197605136, 0.813300766464839], [-79.19371113670923, 0.813698645116724], [-79.19413493757905, 0.814009858731834], [-79.1955430339833, 0.814560209439045], [-79.19568661983527, 0.81483513221917], [-79.19565773009538, 0.815167841989502], [-79.19450761182146, 0.816179957332688], [-79.19454999482501, 0.817814657087993], [-79.19431989357932, 0.818190674403324], [-79.19374495002498, 0.818436339219505], [-79.19281017179527, 0.819940398302584], [-79.19282104431333, 0.822046174216283], [-79.18860004463276, 0.822044249467512], [-79.1882574913587, 0.820528184624411], [-79.18827361996473, 0.81962075354088], [-79.1880667840454, 0.818118750170421], [-79.18859325714412, 0.816980055720308], [-79.1885988819362, 0.81645548860195], [-79.18791894200626, 0.815667556349166], [-79.18780371240626, 0.815212382919024], [-79.18861033225015, 0.810521463162234], [-79.19042323986017, 0.80560066837887], [-79.18938031174905, 0.802516352853292], [-79.18864088544144, 0.802371249758145], [-79.18770615173568, 0.802670779781557], [-79.18710070951921, 0.802630632015825], [-79.18595752465502, 0.802008705018039], [-79.1843786310787, 0.801459287561362], [-79.1834874772536, 0.801327137264976], [-79.18320028895081, 0.801121920160075], [-79.18276362651541, 0.80050148524028], [-79.18257034307398, 0.800428332942327], [-79.1812634278576, 0.800763596696771], [-79.18034387897406, 0.800656934029982], [-79.17965821834765, 0.80082409748034], [-79.17799272286983, 0.801925928846727], [-79.17620652373655, 0.802762932568952], [-79.17500255083648, 0.803517093577478], [-79.17430424875852, 0.803631259672843], [-79.17306371193632, 0.803384559777799], [-79.17241520409246, 0.804042845016357], [-79.17186859995167, 0.80603234496804], [-79.17158839003257, 0.806498639623239], [-79.16862023752375, 0.807866352454367], [-79.16779351839986, 0.808495344990659], [-79.16630778648202, 0.811164777464584], [-79.16496219973186, 0.812608090788727], [-79.164874201539, 0.812927888212461], [-79.16542732179627, 0.8142410405239], [-79.16490253360128, 0.815431261727839], [-79.1648479062409, 0.815851266610476], [-79.16500674996801, 0.816194597651967], [-79.16592251959656, 0.817095212166566], [-79.16623353498686, 0.819222000527972], [-79.1664105521587, 0.819521565971029], [-79.1613372525124, 0.819519224350471], [-79.16087574944616, 0.819411792849837], [-79.15981059569353, 0.819482780281613], [-79.15920691325395, 0.819732677093005], [-79.15838992868512, 0.820590050249745], [-79.15757309106812, 0.821125764989059], [-79.15718215458567, 0.821983332539914], [-79.15682696531145, 0.822304823068946], [-79.1557260807216, 0.822876143895814], [-79.1556194199181, 0.823197749599856], [-79.15565452983874, 0.824055514186146], [-79.15547687924762, 0.824341348617811], [-79.15448258492826, 0.824734017821648], [-79.15366599459736, 0.824733636495261], [-79.15146516423154, 0.823839121925411], [-79.15032913803515, 0.823624156038059]]]}, "properties": {"NUM_MUESTRA": 11, "PROVINCIA": "ESMERALDAS", "CANTON": "ELOY ALFARO", "PARROQUIA": "SANTO DOMINGO DE ONZOLE", "CIRCUNSCRIPCION": "CIRCUNSCRIPCIÓN RURAL", "TIPOLOGIA": "F", "ETIQUETA": "11 | F", "COD_SECTOR": "080259999006", "POB_T": 458, "V_PRES": 94, "AREA_KM2": 34.8421, "DENS_VIV": 2.7, "DENS_POB": 13.15}}, {"type": "Feature", "geometry": {"type": "Polygon", "coordinates": [[[-78.86316549091555, 0.929476270662949], [-78.86292306927852, 0.930090213755724], [-78.86225158744078, 0.930515003946154], [-78.86203726163333, 0.930893474805288], [-78.86113573242439, 0.931379282051681], [-78.86116129222115, 0.932172906619085], [-78.86067761562889, 0.933017184165895], [-78.8606687025465, 0.933778870147208], [-78.85890137641776, 0.930503038294828], [-78.86081528604508, 0.929621994725789], [-78.86230622274448, 0.928623363136697], [-78.86316549091555, 0.929476270662949]]]}, "properties": {"NUM_MUESTRA": 12, "PROVINCIA": "ESMERALDAS", "CANTON": "ELOY ALFARO", "PARROQUIA": "SELVA ALEGRE", "CIRCUNSCRIPCION": "CIRCUNSCRIPCIÓN RURAL", "TIPOLOGIA": "F", "ETIQUETA": "12 | F", "COD_SECTOR": "080260001001", "POB_T": 407, "V_PRES": 121, "AREA_KM2": 0.1015, "DENS_VIV": 1192.12, "DENS_POB": 4009.85}}, {"type": "Feature", "geometry": {"type": "Polygon", "coordinates": [[[-78.78200610020228, 0.816762557521282], [-78.78040425844803, 0.816635941217414], [-78.7802695865547, 0.816227065607483], [-78.78046119086493, 0.815097748654026], [-78.78037131148471, 0.814370679102115], [-78.78067696398872, 0.812610094859596], [-78.7810724570484, 0.811617230834011], [-78.78103701033983, 0.810775380910228], [-78.78089848867037, 0.810575866313788], [-78.7806141133877, 0.810655072010277], [-78.78040484941907, 0.811563223043847], [-78.78002829641775, 0.812169045933057], [-78.77892140169169, 0.812943431981413], [-78.77813787317334, 0.813146603290822], [-78.77605480836573, 0.812250806456789], [-78.77417705739214, 0.812379300249471], [-78.77323482446072, 0.811440125072586], [-78.7723830020731, 0.810276874603128], [-78.77195131532059, 0.809959995088787], [-78.77146539454893, 0.809855173700321], [-78.77026627817405, 0.810020581773292], [-78.76919031112622, 0.810365880910778], [-78.76704547158008, 0.811727842108179], [-78.7630720407481, 0.812658181482549], [-78.76271163135767, 0.812679632117814], [-78.76171876949746, 0.812338291370951], [-78.76015248999094, 0.811191294001818], [-78.75969953813761, 0.811030817800642], [-78.75867246675311, 0.811336952823551], [-78.75824342028213, 0.811757016345586], [-78.75783708629342, 0.811915823255872], [-78.75684424696098, 0.811540404590256], [-78.75562604172455, 0.810678350552586], [-78.75469884060172, 0.81025040905563], [-78.7536777472777, 0.810092666192775], [-78.75341917367867, 0.809913017682485], [-78.75297882670057, 0.808596022178194], [-78.75300294289383, 0.807950216836805], [-78.75287253886839, 0.807455124815797], [-78.75261501431318, 0.807016966622378], [-78.7515344787804, 0.806691289224755], [-78.75091140758596, 0.806357169826097], [-78.7502799449882, 0.805591383519273], [-78.7495956842963, 0.80505330559613], [-78.7485160755516, 0.805013891910906], [-78.74799567803068, 0.804761310442112], [-78.74757171433622, 0.80444085779291], [-78.7474653604394, 0.804119545778769], [-78.74763546744414, 0.80282258333509], [-78.7487875406367, 0.802170903606767], [-78.74905398690527, 0.80192028495722], [-78.74918725945113, 0.801537651524638], [-78.74920770439587, 0.80035695817076], [-78.74913658015006, 0.800079133026047], [-78.74876476419068, 0.799617092793294], [-78.74895326494708, 0.798774752204759], [-78.74965734745837, 0.798047373132173], [-78.75000161294803, 0.796450218228473], [-78.7509511527852, 0.795554340076811], [-78.75141442166775, 0.794441366352799], [-78.75130073778159, 0.793952584438449], [-78.75083870268497, 0.79308690514141], [-78.75133833206421, 0.789056936202561], [-78.7513162315647, 0.788182244034829], [-78.75098966955902, 0.786898447491369], [-78.75114810316174, 0.786057931720697], [-78.75104846021222, 0.784420716665335], [-78.75117946800742, 0.783811127052834], [-78.75174257153532, 0.782596778420864], [-78.75246312950185, 0.781672616590125], [-78.75278744342467, 0.781496344715453], [-78.75427895522164, 0.780088196796033], [-78.75460802878145, 0.778348837956746], [-78.75500050935317, 0.77780166312153], [-78.7553815348747, 0.77687535468529], [-78.7554673479986, 0.776358746791205], [-78.75534012002059, 0.775768494743714], [-78.75477832934502, 0.773699318454488], [-78.75421747740684, 0.772650205052358], [-78.75421351649226, 0.772257810363851], [-78.75448171466199, 0.771442640447696], [-78.75542613342512, 0.769627460792533], [-78.75564902956671, 0.767703411597097], [-78.75587058265893, 0.766777279794823], [-78.75641583654654, 0.765438773387889], [-78.75646409586756, 0.765080725374213], [-78.75613140507167, 0.764082403444021], [-78.75614765121773, 0.763659690420852], [-78.7566975467205, 0.763167070504533], [-78.75693524918947, 0.762771623440843], [-78.75749660432773, 0.756896882239686], [-78.75729920108456, 0.756391307826748], [-78.75674827581562, 0.75574041815612], [-78.75661086159172, 0.755296646000627], [-78.75754322224844, 0.753903202836935], [-78.7579248405526, 0.752925875552337], [-78.75797129804084, 0.752555059937186], [-78.75768077082886, 0.751685501374783], [-78.75755386160611, 0.750165319497638], [-78.75839025574928, 0.747518980920649], [-78.7590787699299, 0.747201268711468], [-78.76072159840876, 0.747099730419207], [-78.76080523236236, 0.746948358401558], [-78.75987844333874, 0.745465679216252], [-78.75969098644073, 0.74439141372333], [-78.7597348995021, 0.743975497417061], [-78.76094051241841, 0.742654715177147], [-78.76134509057917, 0.742028685715078], [-78.76203869473379, 0.741827667075306], [-78.76292470696988, 0.741779886139741], [-78.76287429623906, 0.741527638082162], [-78.76169698115787, 0.740937694614715], [-78.76154977704496, 0.740707994810103], [-78.76149716862943, 0.74021070539151], [-78.76148625563944, 0.739472329240883], [-78.76165036288134, 0.738730921161145], [-78.76214570951014, 0.737876824582045], [-78.76242762893152, 0.736762416238693], [-78.76465287281563, 0.737134324682887], [-78.76495146456877, 0.737002619986778], [-78.76522490401541, 0.736632008831515], [-78.76547420827329, 0.735858652901355], [-78.76555942296508, 0.735253205882912], [-78.76540362383088, 0.73404620298001], [-78.76418668693273, 0.732561400782001], [-78.76352152881591, 0.731300154619638], [-78.76328498189044, 0.730436708500963], [-78.76320382244212, 0.728633735926071], [-78.76358244489023, 0.726969138650383], [-78.7629886802773, 0.725467307357974], [-78.76276445713802, 0.725222117014825], [-78.76261083101447, 0.724518038957915], [-78.76266864793554, 0.723921154564345], [-78.76179591008868, 0.722965949277043], [-78.76158959582538, 0.722546757853776], [-78.76949175954881, 0.717606943447104], [-78.7713961928683, 0.716901707233473], [-78.77471642414721, 0.715935957440987], [-78.77856054248427, 0.715498115957147], [-78.78042402381965, 0.714859631736705], [-78.78261022373202, 0.714336606052918], [-78.78253741571496, 0.715773274888351], [-78.78277424302753, 0.716685209655128], [-78.78486931684087, 0.720985687610498], [-78.78593042277869, 0.724221971111436], [-78.7863952769989, 0.725113047461656], [-78.78890958499892, 0.72678931061145], [-78.78969174605314, 0.727641490773311], [-78.79036857359533, 0.729934132100234], [-78.79070922698898, 0.730821713722912], [-78.7912180230548, 0.731654416270705], [-78.79198109875105, 0.732231577273615], [-78.79286744541032, 0.732517699821607], [-78.79708044730339, 0.733330549417093], [-78.79750843275573, 0.733590768367941], [-78.79844937627665, 0.734985468094959], [-78.7990115171722, 0.735282817908179], [-78.80305579588735, 0.73535083129647], [-78.80408365895882, 0.735690727005616], [-78.8049322162791, 0.736501183191876], [-78.8051179595764, 0.737004655142749], [-78.80509695863101, 0.738620555802262], [-78.80556204003213, 0.739597711188428], [-78.80628801556175, 0.7403988894055], [-78.80731902195026, 0.740926471859927], [-78.81203600381536, 0.742246769618167], [-78.81305352789704, 0.742623008366348], [-78.81396999603993, 0.743225391035575], [-78.81498973508198, 0.745117925097568], [-78.81635203263085, 0.746782446915801], [-78.81817280589834, 0.747531745456947], [-78.81831435841143, 0.748229577368942], [-78.818226478663, 0.749049155772894], [-78.81839492447583, 0.749479394855583], [-78.81987249163232, 0.75068598173184], [-78.8218058725723, 0.75183656806241], [-78.82458728922445, 0.755222803430577], [-78.82501808444948, 0.755505017444631], [-78.82502261915415, 0.75607128909449], [-78.8253922290184, 0.757070206160258], [-78.82544004758459, 0.758431133036084], [-78.82600056712936, 0.759481408636227], [-78.82675012012051, 0.760386043930577], [-78.82685630858596, 0.760679650893222], [-78.82669103923298, 0.762109393060713], [-78.82617870108945, 0.763351166540063], [-78.82612133363585, 0.76379303989933], [-78.82634183623414, 0.764365794878984], [-78.82668202506707, 0.764541160785007], [-78.82876535434752, 0.764338267211159], [-78.82906146421982, 0.764359336473971], [-78.82930553042007, 0.764563415827378], [-78.83058255283052, 0.766491184944489], [-78.83160574425497, 0.766972833465109], [-78.83224689332937, 0.767856968352416], [-78.83211343965516, 0.769795787830216], [-78.8323472105633, 0.769814211474248], [-78.83280456778759, 0.769440526860236], [-78.83320204338416, 0.769341366501967], [-78.83415944930908, 0.770217821157103], [-78.83412030742734, 0.770570802491106], [-78.83362391191785, 0.771090897280813], [-78.83365490005481, 0.77145175910977], [-78.8339638855082, 0.771695095826856], [-78.83465221805355, 0.771734670426785], [-78.834735435131, 0.771546445737217], [-78.83466328631695, 0.77039327242045], [-78.83477768444698, 0.770184145011593], [-78.83516224037274, 0.76995162252624], [-78.83730918541868, 0.768966930495771], [-78.83820160865417, 0.769506040307409], [-78.8382723594442, 0.770001150680831], [-78.83805398667587, 0.770353169012312], [-78.83759504459394, 0.770431378925289], [-78.83732996886474, 0.770678780868685], [-78.83728101250459, 0.771606147824469], [-78.83730508258584, 0.771949574476088], [-78.8376597213191, 0.772664474921067], [-78.83857020435126, 0.773107856659596], [-78.83837429550897, 0.77389381105579], [-78.83838071997113, 0.774883962940004], [-78.83822811427419, 0.775309229651093], [-78.83830409336878, 0.775734614773723], [-78.8387365353893, 0.776690121012364], [-78.83894425754455, 0.776854091057406], [-78.84067912851846, 0.777454652636345], [-78.84082796351456, 0.777636024198378], [-78.84072365634796, 0.778430879291231], [-78.840213708937, 0.780048326171183], [-78.83992247129254, 0.780654816038337], [-78.8389140844115, 0.781689767519787], [-78.83884124096956, 0.7819093755999], [-78.83904185993802, 0.782416756489267], [-78.83953762910218, 0.782653928424107], [-78.84014714045287, 0.782590709227822], [-78.84048794547695, 0.782313690460095], [-78.84069835771193, 0.782317396853991], [-78.840534357985, 0.782502169725902], [-78.8408412525354, 0.782538432467109], [-78.84102568012226, 0.782704480697524], [-78.8413429047616, 0.783499156472921], [-78.84111824483524, 0.784511689264046], [-78.84156251418338, 0.784804566536286], [-78.8416713687216, 0.785044298414805], [-78.84161697574329, 0.78525675150973], [-78.84113518635296, 0.785536774968243], [-78.84103064373176, 0.785771228046485], [-78.84130982419606, 0.786935198237186], [-78.84108601211003, 0.787150778710478], [-78.84069494724959, 0.787266980944462], [-78.83940297846705, 0.787370841492788], [-78.83918626259391, 0.787587973019124], [-78.83915028537463, 0.787871263768456], [-78.8395230420724, 0.788641417534571], [-78.83950850046585, 0.789671874044587], [-78.83966679071504, 0.790402121958725], [-78.83962104110559, 0.791666720441677], [-78.83993192417738, 0.792832013758402], [-78.83996032329662, 0.795452557531557], [-78.83968669008502, 0.796530785727175], [-78.83970543504132, 0.798073375565817], [-78.83993327465731, 0.798719395311695], [-78.84090649580617, 0.800016299652886], [-78.84112827539361, 0.801324652905208], [-78.84131252163229, 0.801699222052886], [-78.84214629913248, 0.802429174499844], [-78.84214353845722, 0.808375938872637], [-78.84168479151019, 0.808310661715738], [-78.8405072623457, 0.810862984377711], [-78.83948093257796, 0.812141447228581], [-78.83778614956584, 0.812016391572354], [-78.83606659105062, 0.813295342521603], [-78.83528586396976, 0.813310330064778], [-78.83386241958381, 0.81290890756241], [-78.8320863863494, 0.813447288984027], [-78.83149506487311, 0.813257641641253], [-78.82979113564917, 0.811627698319302], [-78.8291483016223, 0.81142702571865], [-78.82819920925743, 0.811411101857526], [-78.82727494169802, 0.811179148032654], [-78.82674531838768, 0.810701470427571], [-78.82627852666367, 0.809584545180169], [-78.82447290804896, 0.809128455847174], [-78.82375372254901, 0.808581023758052], [-78.82315682778919, 0.808357261775394], [-78.82273585644855, 0.808357034500272], [-78.82235289673159, 0.80884223121789], [-78.82197015653213, 0.80891907300001], [-78.82090593174892, 0.80874808746427], [-78.81984243183683, 0.808748416412871], [-78.81855682491319, 0.808254614044272], [-78.81733346729737, 0.805850056152856], [-78.81669059013865, 0.805741841162999], [-78.81571077559957, 0.805941637456236], [-78.81436338019097, 0.806495654239212], [-78.81331815978416, 0.807278486079487], [-78.81313797131966, 0.807943488494947], [-78.81238764440187, 0.80838995792925], [-78.81108622392475, 0.808851538181008], [-78.80819091248895, 0.809126286099072], [-78.80627911703588, 0.809650216401392], [-78.80574319983363, 0.809911885344727], [-78.80540644493564, 0.809880884074829], [-78.80485566019927, 0.809325842583806], [-78.80135015866324, 0.809339339257642], [-78.8010380459089, 0.810316236156825], [-78.80113683290665, 0.810822563284279], [-78.8010886121247, 0.811773885557933], [-78.80042913260462, 0.814069527930492], [-78.80001188099112, 0.814959461778334], [-78.79867667901406, 0.816280640229214], [-78.79854474757032, 0.816873001837074], [-78.79794735646297, 0.817581503677854], [-78.79662647323171, 0.818311195411092], [-78.79628735926974, 0.818790880830955], [-78.79587941579886, 0.820122907947551], [-78.79540477288074, 0.820307557527798], [-78.79514434454659, 0.820661827183371], [-78.7952123562804, 0.821381670308658], [-78.79537338835684, 0.821709790919222], [-78.79536942179045, 0.822548802930241], [-78.79500510346128, 0.823342979218801], [-78.79229447169469, 0.825437137399971], [-78.79129167239158, 0.825690830732131], [-78.78925080750643, 0.825004630443455], [-78.7877687367978, 0.824257758181486], [-78.7856366401334, 0.822904755776848], [-78.78316600296624, 0.821551568802445], [-78.78260248207742, 0.821089507893905], [-78.78234293098944, 0.820244741966927], [-78.78234428025571, 0.817791045384557], [-78.78200610020228, 0.816762557521282]]]}, "properties": {"NUM_MUESTRA": 13, "PROVINCIA": "ESMERALDAS", "CANTON": "ELOY ALFARO", "PARROQUIA": "TELEMBÍ", "CIRCUNSCRIPCION": "CIRCUNSCRIPCIÓN RURAL", "TIPOLOGIA": "E", "ETIQUETA": "13 | E", "COD_SECTOR": "080261999005", "POB_T": 514, "V_PRES": 74, "AREA_KM2": 78.8095, "DENS_VIV": 0.94, "DENS_POB": 6.52}}, {"type": "Feature", "geometry": {"type": "Polygon", "coordinates": [[[-78.95696624049776, 0.674584411340642], [-78.95696668727841, 0.67351269026625], [-78.95660588989772, 0.672517365974112], [-78.95587446786233, 0.67130180130351], [-78.95521920030636, 0.669818339164903], [-78.95492511122006, 0.668411582189269], [-78.9542125440712, 0.667569216116042], [-78.95419371556717, 0.66712903739402], [-78.9545076305981, 0.666564601334463], [-78.95628575784751, 0.665130001538935], [-78.95679934806893, 0.664422113379173], [-78.95680899089173, 0.664087205312769], [-78.95621074404346, 0.662622906303337], [-78.95580225556549, 0.662010324590666], [-78.95562211819204, 0.660871544495678], [-78.95518534354862, 0.659694383952504], [-78.95501431483466, 0.65952207074661], [-78.95451047131482, 0.659646258819977], [-78.95299868879206, 0.66064080258354], [-78.950679364081, 0.660591994144482], [-78.94940542522676, 0.661089049574156], [-78.94855937658063, 0.661232230917718], [-78.94626864707922, 0.661011191901574], [-78.94508022859725, 0.661584830441101], [-78.94405307706721, 0.662943182077983], [-78.94350091444257, 0.664990690104489], [-78.94313946464283, 0.665574238999713], [-78.94248338687419, 0.666061977358972], [-78.94039177383286, 0.66705625669593], [-78.93713044108623, 0.669370539131021], [-78.93353588509763, 0.672957319838313], [-78.9320334931506, 0.674229329350124], [-78.93106373549645, 0.674716923947376], [-78.93021772471707, 0.674788326466533], [-78.92946191251589, 0.675103773733228], [-78.92877704324356, 0.676237379460797], [-78.92809231946204, 0.677026510610699], [-78.92770732658536, 0.677083757467817], [-78.92688054668608, 0.676638453611544], [-78.92569787554619, 0.674872506461071], [-78.92493412118758, 0.674308418930237], [-78.92416193140383, 0.67402102531663], [-78.92234940512307, 0.673014794878151], [-78.92185812698303, 0.671077647497925], [-78.92209623907527, 0.669941462368267], [-78.92174003135761, 0.669367185130759], [-78.92149087964378, 0.668505892179596], [-78.92183591502453, 0.667393672123366], [-78.92286998204379, 0.666532926428415], [-78.92414158761767, 0.665899536514131], [-78.92439124215485, 0.665564734442653], [-78.92472437966634, 0.664488391470372], [-78.92479590510963, 0.663926256272128], [-78.92468936267548, 0.662981295625236], [-78.9247973294148, 0.662594507911618], [-78.92508166790067, 0.662479101331758], [-78.92535507650165, 0.662168232745761], [-78.9257712985431, 0.66129525747078], [-78.92574775217315, 0.660768965913909], [-78.92539923516259, 0.659656699223862], [-78.92471818087354, 0.658262653469974], [-78.92387262455254, 0.655505363244856], [-78.92369471974594, 0.654727827371507], [-78.92364783297697, 0.653172884668314], [-78.92272818381096, 0.650295898141203], [-78.92281893159682, 0.650039023968244], [-78.92317839994628, 0.649919563419258], [-78.92344590186701, 0.649515991802569], [-78.92373321458517, 0.647766575630192], [-78.92423269091789, 0.646666374464267], [-78.92424474819887, 0.646235784428446], [-78.92380561797728, 0.645027548947902], [-78.9238057391766, 0.644728526179848], [-78.92424574202828, 0.643783791439639], [-78.92459120236322, 0.641571158196269], [-78.9250791377654, 0.639609760975988], [-78.9250558405622, 0.638449538864556], [-78.92451023964217, 0.63606908786577], [-78.9246058611655, 0.634645773627092], [-78.92449917249533, 0.63402376123882], [-78.92360874428346, 0.632289066969763], [-78.92250393544263, 0.631834104903579], [-78.92220708557612, 0.631355547866335], [-78.92229059339353, 0.630506355967149], [-78.92320632329123, 0.628365716390548], [-78.92371749205216, 0.627708067917321], [-78.9237057135341, 0.627444922695604], [-78.92330195691515, 0.626894558892989], [-78.92162705488641, 0.62587721037493], [-78.92040369973094, 0.624740434278067], [-78.91972679332062, 0.623867018824254], [-78.91875359709542, 0.621091700209245], [-78.91873021606972, 0.620110896584838], [-78.91925340194847, 0.619094427727433], [-78.91951486555469, 0.618915117291411], [-78.9208457387583, 0.618556815034994], [-78.92120225351785, 0.618377541733301], [-78.92135683977676, 0.618054657911426], [-78.92123836265438, 0.617181462933631], [-78.92097717403837, 0.616655079996543], [-78.92057342012924, 0.616092758049788], [-78.91949253921642, 0.615219185809771], [-78.91912449343896, 0.614489426582667], [-78.91921968955252, 0.614118674832786], [-78.9204558031377, 0.612994833085554], [-78.92072928193984, 0.612468659976739], [-78.92095531071622, 0.611739132727124], [-78.92082506484044, 0.610566910649435], [-78.92027882768974, 0.60975335654375], [-78.91909086777365, 0.609250536209203], [-78.91850870614523, 0.609166581935644], [-78.91688178930006, 0.609485502213118], [-78.91620692040101, 0.609485239306766], [-78.91589325605742, 0.609465979407642], [-78.91553216495082, 0.609188346502928], [-78.91549439823322, 0.608528090689913], [-78.91592722249385, 0.607647938599121], [-78.91717298662219, 0.606122212462389], [-78.9169213656917, 0.605423598819178], [-78.91640350609471, 0.604968885005714], [-78.91614608145923, 0.604476996702537], [-78.91639927930026, 0.603590989145116], [-78.9170030116766, 0.603189335058037], [-78.91715520508639, 0.602897548198992], [-78.91705352264836, 0.602247906136105], [-78.91586220924117, 0.601103916399053], [-78.91447001268722, 0.600280473517489], [-78.91315850019257, 0.599753692123769], [-78.91238882772511, 0.599102725998792], [-78.91104856523503, 0.59919789876818], [-78.9096701166823, 0.599733214870122], [-78.90883360760625, 0.599885991100546], [-78.90718721511251, 0.599901701064432], [-78.90691705987189, 0.599515860238803], [-78.90682241115128, 0.598454301407794], [-78.90518488468244, 0.596602541213495], [-78.90462466658514, 0.595061776602399], [-78.90427308997616, 0.594765013470505], [-78.90347475206217, 0.594525492223211], [-78.90059476816681, 0.594371292072147], [-78.89972045755091, 0.593959507371994], [-78.89954946783625, 0.593691520864837], [-78.89948326038447, 0.592820753467354], [-78.8998734440502, 0.591557845020119], [-78.89977859443599, 0.591021966656087], [-78.89947453430088, 0.590753929804586], [-78.89900884960228, 0.590581517978156], [-78.89744056657057, 0.590446961316758], [-78.89697476114434, 0.590599879837715], [-78.89673707011494, 0.590772025341545], [-78.89617585267526, 0.591891335545139], [-78.89521561507784, 0.592493789792501], [-78.8935617317857, 0.592512293287316], [-78.8928679090687, 0.592397205017778], [-78.8918605247749, 0.592004507779835], [-78.89129969626026, 0.592090409853252], [-78.8911377318643, 0.593095045899894], [-78.89147958910172, 0.593946778161302], [-78.89156483280865, 0.594741002628326], [-78.89138394640747, 0.595506417238313], [-78.89099394535234, 0.596281320126619], [-78.89026167275009, 0.597295302392196], [-78.889947945808, 0.597457847287125], [-78.88792325155514, 0.59779196310519], [-78.88750489575374, 0.598145836636054], [-78.88737169210992, 0.598490251447287], [-78.88745698866546, 0.599140944623126], [-78.88703859765322, 0.599590504240992], [-78.88710463905747, 0.600872712463101], [-78.88694284799088, 0.601408488099428], [-78.8864105429214, 0.601475257978233], [-78.88487085851267, 0.601149327765848], [-78.88373062890084, 0.600192033273383], [-78.88323662048103, 0.599541182441731], [-78.88297055828814, 0.599340138849529], [-78.88267591144462, 0.599320887782886], [-78.88210548748464, 0.599645994599542], [-78.88153486281378, 0.600497367829899], [-78.88036542997898, 0.601329369902279], [-78.88034630990117, 0.601616418296681], [-78.88093539602173, 0.602190757074542], [-78.88263175023765, 0.602539613035186], [-78.88331477232299, 0.602922620418302], [-78.88364706350326, 0.60391548322385], [-78.88409248046528, 0.604250555377062], [-78.88440710582177, 0.604836750686658], [-78.88438313046012, 0.605386930870312], [-78.88421666291589, 0.60572176390808], [-78.88401461245117, 0.605901094129637], [-78.88276098631212, 0.6063012819781], [-78.88233333170956, 0.606121704071309], [-78.88113962646354, 0.605200266336662], [-78.88033187248826, 0.604837801101386], [-78.87946452001451, 0.604828828375576], [-78.8788049555842, 0.605235228623031], [-78.87833531251216, 0.606096206485667], [-78.87797230920155, 0.607704763254215], [-78.87773460573955, 0.607907998969448], [-78.87636806552264, 0.608427743175403], [-78.87599364397461, 0.608846215110403], [-78.87570270882492, 0.611482608613187], [-78.87532072274628, 0.613006232849281], [-78.87470224685492, 0.6146625237755], [-78.87433388275228, 0.614781981820051], [-78.87402499564833, 0.614722055140314], [-78.87124434799605, 0.613538809147127], [-78.87098990811275, 0.617005195969003], [-78.87058162011488, 0.618385679363589], [-78.869358089406, 0.619168794378858], [-78.86713395710636, 0.619429097113881], [-78.864576356322, 0.619353431987581], [-78.8627045768059, 0.619091468651986], [-78.85973661913877, 0.618023620689045], [-78.85489440992254, 0.617858991925857], [-78.85370378327346, 0.618224495648221], [-78.8529620792199, 0.619038696506823], [-78.85250186362236, 0.6200826513814], [-78.85222027451977, 0.620104064540382], [-78.85075976741047, 0.617972127591033], [-78.85042146820378, 0.617204134747477], [-78.84971248976119, 0.616410873188195], [-78.8496092575042, 0.616080724792922], [-78.84917446824574, 0.615944200619767], [-78.8489574811165, 0.614856915076012], [-78.84908955480266, 0.6143725741929], [-78.84985641104394, 0.613038107632556], [-78.85004915360483, 0.612360032697742], [-78.85013504614567, 0.611484568039417], [-78.85001416954638, 0.610705898596923], [-78.85114409860103, 0.610587945879156], [-78.8516716916583, 0.610394399924989], [-78.85230281697835, 0.60978108633507], [-78.8523399086784, 0.609122322899679], [-78.85270514393837, 0.608489047107744], [-78.85247560209518, 0.607289088305087], [-78.8525805715101, 0.606230874796857], [-78.85250519516813, 0.604550648898155], [-78.85209864152334, 0.603909409896715], [-78.85113118086232, 0.603587529501978], [-78.85048122384464, 0.603152870243919], [-78.85016019094506, 0.602570989937691], [-78.8491245657464, 0.601562080760393], [-78.84886071323355, 0.600591750579997], [-78.84806703161925, 0.599704647492396], [-78.84463166905569, 0.598160403622787], [-78.84431096854162, 0.597944991301776], [-78.84299162810487, 0.596331022780381], [-78.84227893266262, 0.595925285704812], [-78.84167304198452, 0.595835345211018], [-78.8412097805606, 0.595594760129189], [-78.8406290628046, 0.594934322971837], [-78.83927823055924, 0.594872792822267], [-78.83883988962889, 0.594711156208836], [-78.83839450502498, 0.594330643048392], [-78.838034532256, 0.594287444241354], [-78.83784560027384, 0.594355543881351], [-78.8370468686034, 0.595223544132923], [-78.83631620516334, 0.595201727504426], [-78.83557827037075, 0.595545890644891], [-78.83376410479269, 0.595448295349605], [-78.83312962529989, 0.595559274001475], [-78.83277327151521, 0.59537972926859], [-78.83267376471375, 0.594629783498087], [-78.83223183763258, 0.594529143002459], [-78.8315315943918, 0.594659281180628], [-78.83005438865595, 0.594426096449448], [-78.82925861374903, 0.593815811636157], [-78.82767910777079, 0.592176640390652], [-78.82715639166655, 0.592080753029856], [-78.8230810228335, 0.592772832023083], [-78.82165529422542, 0.592879907149527], [-78.82121555321878, 0.593274418209837], [-78.81977794853852, 0.593369529376233], [-78.81907706587886, 0.593165929251644], [-78.81880405914657, 0.592531933593327], [-78.81821031861261, 0.591778211632978], [-78.81736698650627, 0.591275552853995], [-78.81701071526109, 0.590892686604656], [-78.81643628819259, 0.589449579300318], [-78.81619455344492, 0.587778417995763], [-78.81540990029707, 0.586079775449754], [-78.81465465531514, 0.58513941514426], [-78.81297871776547, 0.582510530358995], [-78.81308978487907, 0.58101077966348], [-78.812983164693, 0.580217785353064], [-78.81337190592191, 0.579579268245757], [-78.8133118055248, 0.578298319809255], [-78.81399569592053, 0.575910993730577], [-78.81398000499256, 0.574476573913824], [-78.81385681689241, 0.573500583599924], [-78.81328211792486, 0.572648805232039], [-78.81318373060745, 0.571278740290511], [-78.81245966160884, 0.569562191302432], [-78.81183011407936, 0.56923304943777], [-78.81074315956006, 0.568915691999941], [-78.80997111732178, 0.568395134463619], [-78.80850289505771, 0.567820192488008], [-78.80790337741128, 0.566622763966682], [-78.8072905459987, 0.566077153069113], [-78.80705535331406, 0.56596224652352], [-78.80617917184514, 0.565937993124525], [-78.80506854185951, 0.565405349361041], [-78.80366669090299, 0.565267275135146], [-78.80344695636467, 0.565120681961996], [-78.80293335943063, 0.564492586108703], [-78.80254754075017, 0.563700089653241], [-78.80171007493638, 0.563406751816758], [-78.80024907948084, 0.56258992755555], [-78.79952304629225, 0.561364951175271], [-78.79899604821921, 0.560037194627042], [-78.79866328082525, 0.558645726420641], [-78.79881108252164, 0.557344538164494], [-78.79911065444217, 0.55684711665311], [-78.79987595550806, 0.556311597400843], [-78.80000439109874, 0.555971982419084], [-78.79989053441905, 0.555440916101217], [-78.798954882517, 0.554010153689699], [-78.79899789213795, 0.553359547680219], [-78.79934054293365, 0.552020158775459], [-78.79886107447737, 0.550651760591695], [-78.79917083852907, 0.548269449414325], [-78.7997082335021, 0.54717889919316], [-78.79966418209807, 0.546131667868693], [-78.80000948541594, 0.544008899350632], [-78.79867676492765, 0.543276459664797], [-78.79813092997806, 0.54225906463534], [-78.79667887716823, 0.541346586446825], [-78.7962164289818, 0.540586483147473], [-78.79597409918715, 0.540500282248447], [-78.7956319500327, 0.540481021923027], [-78.79508536748656, 0.540715236674602], [-78.79515140461115, 0.542078693537783], [-78.79476143838326, 0.54287747395788], [-78.79382010154497, 0.544001360971818], [-78.7929646980044, 0.544044101555527], [-78.79163909511334, 0.543359506213517], [-78.79145392565994, 0.542904961912643], [-78.79183921445535, 0.541900471455269], [-78.79188732452475, 0.540273941630839], [-78.79057064365172, 0.537907790966468], [-78.79033563957951, 0.537276223053905], [-78.79030691388267, 0.536766401507174], [-78.90971852390285, 0.441120668042608], [-78.91030272055715, 0.439892579235417], [-78.91038826366054, 0.439084857885168], [-78.9103456698054, 0.437879285352291], [-78.910018014708, 0.436683940096398], [-78.90822103664708, 0.432667227604975], [-78.90609435600321, 0.429007290379382], [-78.90540856708901, 0.427365034321456], [-78.90501986631973, 0.426056934069673], [-78.90501777795585, 0.407940555117543], [-78.91139539571273, 0.406396454338603], [-78.91099898361014, 0.401543711639914], [-78.91221395564075, 0.40093377509617], [-78.91321895441598, 0.400169864133022], [-78.91420428769358, 0.398931865060684], [-78.91608587338774, 0.396129774346762], [-78.91697110620703, 0.395118005866437], [-78.9177971724956, 0.394450896247052], [-78.92164098063455, 0.393396909354648], [-78.92329829277882, 0.393417493405832], [-78.9267006940493, 0.393807441733919], [-78.92774836765514, 0.393700495352188], [-78.92950769003284, 0.392234909176436], [-78.93146836291073, 0.391123023560646], [-78.93384889578685, 0.390246535231979], [-78.93569348263301, 0.388892605127814], [-78.93676587582247, 0.387765143758143], [-78.936853319842, 0.387907429026952], [-78.93671802409133, 0.391112410184201], [-78.93703105024593, 0.394633464565846], [-78.93707530008172, 0.39698080836316], [-78.9364021292067, 0.399237705186536], [-78.93568390840028, 0.402307096572998], [-78.9338887481022, 0.408445783275488], [-78.93334950326467, 0.413004871518096], [-78.93339368899258, 0.415487623094955], [-78.93406535576457, 0.419008796314437], [-78.93500630581991, 0.421582074218165], [-78.93554348772761, 0.424967778907586], [-78.93621565836034, 0.426547887713009], [-78.93697749841559, 0.428218318614487], [-78.9413254649227, 0.433862139488373], [-78.94383563011425, 0.437067854473812], [-78.94885613401684, 0.44298277450773], [-78.95100765547856, 0.445872413294713], [-78.95329377016857, 0.448626688981392], [-78.95508657657086, 0.451471098056275], [-78.95669998879004, 0.454541197922386], [-78.95750692142177, 0.455263677229472], [-78.95929973113917, 0.458153260823798], [-78.96001674821028, 0.459688275331843], [-78.96176475201129, 0.462397266200642], [-78.9731955534237, 0.475175755907869], [-78.97409200282011, 0.476394874725143], [-78.97512275127292, 0.478471712825835], [-78.97655695321623, 0.480909818135754], [-78.97834945597485, 0.484792581340024], [-78.97942480567329, 0.487591705918833], [-78.97973800286245, 0.489939190100181], [-78.9803652935116, 0.491609657189679], [-78.98049916093868, 0.49368622332527], [-78.9801392542169, 0.497568353870284], [-78.98027231718626, 0.502308297710834], [-78.98018172890536, 0.505242531297824], [-78.97955323489175, 0.50749942926194], [-78.97793772659955, 0.511381147023418], [-78.9779372576261, 0.512825679287272], [-78.97820592016757, 0.514089763931635], [-78.98152270452383, 0.518830734180435], [-78.98412199249863, 0.523616675550231], [-78.98546664413172, 0.525513078287904], [-78.98734956524859, 0.526913115898448], [-78.9903536355998, 0.527997513881984], [-78.99470232423678, 0.531113780052113], [-78.99905084246164, 0.534726607478444], [-79.00212009918818, 0.538609926839258], [-79.00266784875107, 0.539460322721397], [-79.00283806986619, 0.539974972554698], [-79.0052866560668, 0.542505978942895], [-79.00658585642938, 0.542763690754207], [-79.00851477186134, 0.542485829528041], [-79.00915655635464, 0.542098493099116], [-79.0117447494018, 0.541130484665025], [-79.01422588017412, 0.540600190119266], [-79.01649302241628, 0.540486116597629], [-79.0180684598697, 0.540823955499875], [-79.01900948010658, 0.540881687922629], [-79.01963693250522, 0.54066658288378], [-79.02141963533138, 0.53951886798486], [-79.02216127918909, 0.538887516481082], [-79.02334522802184, 0.537323336067801], [-79.02412311630731, 0.534876237967205], [-79.02424550080171, 0.531165787192098], [-79.02453093114231, 0.530347705256334], [-79.02563659705693, 0.528403092752777], [-79.02620716515189, 0.527656891575567], [-79.02810405326893, 0.526035492042687], [-79.03010037350646, 0.525605502630354], [-79.03159060585891, 0.524995947367986], [-79.034229032616, 0.523030265628427], [-79.03750203862718, 0.520899728105587], [-79.04103906865805, 0.518015665858188], [-79.04220123241288, 0.517736154432781], [-79.0450741196037, 0.518447572456492], [-79.04659975779708, 0.518562863933528], [-79.05035698071353, 0.518355920714564], [-79.05289502358266, 0.518371049565958], [-79.05546169618023, 0.517998643511662], [-79.05677371779835, 0.51731003770218], [-79.05749384890129, 0.51707342614508], [-79.05889089775873, 0.518093018291892], [-79.06266197864458, 0.519307117831496], [-79.06520000713574, 0.519408377524549], [-79.06726765042544, 0.519035817167111], [-79.06832290629023, 0.518677273201684], [-79.06962780998549, 0.517967146542733], [-79.07168153665874, 0.516474931791101], [-79.07276553430415, 0.515413042055282], [-79.0751549556526, 0.511932820838657], [-79.07542591986292, 0.511731939625574], [-79.07827090741227, 0.510634691243865], [-79.08069503997241, 0.510219159357318], [-79.08500867741299, 0.509151056580845], [-79.0898926564267, 0.508226658250979], [-79.09187488621714, 0.507423395241505], [-79.09712979778986, 0.505910543048716], [-79.10164294216118, 0.50537359471657], [-79.10458047364706, 0.504828986725002], [-79.10565004775118, 0.504326880732677], [-79.1065271837748, 0.503645312288269], [-79.10792468599566, 0.503243800645315], [-79.11036304837404, 0.503100974092526], [-79.11184595760274, 0.503230583771449], [-79.11429097106335, 0.504731367207662], [-79.11528905134323, 0.504990047267259], [-79.11831198132693, 0.505005291198521], [-79.11934743274286, 0.504848743466667], [-79.12057952401662, 0.504953559195211], [-79.12278476085469, 0.503622426996114], [-79.12440638571044, 0.502160594576137], [-79.12864191367153, 0.498943340535584], [-79.1297641043638, 0.49782732189193], [-79.13081688550085, 0.496265431546336], [-79.1323144964337, 0.494892578687738], [-79.1332296434655, 0.494222933682064], [-79.13412811764935, 0.493804484992711], [-79.13554231938082, 0.493268994307645], [-79.13647397987177, 0.493068281406884], [-79.13808774570745, 0.492784029389873], [-79.13965152694779, 0.492817966414973], [-79.1409156441144, 0.493538465782011], [-79.14377950094855, 0.496899415006873], [-79.14489876311907, 0.498612881228669], [-79.14624546363329, 0.501307154544212], [-79.14804777130375, 0.503543026208403], [-79.14969213202869, 0.505046483522546], [-79.15141864699025, 0.506963900271401], [-79.15191196730848, 0.507333428331049], [-79.15559954355982, 0.509467979935551], [-79.1568266951547, 0.50988863063672], [-79.15864865528339, 0.509800006422098], [-79.15952166748144, 0.509889399792547], [-79.161970321779, 0.508457198762752], [-79.16283070456569, 0.50833006280614], [-79.16446318265476, 0.507209677739679], [-79.16567160681042, 0.506745117119821], [-79.16634220951717, 0.506668870840734], [-79.16712660887868, 0.506847420775578], [-79.1697963258391, 0.506682613526793], [-79.17034045287392, 0.506478971068665], [-79.17171984729556, 0.505473125400339], [-79.1726435797386, 0.505116738664533], [-79.17347879216533, 0.504594746791027], [-79.17917936462806, 0.502373706174665], [-79.18378473763369, 0.499831534108555], [-79.18474938090641, 0.500169486485324], [-79.18603999749948, 0.499714451464996], [-79.18653907975872, 0.499757656299546], [-79.18700952042776, 0.500245870297608], [-79.18739414962187, 0.50165280582151], [-79.18745097537663, 0.502428013236821], [-79.18799274266838, 0.502815760459663], [-79.18819228123387, 0.503174701423215], [-79.18864528277642, 0.503572716596365], [-79.19065884008799, 0.503147745202905], [-79.1910594195211, 0.502911960170698], [-79.19143130329213, 0.502956554370517], [-79.19199393273115, 0.503710770993504], [-79.19286581849876, 0.504282619315391], [-79.19318955945175, 0.504640220594096], [-79.19335728529137, 0.505105104361932], [-79.1933072856286, 0.505592043134834], [-79.19389602200911, 0.506777784668328], [-79.19399061598847, 0.508477256670067], [-79.19376941422897, 0.5090995032166], [-79.19330257438281, 0.509617045310695], [-79.19239426849758, 0.510005301575915], [-79.19215645891262, 0.510525618810087], [-79.19210283992469, 0.51104000630869], [-79.19225455365432, 0.511504464476545], [-79.19260458079805, 0.511724834014345], [-79.19323126181862, 0.512783913958713], [-79.19341918093647, 0.513362475585602], [-79.19235658175953, 0.513362173191093], [-79.19229213528217, 0.514463836020126], [-79.19190410798494, 0.51534801800156], [-79.19076946129768, 0.517125411033917], [-79.18953322483995, 0.518575333992292], [-79.18795515061102, 0.518618284514165], [-79.1871804452822, 0.518467680230129], [-79.1864399735629, 0.51765144941734], [-79.18614520583935, 0.517508760462617], [-79.18589341792105, 0.517527587286001], [-79.18489547390959, 0.518407067670756], [-79.18439116846186, 0.518490657803654], [-79.18404985855696, 0.518393169002391], [-79.18201724998688, 0.516935346994151], [-79.18133765396237, 0.517166102082639], [-79.18041532198414, 0.517178495702132], [-79.17991330515699, 0.517431184983772], [-79.17949399589502, 0.517445170460075], [-79.17922368716864, 0.517210976625037], [-79.17894981726107, 0.517183498100838], [-79.17807088336531, 0.517789286025953], [-79.17642190810575, 0.517968939081968], [-79.17582296684249, 0.518234711054402], [-79.17550264484271, 0.518252432252591], [-79.17523270370707, 0.517995270325833], [-79.1745009842539, 0.518006180619167], [-79.17343843585682, 0.518654955807498], [-79.17185845548047, 0.518812743192976], [-79.17107150731034, 0.519093108137937], [-79.16899975565411, 0.518880544566208], [-79.16811543570077, 0.519170284623921], [-79.1674397445334, 0.518644619148737], [-79.16715294644132, 0.518597423332067], [-79.16685388881723, 0.518707294696498], [-79.1666647915272, 0.519071748540865], [-79.16647262568901, 0.519180837148987], [-79.1660440954358, 0.519097790974943], [-79.16587382050186, 0.518671832874], [-79.16553877027769, 0.518373056726421], [-79.16545883631036, 0.517397875271346], [-79.16478938478173, 0.516420081025503], [-79.163942127992, 0.516522920637783], [-79.16345242187289, 0.517089208391017], [-79.16283660608373, 0.517010086844829], [-79.16240705630315, 0.516727379703103], [-79.1619304500889, 0.516720187615161], [-79.1613911445297, 0.51734098702976], [-79.16074713228409, 0.517550045182193], [-79.16002632570743, 0.51742866367481], [-79.15906004012744, 0.51664601512964], [-79.15871029206976, 0.516548162524914], [-79.15833992704798, 0.516614427154922], [-79.15805865894352, 0.517023341891897], [-79.15802917390916, 0.517413340644094], [-79.15831187397038, 0.518268039610717], [-79.158298532945, 0.519048864385994], [-79.15810358922947, 0.519757837559233], [-79.15739182643242, 0.52128528488092], [-79.15740998052296, 0.52156127030192], [-79.1580602710028, 0.522307114829289], [-79.157981501856, 0.522903089365763], [-79.15761043487618, 0.523218656823718], [-79.1566757668134, 0.523065379680308], [-79.15642124192061, 0.523244980702131], [-79.15657143943342, 0.523821761729759], [-79.15642340106561, 0.524462566390065], [-79.15493968507249, 0.525678715476467], [-79.15439255559484, 0.526933210891507], [-79.15428045585124, 0.528148862065627], [-79.15331045106103, 0.528730190426188], [-79.15293819538483, 0.529114569175453], [-79.1526002346147, 0.530165757330046], [-79.15221904057367, 0.530400659197616], [-79.15204080059569, 0.530799835058283], [-79.15165267875162, 0.530770420340556], [-79.15106553273829, 0.530347232437686], [-79.15021453778981, 0.530654875574783], [-79.14959744800733, 0.530644742915172], [-79.14830341988038, 0.530117986139492], [-79.14794628924712, 0.530085054137345], [-79.14740743737832, 0.530378864998802], [-79.14557751603468, 0.532277878789997], [-79.14518284933287, 0.532512503467109], [-79.14478597119805, 0.532633010584533], [-79.14352339696256, 0.532665542529004], [-79.14256929510947, 0.533841142446622], [-79.14157187735131, 0.534785420168697], [-79.14069790372369, 0.53534361914319], [-79.14006978536753, 0.536174072102418], [-79.1397558042434, 0.536327517799475], [-79.13914609487101, 0.536284560123176], [-79.1386866972733, 0.536414812330919], [-79.13815895426023, 0.537401548909001], [-79.13684017825508, 0.538538779811515], [-79.13663376132158, 0.538839107795379], [-79.13655699640363, 0.53932023502975], [-79.13716228457524, 0.540019406303447], [-79.13720370592165, 0.540272789740942], [-79.13684753914377, 0.540620273132479], [-79.13528052950042, 0.54044780071194], [-79.13422850775694, 0.540476411315984], [-79.13311965849098, 0.539814973078769], [-79.13078901463224, 0.538925378313624], [-79.12991070579639, 0.538980898782021], [-79.12864201823703, 0.539649195455269], [-79.12823239354161, 0.540044223458704], [-79.12770246446483, 0.541126982183371], [-79.12716062828386, 0.541494479408381], [-79.1267223117223, 0.542305359359631], [-79.12505699847802, 0.543449521370856], [-79.12473037284511, 0.543834626713175], [-79.12425222305042, 0.545067321437548], [-79.12393071872876, 0.54515384701588], [-79.12361269349846, 0.545033754283951], [-79.12331208233951, 0.545235577225232], [-79.12293434139234, 0.547377788524447], [-79.12260243745385, 0.547980541851922], [-79.12305015896678, 0.54985391073752], [-79.1227646695111, 0.55053317720239], [-79.12127771834217, 0.550600523677895], [-79.12033446709638, 0.55095251639369], [-79.11977310836863, 0.551701410635278], [-79.11947810799664, 0.5529140835377], [-79.11919802297146, 0.553253988405256], [-79.11883198933215, 0.553270961684566], [-79.11858487766533, 0.553014169158896], [-79.1183026609736, 0.552136605107698], [-79.11709698704003, 0.551795051410021], [-79.11589671372768, 0.551132042981056], [-79.11564493569999, 0.551150861349867], [-79.11536283924043, 0.551605693568661], [-79.11529174902695, 0.552016737440247], [-79.1158593108871, 0.55466913955452], [-79.11575481527238, 0.555053316830342], [-79.11438776446018, 0.555173232077581], [-79.11419165435925, 0.555261874776105], [-79.11377846310334, 0.55585030995546], [-79.11203482556932, 0.556418423019749], [-79.11142913871123, 0.556460274769746], [-79.11130394995199, 0.556102790003009], [-79.11205604482664, 0.555503794959688], [-79.11202483932927, 0.555051666836368], [-79.1119413510239, 0.554904520779691], [-79.11123125752106, 0.554767572070712], [-79.11097021778119, 0.554536184686507], [-79.11079278444835, 0.554073611195299], [-79.11081394037741, 0.553358638949133], [-79.11207799845857, 0.552265641769954], [-79.11221377999178, 0.552076428544865], [-79.11214077386383, 0.55172954018292], [-79.11163954416169, 0.551508565582414], [-79.11071002826439, 0.551613431135842], [-79.10840332978556, 0.55265500409289], [-79.10801338816613, 0.552727398601361], [-79.10760798703565, 0.55254813980712], [-79.10675192432711, 0.551591095777545], [-79.10618798725363, 0.551696077402301], [-79.10582222372952, 0.552284706216052], [-79.10588852592981, 0.553095553184805], [-79.10560255867391, 0.553577779052934], [-79.10429700327462, 0.553829639667129], [-79.10373914325902, 0.554315303727976], [-79.1037181873368, 0.554683500163897], [-79.10463705312588, 0.55529397253043], [-79.10453245247479, 0.555725257534055], [-79.10393718428178, 0.555777691450387], [-79.10226627168802, 0.555345832855554], [-79.10193207998641, 0.555514092589599], [-79.10187974558704, 0.555976951428369], [-79.10202582555085, 0.556166344671179], [-79.10281946124607, 0.556545293693312], [-79.10386375244013, 0.556766535698182], [-79.10410388307844, 0.556934981460082], [-79.10415582442884, 0.557704861436938], [-79.10394683290433, 0.558188738571165], [-79.10350812462183, 0.558241131981993], [-79.10238045655184, 0.557525428416882], [-79.10196273426436, 0.557683081118944], [-79.09928820444998, 0.56072250278486], [-79.09881796038088, 0.561637609831196], [-79.09844789597376, 0.562738749118007], [-79.09789424696129, 0.563254068142155], [-79.0969855572992, 0.563411557249569], [-79.09665149842874, 0.563169475935743], [-79.09526311084105, 0.561264897316925], [-79.0932583699721, 0.55990717671582], [-79.09182829708828, 0.559978232425771], [-79.09016501024746, 0.560996928993236], [-79.08903576778926, 0.561020881358506], [-79.08872241258734, 0.561199633775579], [-79.08824178011749, 0.561746530897307], [-79.08829385006582, 0.562104168502724], [-79.08862805160975, 0.562177972902316], [-79.08999025467774, 0.561992241932306], [-79.09080014065272, 0.562652050254566], [-79.091154965726, 0.563388568138658], [-79.09112353578993, 0.563641017428722], [-79.09060133784915, 0.563840769167573], [-79.09038187582192, 0.564199221794663], [-79.0903817565986, 0.564567422071189], [-79.09085148073775, 0.565251365000525], [-79.09089309905444, 0.565703749892397], [-79.09071526387679, 0.566766155248316], [-79.09081264680894, 0.567538577443682], [-79.0915527115926, 0.567801869777605], [-79.09276894631147, 0.569101305810614], [-79.09372707417229, 0.570487258729526], [-79.09450082599807, 0.571972126271889], [-79.09446382614755, 0.57236800974864], [-79.09426709130224, 0.572677237403777], [-79.09397210140492, 0.572800855825692], [-79.09259558826508, 0.573060201344201], [-79.09051874384222, 0.572799698185266], [-79.09018689858179, 0.572886188945965], [-79.09006386519361, 0.573306785678079], [-79.09016206146406, 0.573665598707835], [-79.09105893449998, 0.574457689280438], [-79.0914274265117, 0.575039284331005], [-79.09124276349961, 0.576004216682192], [-79.09034512090396, 0.577525633590966], [-79.09036956752011, 0.57792153675396], [-79.09070115288617, 0.57861446519752], [-79.09178964376383, 0.579682389671053], [-79.09195239142011, 0.5803143421097], [-79.09167464238203, 0.580654500537659], [-79.09130644591744, 0.580733362151326], [-79.09058837061161, 0.580259195630784], [-79.08996694192436, 0.579560252150394], [-79.08966510101419, 0.579748504089712], [-79.08961673493322, 0.579991524159224], [-79.09051558355814, 0.581334610620468], [-79.09192274770335, 0.58172428726667], [-79.0926200428163, 0.582167392787598], [-79.09279153518456, 0.582718336405427], [-79.09275923026459, 0.583063978420491], [-79.09213658946845, 0.58397110665758], [-79.0907627168158, 0.585277636135992], [-79.09044613162814, 0.585369942988208], [-79.08864754358042, 0.585133148139152], [-79.08481568756122, 0.584895654879425], [-79.0832777812268, 0.584658949112983], [-79.08239143943605, 0.584789853964981], [-79.08168490834947, 0.585564565445402], [-79.08118593491984, 0.58683384212788], [-79.08100966289379, 0.587763724181994], [-79.08144930053649, 0.58850192771914], [-79.08155180002318, 0.588915273134282], [-79.08143434851446, 0.589343300989001], [-79.08096503266063, 0.589638358672866], [-79.08020261207199, 0.589475723317687], [-79.07927923315165, 0.588338805103363], [-79.07859024527512, 0.587836692447694], [-79.07776915926809, 0.587718320642471], [-79.07738788336593, 0.58783627571755], [-79.07700636814873, 0.588647996984568], [-79.07702088383579, 0.589076071283708], [-79.07773884766, 0.590596703540123], [-79.07869144248352, 0.592043612944398], [-79.07908724116247, 0.592338972107208], [-79.07942451035196, 0.592280045233496], [-79.0795712469316, 0.591970115720878], [-79.07960093902672, 0.590907332449752], [-79.07980629650694, 0.59068598962205], [-79.08026089420397, 0.590553298070203], [-79.08106729897126, 0.59073071149211], [-79.08150710284617, 0.59098180172673], [-79.0816535402847, 0.591542771088126], [-79.08089470178724, 0.59383150449998], [-79.08045424250659, 0.594335414830688], [-79.07898641763667, 0.594943251976935], [-79.07780346670215, 0.595594642631886], [-79.07632673166486, 0.597002020698712], [-79.07584303909616, 0.597697108087826], [-79.0746723945599, 0.600198172256416], [-79.07443046245598, 0.600789054138085], [-79.07424594359122, 0.601785523359708], [-79.07394651802818, 0.602202571481078], [-79.07378534117736, 0.6022836277137], [-79.07333648449604, 0.602109654210968], [-79.07273840582101, 0.600753691737464], [-79.07285401869959, 0.599305281133791], [-79.07348744133425, 0.598343732915436], [-79.07357966120968, 0.597961374509546], [-79.07349928006865, 0.597405141345681], [-79.07325765197903, 0.597126953691674], [-79.0713819752598, 0.595515615820668], [-79.06956364283025, 0.594506854499837], [-79.06819401067168, 0.59412398233045], [-79.06706622657195, 0.593381981003799], [-79.06529363131831, 0.5932654805419], [-79.06471815413936, 0.593114639950688], [-79.06454567259695, 0.592604727245702], [-79.06447695342548, 0.59160817409396], [-79.06430440106978, 0.591306835878032], [-79.06387844752425, 0.591480500881938], [-79.06035506299816, 0.594770116646646], [-79.05927261208592, 0.596079122556282], [-79.05897315905537, 0.59658886836056], [-79.0586908281209, 0.597503536933365], [-79.05817895842705, 0.598327355401841], [-79.05645990900162, 0.598718142693499], [-79.05625514614884, 0.599088868369534], [-79.05621388613379, 0.600036452880785], [-79.05696224302191, 0.601638065380699], [-79.05724687272243, 0.603193217105584], [-79.05712777999409, 0.603946776462988], [-79.05677113853844, 0.604413162657515], [-79.05626013205699, 0.604580446583145], [-79.05486991240154, 0.604484249533684], [-79.0532656807791, 0.604746832220458], [-79.05288544552421, 0.604734732257768], [-79.05260032181938, 0.604579125991212], [-79.05243405290575, 0.604339827937445], [-79.05236298726962, 0.603693859526243], [-79.05274359235362, 0.602665274288552], [-79.0527795501543, 0.601792068893206], [-79.05236390156924, 0.601122052361988], [-79.05147363724775, 0.598514041261955], [-79.05125979886901, 0.59838238503038], [-79.05085579567228, 0.598382240495254], [-79.05064183245759, 0.598609439072816], [-79.04984468239171, 0.601503926837211], [-79.04908354401726, 0.603357743680164], [-79.04810903750902, 0.603764094524747], [-79.04736044848104, 0.603751861255086], [-79.04708708766542, 0.603931190312226], [-79.04696816489754, 0.604206270444645], [-79.04705057124833, 0.606359435325908], [-79.04695540829782, 0.606646484687627], [-79.04655130681698, 0.606921460887153], [-79.0460285096748, 0.606837536294779], [-79.0453632739646, 0.606334896968194], [-79.04479328182283, 0.605317933768254], [-79.04462828187064, 0.601525972354242], [-79.0449137063192, 0.600832287891428], [-79.04523464638541, 0.600509433985041], [-79.04590015684491, 0.600246513184454], [-79.04623296552374, 0.599959547303508], [-79.04635193839373, 0.59954092510242], [-79.04628075085728, 0.599241854928863], [-79.04616198584696, 0.599074345214367], [-79.04562731272367, 0.598966497262643], [-79.04451037984835, 0.598930210159707], [-79.04361910926772, 0.599181089164118], [-79.04339320819544, 0.599563786295583], [-79.04302439753523, 0.600843569296211], [-79.04299994220167, 0.602781375165832], [-79.0428094294007, 0.603881794314806], [-79.04213181056225, 0.604778685545943], [-79.04058675944358, 0.605723106764673], [-79.04044408062215, 0.605974251822464], [-79.04042008726059, 0.60660821957354], [-79.04056259924285, 0.606823584567061], [-79.04207132050352, 0.607781080721869], [-79.04226131414455, 0.608128042333821], [-79.04217797794952, 0.60857059910872], [-79.04173813861615, 0.609096757821089], [-79.04135784093388, 0.609264083416858], [-79.0405261363897, 0.609084353476746], [-79.0402172706628, 0.608868927403302], [-79.04005102559948, 0.60856982127091], [-79.03948126064486, 0.606930845570152], [-79.0392674563707, 0.606715454662205], [-79.03876836575253, 0.606799006563177], [-79.03774600860328, 0.608102468100645], [-79.03756755653757, 0.608700490624258], [-79.0375210978032, 0.611210455422723], [-79.03706114733775, 0.612581904430539], [-79.03660145157231, 0.613251593771266], [-79.03609431219074, 0.613682031314013], [-79.03490540842762, 0.615499780862305], [-79.03411292833857, 0.616376681871373], [-79.03189416341888, 0.618337583233002], [-79.03056260311529, 0.620330709058231], [-79.02946836196841, 0.623201113241469], [-79.02873907716398, 0.624540551719197], [-79.02865958840232, 0.625274173517929], [-79.02880202764277, 0.625672950478818], [-79.02905543579513, 0.625896332838798], [-79.03154263329665, 0.626375743442091], [-79.03257225567114, 0.626870551210361], [-79.0330156924666, 0.627333239370226], [-79.03306299070648, 0.627955268428409], [-79.03285683226441, 0.62848150876496], [-79.03193741854858, 0.629836823975803], [-79.03168363292588, 0.630618228697552], [-79.03171488158314, 0.631782515671633], [-79.03228479887868, 0.632947010329114], [-79.03230015973166, 0.634222936040272], [-79.03201470519303, 0.634956480937798], [-79.03152345771247, 0.635243374747903], [-79.03107990224558, 0.635099663093985], [-79.03063647879192, 0.634605075147132], [-79.02957563098047, 0.632898128317323], [-79.02884714629228, 0.632100401558545], [-79.02816607454542, 0.631605722286922], [-79.02783341753839, 0.631478004807512], [-79.02702536351175, 0.631621236264056], [-79.02667673447644, 0.631828439224282], [-79.02585240361338, 0.63311998684166], [-79.02559883889579, 0.633311277628075], [-79.02437887609489, 0.633422451543357], [-79.02385595052465, 0.633693382600356], [-79.0224299436446, 0.634027762069223], [-79.02127321442012, 0.634505782181376], [-79.01988287155329, 0.635772559736238], [-79.01940802272196, 0.636552875323728], [-79.0188393498051, 0.637992537991634], [-79.01774933143737, 0.639125606472435], [-79.01706791954419, 0.639540011665646], [-79.01526162673144, 0.640017772042662], [-79.01488129523916, 0.640272806174132], [-79.01510238449507, 0.642122955635229], [-79.01606733732145, 0.645935106563315], [-79.01736527525831, 0.649013744791572], [-79.01760897676355, 0.651274611441647], [-79.01871199073325, 0.653631989341849], [-79.02025775325693, 0.656087243915076], [-79.02077245365456, 0.658310059798826], [-79.02077827580027, 0.658926775478805], [-79.02060827983642, 0.659329708057228], [-79.02019575417603, 0.659494406844412], [-79.01947999643998, 0.659536862795624], [-79.01710863166815, 0.658821502846246], [-79.01690234586256, 0.65896185996341], [-79.01640429030894, 0.660671355662387], [-79.01585814004513, 0.661293954431928], [-79.01480263360551, 0.661531665214313], [-79.01398385267261, 0.661348154100707], [-79.01311069889825, 0.660621182904373], [-79.01228626078164, 0.659411854312039], [-79.01229872584963, 0.658569225652368], [-79.0129481797438, 0.657464292237202], [-79.0132093654544, 0.656536277703806], [-79.01306449302103, 0.654759360586662], [-79.01242240220243, 0.652573141291628], [-79.01221631271714, 0.652218909187045], [-79.0118949048444, 0.652047812273788], [-79.01096078695406, 0.652102395055262], [-79.01009314330587, 0.652785925288378], [-79.00938304298458, 0.653878622196939], [-79.00914015153634, 0.654562400344445], [-79.00898816051286, 0.65545381991177], [-79.00960020220933, 0.656919512285492], [-79.00949073435102, 0.657646086084958], [-79.00904166036929, 0.658207660394034], [-79.0073673199526, 0.658829802153613], [-79.00407293494479, 0.660819033310798], [-79.00318122881743, 0.660995746501204], [-79.0028174055396, 0.660723882227031], [-79.00283885445482, 0.660174350193939], [-79.00491699047575, 0.658447188242226], [-79.00513863838937, 0.657803093008785], [-79.00492958594081, 0.657277891990888], [-79.00445659573381, 0.656969348087426], [-79.00380462935408, 0.656770640559834], [-79.00304942300359, 0.656889403336356], [-79.00254278930545, 0.657295248994805], [-79.00151724231995, 0.6584824533305], [-79.00053384162216, 0.660448187321784], [-78.99996342084575, 0.661101298008565], [-78.9986619629853, 0.662105204968353], [-78.9972965932783, 0.663664729571488], [-78.99716884389747, 0.664592786646745], [-78.9972565723766, 0.665142361293608], [-78.9981197663308, 0.667972840396683], [-78.99841975795313, 0.668595774252505], [-78.99947767048974, 0.669887625522819], [-79.00008977298167, 0.671160977893759], [-79.00004360201764, 0.672829422074765], [-78.99986894845782, 0.673491850099323], [-78.9991452662387, 0.674387605535154], [-78.99839901056885, 0.674863564173815], [-78.99796070189129, 0.67504350850804], [-78.99742843922611, 0.675070764752541], [-78.99510241405473, 0.674811821908584], [-78.99273704842116, 0.674351365942662], [-78.99128759581167, 0.673850074875047], [-78.99092376611587, 0.673602632286485], [-78.99051910228633, 0.673092616288239], [-78.99053000308481, 0.672393488419989], [-78.99115694480466, 0.670734453410246], [-78.9918731835124, 0.669486079437522], [-78.99194918506294, 0.669037321911997], [-78.99176739236191, 0.668611356292124], [-78.9912928259462, 0.668464617342273], [-78.99091215406246, 0.668617109799351], [-78.98944687800851, 0.669740001535459], [-78.98885368610915, 0.670448047372375], [-78.98821928074389, 0.671820097162912], [-78.98803238429157, 0.672754230341453], [-78.98776842590185, 0.673021256442503], [-78.98716633787842, 0.673234713671864], [-78.9865629324282, 0.672964274809678], [-78.98677438062988, 0.671321863657872], [-78.98676993563821, 0.671066938863682], [-78.98662594297652, 0.670914230311794], [-78.98634847532192, 0.670843896747467], [-78.98591929002016, 0.670971943400263], [-78.9849924740169, 0.671734801767596], [-78.98422030329299, 0.672558782671763], [-78.98343273043628, 0.673961293311615], [-78.98249612435626, 0.676400221415803], [-78.98124574920446, 0.678539824600787], [-78.98046173650256, 0.678660087118975], [-78.97871804849686, 0.678332686610739], [-78.97722430886711, 0.678617509485874], [-78.9767647535849, 0.678849340300008], [-78.97550244130814, 0.680520299498601], [-78.97492912023249, 0.680843670081446], [-78.97425585588215, 0.680840331916208], [-78.97387387740535, 0.680492134378423], [-78.97377252359051, 0.679912031699283], [-78.97397302271592, 0.679096979244325], [-78.97455404384384, 0.678486634444864], [-78.97585243133545, 0.677574348801469], [-78.976180182177, 0.677053957847809], [-78.97612723892856, 0.676741007808044], [-78.97572252729123, 0.676360745278861], [-78.97487804772888, 0.676033725140557], [-78.97367547279853, 0.676272876763206], [-78.97197928726517, 0.678421436136324], [-78.97111320448005, 0.678999603139789], [-78.9706188147457, 0.679135250394578], [-78.97002600612136, 0.678922819903924], [-78.96943335334902, 0.678339457709367], [-78.96935492197386, 0.677331954456939], [-78.9696177186948, 0.676210109611441], [-78.96958311928228, 0.675544554883854], [-78.96940886161514, 0.675246819077741], [-78.96872056647122, 0.674930550727416], [-78.96800027467641, 0.674983674403273], [-78.96649427317439, 0.675610418542381], [-78.9646726542923, 0.676756025772792], [-78.963307458767, 0.677898770617801], [-78.96226398731703, 0.678426484832305], [-78.96116752188708, 0.678769473310321], [-78.96074901954164, 0.678743345512706], [-78.96045801095151, 0.678431824325071], [-78.9607571960478, 0.677323739506531], [-78.96050272132076, 0.676671832997693], [-78.96012074781385, 0.676320585014494], [-78.95935193627874, 0.676373685948846], [-78.95817351220543, 0.676904394195877], [-78.95782158446865, 0.677227854444196], [-78.9575863799353, 0.677635319076668], [-78.95765423435851, 0.678543590836725], [-78.95828177838098, 0.679078118300714], [-78.95913077772197, 0.679449409707263], [-78.96015997090589, 0.680423729675076], [-78.96046601838069, 0.68103139128485], [-78.96038392094246, 0.681541194728823], [-78.95955566760547, 0.682313230199665], [-78.95824837569131, 0.682782821672187], [-78.95735348443239, 0.683362492734875], [-78.95640077351253, 0.684412287631061], [-78.95500177705075, 0.686315835480442], [-78.95475663102306, 0.684850949965899], [-78.95463401027833, 0.682602196823023], [-78.95483908116724, 0.681358074718249], [-78.95696624049776, 0.674584411340642]]]}, "properties": {"NUM_MUESTRA": 14, "PROVINCIA": "ESMERALDAS", "CANTON": "ELOY ALFARO", "PARROQUIA": "TELEMBÍ", "CIRCUNSCRIPCION": "CIRCUNSCRIPCIÓN RURAL", "TIPOLOGIA": "C", "ETIQUETA": "14 | C", "COD_SECTOR": "080261999014", "POB_T": 435, "V_PRES": 67, "AREA_KM2": 529.5912, "DENS_VIV": 0.13, "DENS_POB": 0.82}}, {"type": "Feature", "geometry": {"type": "Polygon", "coordinates": [[[-78.87538911111032, 0.978317674523304], [-78.87301851688144, 0.969819754663584], [-78.8794112968973, 0.961165342937401], [-78.87947530956558, 0.959651458408628], [-78.88130951351079, 0.960674851715222], [-78.88241904706024, 0.961680730624884], [-78.8838236339047, 0.96443407408531], [-78.8844308108752, 0.966315813167073], [-78.88678119816001, 0.970931048409199], [-78.88759015282261, 0.972301826797819], [-78.88963982660535, 0.974650900303075], [-78.89018934084108, 0.977482847797129], [-78.8910020892986, 0.980253922998339], [-78.89123301869586, 0.980678007664442], [-78.89168287706507, 0.98105230265088], [-78.89107450500578, 0.981510594385297], [-78.89088242032945, 0.982021747764482], [-78.8908568630924, 0.982528757540256], [-78.88994604725228, 0.983606421769161], [-78.88927641874243, 0.983790162808469], [-78.88877818486827, 0.984228791195292], [-78.88828566213475, 0.984441124009715], [-78.88776037421766, 0.985051515424946], [-78.88744527705552, 0.985782106409891], [-78.88703920337373, 0.985926142896074], [-78.88673387903523, 0.986256671053074], [-78.88489214207378, 0.986249435521356], [-78.88441702985133, 0.98591641964317], [-78.88397530381052, 0.986478763371502], [-78.8830382993089, 0.986498596086063], [-78.88251956564665, 0.986118448343251], [-78.88181594389602, 0.986087257954194], [-78.88150113404804, 0.985510507515177], [-78.88085725168102, 0.984754081537896], [-78.88086079893353, 0.984160582430262], [-78.88067178782646, 0.983921642800793], [-78.88070116230999, 0.983098708100518], [-78.88122364550632, 0.98264964507005], [-78.88155190765444, 0.981961639752695], [-78.88188871042465, 0.981710126923968], [-78.88193387268808, 0.981271247147938], [-78.88045609407006, 0.980870122967323], [-78.87538911111032, 0.978317674523304]]]}, "properties": {"NUM_MUESTRA": 15, "PROVINCIA": "ESMERALDAS", "CANTON": "ELOY ALFARO", "PARROQUIA": "COLÓN ELOY DEL MARÍA", "CIRCUNSCRIPCION": "CIRCUNSCRIPCIÓN RURAL", "TIPOLOGIA": "B", "ETIQUETA": "15 | B", "COD_SECTOR": "080262999003", "POB_T": 243, "V_PRES": 65, "AREA_KM2": 3.3422, "DENS_VIV": 19.45, "DENS_POB": 72.71}}, {"type": "Feature", "geometry": {"type": "Polygon", "coordinates": [[[-78.99326307736953, 0.92293305490474], [-78.9920086093594, 0.922272071847688], [-78.99154759830255, 0.922190470821992], [-78.9896212759337, 0.922346759082759], [-78.98857201176712, 0.921684244162841], [-78.98823555795732, 0.920561836669753], [-78.98820748418215, 0.919767583360907], [-78.98892240135397, 0.915949236922403], [-78.989277276718, 0.91535919802259], [-78.99052413518133, 0.914292472123226], [-78.99296223819195, 0.912627638877696], [-78.99412698583384, 0.912243135154968], [-78.9984029535326, 0.911307752749213], [-79.00017508974733, 0.910597053572262], [-79.00072429606996, 0.91021219446204], [-79.00128436947668, 0.9097355347343], [-79.00154466747306, 0.908069975495985], [-79.00109873810096, 0.906557888556638], [-79.0001106859567, 0.90544731299794], [-78.9991033723645, 0.904796048224918], [-78.99780130919429, 0.904240310781389], [-78.99637553368828, 0.903923736435678], [-78.99385829885023, 0.903642438263258], [-78.99301721119247, 0.903240066595332], [-78.99258971531908, 0.902891441140804], [-78.99224385587468, 0.902120722199962], [-78.99200829432762, 0.899625551992712], [-78.9915866430483, 0.898667608928538], [-78.989598261519, 0.897195253130018], [-78.98793025414317, 0.896569944090128], [-78.98611237435948, 0.89622445012432], [-78.9857844129824, 0.896217091259005], [-78.98515673436214, 0.896704767399714], [-78.9850424556592, 0.897077900486766], [-78.98512039998555, 0.897960693900336], [-78.98613232164067, 0.898858360668196], [-78.98837711846518, 0.899988225218135], [-78.98867269951053, 0.900284153641134], [-78.98890940731658, 0.900687893219308], [-78.98891792000649, 0.901779475120454], [-78.98880827574183, 0.902311443036451], [-78.98834015970729, 0.90322784065477], [-78.98737726087113, 0.904167802619439], [-78.98628754271692, 0.904309529932066], [-78.98500710177193, 0.903961500717789], [-78.98440582300586, 0.903617244434918], [-78.98299503043235, 0.902003354055599], [-78.97940629217787, 0.896531437729968], [-78.97905064833955, 0.895096086743087], [-78.97836525070369, 0.893759217634388], [-78.97814716783986, 0.893582497564498], [-78.97737653838752, 0.893821678742638], [-78.97656106529982, 0.894407323797612], [-78.97573205767111, 0.895363226250545], [-78.9748233961177, 0.89461628489899], [-78.97423217110865, 0.894409273391024], [-78.97499357508786, 0.893808933296421], [-78.9750593975201, 0.893594018302135], [-78.97473651986225, 0.893286569174457], [-78.97472306325524, 0.892860790730711], [-78.97564341482078, 0.891963861666868], [-78.97458331936174, 0.891680375210653], [-78.97504558190043, 0.891169087912891], [-78.97518827512509, 0.890714204061625], [-78.97429940706638, 0.889889817874942], [-78.97434815170328, 0.889458133611987], [-78.97456471484239, 0.889086995993636], [-78.97471103712029, 0.889035923034609], [-78.97508695298785, 0.889261286546794], [-78.97528109772608, 0.889056196292949], [-78.9762460763766, 0.889031732562355], [-78.97711272010913, 0.888803220926678], [-78.9775975002234, 0.887943165357555], [-78.97763469126531, 0.887514573210751], [-78.97779199031895, 0.887300691631855], [-78.9780431732879, 0.887241666915599], [-78.97823333509119, 0.886806701234289], [-78.97847071919499, 0.886733587378528], [-78.97901545957714, 0.88694010292522], [-78.97927102653219, 0.88688007862157], [-78.97928887075827, 0.885922250630554], [-78.97976649998391, 0.885289911392022], [-78.98023215039223, 0.885180301909633], [-78.98037525418206, 0.884854270249759], [-78.98086595077251, 0.884855654044345], [-78.98149959358717, 0.884465365207589], [-78.98200573086511, 0.884450142260266], [-78.98215758429652, 0.884612473226614], [-78.98229194008564, 0.885443273473242], [-78.98289407290982, 0.885772620044004], [-78.98297353060974, 0.886203990141235], [-78.98309072017197, 0.88627787948421], [-78.98327214601886, 0.885876967185637], [-78.98377273450936, 0.885679599032408], [-78.98382304854339, 0.885189007347364], [-78.98480101916306, 0.885000425412839], [-78.98496137552716, 0.884626928822904], [-78.98568890037181, 0.884811793737737], [-78.98614886219838, 0.884280346210004], [-78.98679623353019, 0.88461397946125], [-78.98734221783548, 0.884481741188639], [-78.98750613948323, 0.884315964754694], [-78.98753650372606, 0.88385438383555], [-78.98788152977669, 0.883709890746369], [-78.9887062902655, 0.882706113284712], [-78.98889060390012, 0.881247540396169], [-78.9887080499157, 0.880636308331713], [-78.98909402411054, 0.880320270595402], [-78.98909877733136, 0.880069149396766], [-78.98886391424776, 0.879749304311661], [-78.98917592781221, 0.879424524478051], [-78.988887851616, 0.879263346647991], [-78.98887409378851, 0.879073252234811], [-78.98926749054955, 0.878827573270425], [-78.98950224573345, 0.878269649334425], [-78.98997771801204, 0.877888569919033], [-78.9900595550873, 0.877599354238727], [-78.99038371179657, 0.877840541372656], [-78.99057660014194, 0.877823207937033], [-78.99070027283334, 0.877651790069086], [-78.99084208406386, 0.877036262934885], [-78.99066584413323, 0.876156072621881], [-78.99074855503608, 0.875911969819334], [-78.99114594379738, 0.875759300079967], [-78.99142216726864, 0.875406596836914], [-78.99216472121424, 0.875331041540865], [-78.99237633656122, 0.875089331625123], [-78.9925501984995, 0.87441356147085], [-78.99250047490331, 0.87418821993049], [-78.99214442971984, 0.874159809994261], [-78.99115899764172, 0.873356099889816], [-78.99076642884786, 0.872425136480241], [-78.99087349062434, 0.871083489545267], [-78.99145539576536, 0.869489554105807], [-78.9913591490494, 0.868725566699376], [-78.99094633271761, 0.868370189678053], [-78.99003232504909, 0.868661488468571], [-78.98963023350731, 0.868578818313561], [-78.98916736375404, 0.868262114939144], [-78.98861992766884, 0.867355394738813], [-78.98835489343804, 0.867124331950375], [-78.98810882405925, 0.867210007634063], [-78.98772953459864, 0.867664156204524], [-78.98726486383812, 0.86787042642106], [-78.98659347079061, 0.867818536308555], [-78.98594340582294, 0.867517830831642], [-78.98528475651338, 0.866805089495163], [-78.98470532646516, 0.865929366257621], [-78.98424324208372, 0.863563647199415], [-78.98351507285692, 0.862447937575237], [-78.98408479312923, 0.862448241465509], [-79.00131555080102, 0.866387842441768], [-79.00142016345137, 0.866273429392445], [-79.00236075183327, 0.866168411464564], [-79.00284554410915, 0.865960527367276], [-79.00369929384436, 0.864958158667556], [-79.00453824554192, 0.864602717886143], [-79.00481228558064, 0.864620584782801], [-79.00587182851712, 0.865150631918993], [-79.00707023606118, 0.865339697666119], [-79.0075397673238, 0.865290396116461], [-79.00785974364598, 0.865066781008798], [-79.00880283585809, 0.863264887876154], [-79.00978601645357, 0.86261484856297], [-79.00984276338079, 0.862311706840738], [-79.00964135495279, 0.8616684575423], [-79.0100092736796, 0.860449273591385], [-79.01086289263057, 0.859696087215885], [-79.01196368474025, 0.859154698191895], [-79.01235611206727, 0.858304340188371], [-79.01313325903699, 0.857612866744664], [-79.01340933718173, 0.856988130758621], [-79.0143428939907, 0.856243481251234], [-79.01526197268744, 0.855179465628365], [-79.01562056726, 0.854264889996327], [-79.01555886728579, 0.853898121149244], [-79.01505049141048, 0.853326051497832], [-79.01491059231324, 0.852713756506104], [-79.01514506689007, 0.85229216724073], [-79.01580186507621, 0.851918447304585], [-79.01628790685325, 0.851374290260599], [-79.01678907045198, 0.851293715810597], [-79.01730353566263, 0.850674073444781], [-79.01845907332162, 0.850572136541351], [-79.01882936579915, 0.8510197187812], [-79.01909229435131, 0.850988660362063], [-79.01934836608838, 0.850136326736634], [-79.0201966066552, 0.849530236863417], [-79.0202729327291, 0.849047440943332], [-79.01997446440973, 0.848312726503182], [-79.02017324537502, 0.847955223394503], [-79.02061558745046, 0.847675515132757], [-79.02124718976994, 0.847744648751007], [-79.02249522957894, 0.847500256021837], [-79.02312125703999, 0.846696393424662], [-79.02367621415516, 0.846463578700917], [-79.02427755757861, 0.84597951273632], [-79.02455304342632, 0.845451970575124], [-79.02482146556036, 0.845215572381389], [-79.02655991262866, 0.844675667469848], [-79.0280212342761, 0.844533370608171], [-79.02871070204527, 0.844035061656292], [-79.02931237161812, 0.843079729301145], [-79.02987586046102, 0.8426743962523], [-79.03023680021141, 0.842618249824288], [-79.03092070904385, 0.84299347498075], [-79.03142621005625, 0.84304906798943], [-79.04195369910796, 0.851853381475004], [-79.04057446487938, 0.851701757832713], [-79.0393752478722, 0.851338938956899], [-79.03874559267756, 0.851278248772167], [-79.0375760732327, 0.851488934787104], [-79.03715617625949, 0.851700006439904], [-79.0361659708502, 0.853087945438638], [-79.03484629600831, 0.853751307032171], [-79.03436621586923, 0.85438491594755], [-79.0338857494993, 0.855773114292507], [-79.03382548708421, 0.856346572334286], [-79.03397447322246, 0.858187847475572], [-79.03562118901074, 0.862987898674565], [-79.03609986318477, 0.865101002454167], [-79.03687818553865, 0.867606651922046], [-79.0368775158392, 0.868904548371661], [-79.03654689970111, 0.870413558706323], [-79.03696598856864, 0.871772042908178], [-79.03816243039712, 0.872969642236959], [-79.03900298101969, 0.87562058804051], [-79.03969212277892, 0.8766170137571], [-79.04223995470791, 0.878369013091589], [-79.04220978157913, 0.878731202539642], [-79.04163960670031, 0.879606229879989], [-79.04196907076185, 0.880323268136575], [-79.04205874171933, 0.880866624443398], [-79.04205780705276, 0.882655009466098], [-79.04183269369226, 0.883085009679291], [-79.04091024176347, 0.883854205370755], [-79.04039244963866, 0.884895268439782], [-79.03974555738264, 0.885534440734327], [-79.03945774007536, 0.887588666611958], [-79.03906930532354, 0.888539244913875], [-79.03824209203985, 0.88994800421199], [-79.03593041740393, 0.891712506950391], [-79.03542409210345, 0.892323453809946], [-79.03550534861967, 0.892914399195386], [-79.03577769919859, 0.893444211864296], [-79.03608064952299, 0.894666811406561], [-79.03628288831705, 0.894972530911013], [-79.0376989073071, 0.896450407296374], [-79.03978991400135, 0.897334408634753], [-79.0401776606584, 0.897691161536013], [-79.04122246874631, 0.899440495915109], [-79.04140758685897, 0.900221599964278], [-79.04133959470806, 0.901206308122773], [-79.0410524047691, 0.902055068886459], [-79.03992183732527, 0.902971287598614], [-79.03971795573165, 0.903405066370645], [-79.03987766189398, 0.90380760371817], [-79.0406370765406, 0.904210465285599], [-79.0409566184701, 0.904774068494862], [-79.04095631605314, 0.905337497898479], [-79.04071613021304, 0.905900795802162], [-79.03935618356931, 0.907026913181544], [-79.03875582353162, 0.908233932971418], [-79.03779581355546, 0.909118797220404], [-79.03691550114529, 0.91048663971882], [-79.03663509203304, 0.911492608654382], [-79.03675440178641, 0.912659774293527], [-79.03899187455234, 0.915317169204132], [-79.03975076321572, 0.916685914451641], [-79.04014993622908, 0.917853237854693], [-79.03990886552704, 0.920026331775285], [-79.03930853890944, 0.92115285668127], [-79.03830833680615, 0.922399895092676], [-79.03730771746932, 0.92441158291771], [-79.0373469903119, 0.925699440606211], [-79.03758114018221, 0.926490882835477], [-79.0166734953287, 0.926479161431631], [-79.01588273397229, 0.925889821115496], [-79.01491495569957, 0.924767998694528], [-79.01431875343418, 0.924507710496821], [-79.01357343514867, 0.924745090572657], [-79.01264336697038, 0.925431834691179], [-79.01181728167073, 0.925534806862475], [-79.01033234124897, 0.926589417868697], [-79.00960162322333, 0.926741087596233], [-79.00887695207902, 0.926520328988106], [-79.00838157260903, 0.926193639981655], [-79.00699607392801, 0.924184223641927], [-79.00641152744736, 0.92364626909523], [-79.00527832984109, 0.92279434585803], [-79.00455316350552, 0.922660660648956], [-79.00270193891593, 0.923373460687064], [-79.00194432776185, 0.923435511448673], [-79.00107745096592, 0.923249121426991], [-78.99983653474128, 0.923725280285498], [-78.9993842411178, 0.924422413408218], [-78.99898312328092, 0.924678971213862], [-78.99897154130176, 0.925631150140786], [-78.99874743666246, 0.926100560230926], [-78.99794331426055, 0.926453273078028], [-78.99823496467407, 0.927426872138775], [-78.99785616310021, 0.928044209437221], [-78.99326307736953, 0.92293305490474]]]}, "properties": {"NUM_MUESTRA": 16, "PROVINCIA": "ESMERALDAS", "CANTON": "ELOY ALFARO", "PARROQUIA": "SAN JOSÉ DE CAYAPAS", "CIRCUNSCRIPCION": "CIRCUNSCRIPCIÓN RURAL", "TIPOLOGIA": "A", "ETIQUETA": "16 | A", "COD_SECTOR": "080263999001", "POB_T": 501, "V_PRES": 109, "AREA_KM2": 43.0634, "DENS_VIV": 2.53, "DENS_POB": 11.63}}, {"type": "Feature", "geometry": {"type": "Polygon", "coordinates": [[[-79.13141766749305, 1.118835338586152], [-79.13130910244729, 1.118853059970255], [-79.13107835563945, 1.118410514349578], [-79.1310215187885, 1.117991729871275], [-79.13116302560942, 1.117813921434164], [-79.13209830643693, 1.117399614357362], [-79.13220161208599, 1.117997960197997], [-79.13242449323921, 1.118134948579395], [-79.13266653263393, 1.11807489084213], [-79.13291863461863, 1.117601080635816], [-79.13298215960886, 1.116925583541557], [-79.13345500401395, 1.116042490996221], [-79.13360233128115, 1.115888616597208], [-79.13439010587845, 1.115900667814935], [-79.13490268593523, 1.115679664628555], [-79.13493921217295, 1.115367901281793], [-79.13467746990025, 1.115027078717281], [-79.13383255004284, 1.114670486733681], [-79.13397977758005, 1.114386494821622], [-79.13469859416573, 1.11406480119409], [-79.1365435175084, 1.116816091526412], [-79.13348731757459, 1.119191629913905], [-79.13169684077252, 1.120099066662514], [-79.13089548579231, 1.119979192054066], [-79.13085857084045, 1.119683299832618], [-79.13129822924029, 1.119401277070614], [-79.13141766749305, 1.118835338586152]]]}, "properties": {"NUM_MUESTRA": 17, "PROVINCIA": "ESMERALDAS", "CANTON": "ELOY ALFARO", "PARROQUIA": "SANTA LUCÍA DE LAS PEÑAS", "CIRCUNSCRIPCION": "CIRCUNSCRIPCIÓN RURAL", "TIPOLOGIA": "G", "ETIQUETA": "17 | G", "COD_SECTOR": "080265901001", "POB_T": 373, "V_PRES": 97, "AREA_KM2": 0.162, "DENS_VIV": 598.77, "DENS_POB": 2302.47}}, {"type": "Feature", "geometry": {"type": "Polygon", "coordinates": [[[-79.39264504446741, 1.083144944608532], [-79.39238737342407, 1.083109163090084], [-79.39194775382913, 1.082767450068919], [-79.39158908960965, 1.081959066897433], [-79.3916043238694, 1.080268041457902], [-79.39098797487016, 1.078074920447839], [-79.39066653324161, 1.077459023269693], [-79.38846413065089, 1.075005385693066], [-79.38761599303862, 1.073592764652515], [-79.38617250941007, 1.072482609903128], [-79.38607192643077, 1.071380898091519], [-79.38639622598984, 1.070220346312652], [-79.38716547750809, 1.0693043922792], [-79.38945260049654, 1.067327132796798], [-79.38945329052541, 1.065986332469424], [-79.38963577486903, 1.065202429472574], [-79.3903414178894, 1.064466177537679], [-79.3933129050381, 1.062984794381613], [-79.3966068489257, 1.062222808420018], [-79.39745672408459, 1.061877069372118], [-79.39836390324265, 1.06130245572574], [-79.39947068712588, 1.059953749360693], [-79.40053330619666, 1.05898702470446], [-79.40390266862748, 1.057196762846885], [-79.40474263137307, 1.056453919214256], [-79.40490465814977, 1.055972755768918], [-79.40440957864868, 1.054967192716026], [-79.40291296447461, 1.054039868870206], [-79.4007789658644, 1.053336218134434], [-79.4006247133965, 1.052742018278942], [-79.40138893432908, 1.052032400500987], [-79.40139703334876, 1.05132052754908], [-79.40104270068906, 1.050868508846475], [-79.4005225989943, 1.050577299255369], [-79.40007253988493, 1.050087839225163], [-79.3998296213465, 1.049238663014471], [-79.3998471179963, 1.048804035604794], [-79.40056604734039, 1.04882523508173], [-79.40275866044364, 1.049656552054957], [-79.40423406275367, 1.04991164597295], [-79.40483131964845, 1.050241550668518], [-79.40701451529942, 1.052614794280559], [-79.40803113800837, 1.055048307107419], [-79.40965544808172, 1.057810852325704], [-79.40979575385006, 1.05846836028994], [-79.40957840151266, 1.059315236622037], [-79.40751025579793, 1.062121462077492], [-79.40690042652112, 1.065967378100795], [-79.40708800167431, 1.067409513136018], [-79.40742116601575, 1.068499013013194], [-79.40803947873516, 1.069204217831605], [-79.40795683957346, 1.069314959048313], [-79.40875020565288, 1.069794855859176], [-79.40823727842019, 1.069940080586325], [-79.40721823630506, 1.06937026304021], [-79.40708422704006, 1.069974657467426], [-79.40668075262232, 1.070273874682158], [-79.40653756643289, 1.071388526690741], [-79.40620705066807, 1.071719744149162], [-79.40629491413168, 1.07295273516249], [-79.40769389364507, 1.073167770493186], [-79.4081709230047, 1.072269161117661], [-79.41106291220727, 1.074681918608716], [-79.40997148371896, 1.075721358608623], [-79.41089130573552, 1.076888016640628], [-79.41068779898433, 1.076955617899489], [-79.4110396314956, 1.07788267442593], [-79.4028938714843, 1.079981470868558], [-79.39739154783025, 1.081917438654542], [-79.39590554371154, 1.082616993358369], [-79.39517088210991, 1.082569122516225], [-79.39404188448714, 1.082936373517063], [-79.39369030029478, 1.08286885559504], [-79.39264504446741, 1.083144944608532]]]}, "properties": {"NUM_MUESTRA": 18, "PROVINCIA": "ESMERALDAS", "CANTON": "RIOVERDE", "PARROQUIA": "RIOVERDE", "CIRCUNSCRIPCION": "CIRCUNSCRIPCIÓN URBANA", "TIPOLOGIA": "D", "ETIQUETA": "18 | D", "COD_SECTOR": "080750999007", "POB_T": 263, "V_PRES": 75, "AREA_KM2": 5.3663, "DENS_VIV": 13.98, "DENS_POB": 49.01}}, {"type": "Feature", "geometry": {"type": "Polygon", "coordinates": [[[-79.45785236469322, 1.04628889332318], [-79.45787961682322, 1.045764758036857], [-79.45887471333485, 1.045215050698455], [-79.45965489149195, 1.045586851148505], [-79.45982591984784, 1.04597302738426], [-79.45998238325909, 1.047098233814229], [-79.4605426945769, 1.047999572515664], [-79.4605538532125, 1.048387328598633], [-79.46012612181786, 1.048640531442345], [-79.45968313715592, 1.048659268250843], [-79.45921113950834, 1.049125543420599], [-79.45883245827812, 1.049099070216989], [-79.45869207089383, 1.048551627577249], [-79.45747872360198, 1.047170809865516], [-79.45785236469322, 1.04628889332318]]]}, "properties": {"NUM_MUESTRA": 19, "PROVINCIA": "ESMERALDAS", "CANTON": "RIOVERDE", "PARROQUIA": "RIOVERDE", "CIRCUNSCRIPCION": "CIRCUNSCRIPCIÓN URBANA", "TIPOLOGIA": "E", "ETIQUETA": "19 | E", "COD_SECTOR": "080750901001", "POB_T": 222, "V_PRES": 68, "AREA_KM2": 0.0884, "DENS_VIV": 769.23, "DENS_POB": 2511.31}}, {"type": "Feature", "geometry": {"type": "Polygon", "coordinates": [[[-79.4216313762133, 1.031459886674904], [-79.41960277438064, 1.031460959580046], [-79.41788101161076, 1.03072166458565], [-79.41695991604813, 1.0305841982114], [-79.4158514609032, 1.030514969276364], [-79.41518592800875, 1.030633926470344], [-79.39958917120398, 1.022299019326536], [-79.40055337670921, 1.022080049443497], [-79.40235963974452, 1.022187213111096], [-79.4029732134205, 1.021785394577455], [-79.40301033433127, 1.021254278283518], [-79.40168666624454, 1.018331418725288], [-79.40142456020521, 1.016518915566395], [-79.40164840093573, 1.013556320240047], [-79.40085141202724, 1.012328050143795], [-79.39790770370341, 1.011630006874055], [-79.3968255777131, 1.011005496288293], [-79.39652794403116, 1.010588025818005], [-79.39665262459724, 1.009815618295969], [-79.39832336595776, 1.007944247233265], [-79.39844508870945, 1.007251941255587], [-79.39824339883728, 1.00598929169574], [-79.39767771837853, 1.004400642527199], [-79.3976792981201, 1.003459066574101], [-79.39796165923082, 1.002934596331353], [-79.39929246498872, 1.00169635436942], [-79.40075059554017, 1.001039208613285], [-79.40103312095947, 1.000771002320976], [-79.4014255499711, 1.000002306683193], [-79.40148799301883, 0.999299825622101], [-79.40201427690175, 0.997893583749027], [-79.40221265367103, 0.996815468064707], [-79.4019540306046, 0.995489895758368], [-79.40185921108527, 0.994040787333852], [-79.40202330478927, 0.993312901772173], [-79.40238648068852, 0.992900095798439], [-79.40191503237845, 0.991458598991137], [-79.40208615519505, 0.99029805833118], [-79.40175232755126, 0.989288360200226], [-79.40226471406505, 0.987853280864982], [-79.40273527648316, 0.987050316010639], [-79.4026342431207, 0.985532212326315], [-79.40229372397512, 0.984247806755288], [-79.40298391688098, 0.983762942308121], [-79.40324939995416, 0.983183789850108], [-79.40338431402719, 0.981775408765033], [-79.40323453511193, 0.980273259936518], [-79.40357864207671, 0.979482311884915], [-79.40366881637345, 0.978532580048629], [-79.40358182289415, 0.978005633890363], [-79.40309614218647, 0.977189953318186], [-79.4023858267311, 0.977007705525204], [-79.39910585065277, 0.977669573960277], [-79.39801748315185, 0.976999338771069], [-79.39747867522875, 0.97632163892105], [-79.39776932396002, 0.974665790321255], [-79.39766380175054, 0.973787567571134], [-79.39547130636217, 0.971628724456406], [-79.39519753220465, 0.970750422384697], [-79.39565955411081, 0.968868846800333], [-79.3974058454946, 0.965770985015402], [-79.39775554727156, 0.964202986507667], [-79.39774632106224, 0.962818757140578], [-79.4080822670951, 0.96642621920909], [-79.40991109711604, 0.967908634070363], [-79.4110125228384, 0.968078453480629], [-79.41171061384505, 0.969831921503878], [-79.41268962187475, 0.970298862788318], [-79.41435447545891, 0.971426777804969], [-79.41511494218265, 0.971784909901914], [-79.41521569667636, 0.972473371973751], [-79.41555583643469, 0.973087878539836], [-79.41603109755323, 0.973520487750169], [-79.41622991153461, 0.973937139655307], [-79.41739068271959, 0.974756056164402], [-79.4171643393657, 0.974825279852226], [-79.41693784794329, 0.975211447483722], [-79.41732126452314, 0.975914847087821], [-79.4180981396901, 0.976885853626851], [-79.4184627496975, 0.977689265907792], [-79.41846059688183, 0.977868002414579], [-79.4182670128545, 0.978036840080089], [-79.41792554448251, 0.978143409566937], [-79.41630139125397, 0.978310787193745], [-79.41584487682637, 0.978588548863917], [-79.41560780113338, 0.97893338864322], [-79.4156816130302, 0.979851888401755], [-79.41606390411337, 0.980629799972579], [-79.41710088185079, 0.981902253695332], [-79.4176339892417, 0.982199730964835], [-79.4186330184704, 0.982363073546449], [-79.41870961563056, 0.982612051144002], [-79.41889635414121, 0.983947619495006], [-79.41844679680322, 0.984903202806772], [-79.41759689092606, 0.985515197733646], [-79.41770855852052, 0.98604137422245], [-79.4179588263924, 0.986377413883924], [-79.41792570212755, 0.986776259290493], [-79.41826118505143, 0.987052564748554], [-79.41892420106711, 0.987153601374651], [-79.41975533103269, 0.987497226725205], [-79.42039534319586, 0.988216837401958], [-79.42189458131875, 0.990470517652671], [-79.42230721246794, 0.990855610228193], [-79.4227131375626, 0.990805871981916], [-79.42297301193942, 0.990470680833108], [-79.42390075196961, 0.988576098213992], [-79.42422320866986, 0.988221408011086], [-79.42520257144298, 0.988068714396815], [-79.42557543604892, 0.988258850243049], [-79.42610482412474, 0.989711809598036], [-79.42642493670554, 0.991409353677071], [-79.42797741390628, 0.994107269190013], [-79.42845439036482, 0.994517587178071], [-79.42926897673712, 0.99560201599787], [-79.42972429252946, 0.996038548506769], [-79.43039157416621, 0.996424950454102], [-79.43163361017076, 0.996878863928686], [-79.43249430076119, 0.996895924486184], [-79.43445033467944, 0.996194949760204], [-79.43678508367378, 0.994824444482802], [-79.43838369155723, 0.994861608244021], [-79.43903991582606, 0.995018738598815], [-79.4392082482904, 0.995403271734039], [-79.43924306292419, 0.995978919575333], [-79.43885912755356, 0.996786838590661], [-79.4381614569129, 0.999118200464809], [-79.43775076040578, 1.001665679359022], [-79.43678155176376, 1.002670900980484], [-79.43469855729406, 1.003686103868585], [-79.43461715855484, 1.004191599034348], [-79.43491231211794, 1.006136489660278], [-79.43481781956108, 1.007068959465655], [-79.43452010349904, 1.008034411568984], [-79.43425638122358, 1.008848413721036], [-79.43350139419003, 1.010265505709541], [-79.43314371478245, 1.010647781579011], [-79.43227787131524, 1.012158235776871], [-79.43179929367564, 1.012683996484534], [-79.43120961395593, 1.012959548276009], [-79.42903938870471, 1.01458412803033], [-79.42835599933, 1.014981683089809], [-79.42797323268736, 1.01504184548289], [-79.42688512729903, 1.014722154285398], [-79.4247432886962, 1.01315742690709], [-79.42429900436962, 1.012976160716253], [-79.4227423470177, 1.013178253395814], [-79.42054138780176, 1.013720318167872], [-79.4199383325516, 1.013677422860545], [-79.41727369627901, 1.011550448825354], [-79.41632051733723, 1.010984766153069], [-79.41595495196965, 1.011011140151165], [-79.41563367267547, 1.011619966873475], [-79.41583369144634, 1.012653017085868], [-79.41595774642796, 1.013017841976177], [-79.4170693793052, 1.014269513366396], [-79.41707988078298, 1.014880947127028], [-79.41695157940796, 1.015229875536634], [-79.41611458872704, 1.015976759916766], [-79.4157112606966, 1.016158643397373], [-79.41480293817997, 1.016347864122594], [-79.41374775194059, 1.016309408371108], [-79.41303610596896, 1.016588325177721], [-79.41296433089246, 1.016996740837573], [-79.41338123398187, 1.01836775410298], [-79.41444155145668, 1.020050852071058], [-79.41521116527983, 1.020853862202053], [-79.41590059472777, 1.022019515796755], [-79.41659376771582, 1.022528174417844], [-79.41709374314723, 1.022307740078439], [-79.41941403062798, 1.019767984779874], [-79.42041668181393, 1.019351206264812], [-79.42161823264614, 1.019235039895187], [-79.42334867132313, 1.019292693013604], [-79.42477801314709, 1.019653126953484], [-79.42549255107475, 1.020107875241678], [-79.42690931871715, 1.021523916108309], [-79.42719124892679, 1.021959518488254], [-79.42774827056675, 1.023724823069045], [-79.42780053538401, 1.024741481607726], [-79.42744556640339, 1.026213147703679], [-79.4261631731647, 1.028382339654991], [-79.42645686598111, 1.028913562110741], [-79.42673569609745, 1.02901232919086], [-79.42690137426337, 1.029300709607788], [-79.42641832345029, 1.030658508032554], [-79.42474464420083, 1.031492223897007], [-79.42330486234285, 1.031832911890147], [-79.42292034290361, 1.032075497279135], [-79.4216313762133, 1.031459886674904]]]}, "properties": {"NUM_MUESTRA": 20, "PROVINCIA": "ESMERALDAS", "CANTON": "RIOVERDE", "PARROQUIA": "RIOVERDE", "CIRCUNSCRIPCION": "CIRCUNSCRIPCIÓN URBANA", "TIPOLOGIA": "H", "ETIQUETA": "20 | H", "COD_SECTOR": "080750999009", "POB_T": 211, "V_PRES": 81, "AREA_KM2": 18.4918, "DENS_VIV": 4.38, "DENS_POB": 11.41}}, {"type": "Feature", "geometry": {"type": "Polygon", "coordinates": [[[-79.41936769834776, 0.97674285634419], [-79.4180981396901, 0.976885853626851], [-79.41707546347469, 0.975508647134027], [-79.41693784794329, 0.975211447483722], [-79.41698714202803, 0.975003477588895], [-79.41739068271959, 0.974756056164402], [-79.41825988309365, 0.974655040857825], [-79.42166316624892, 0.973108388203194], [-79.42252839068907, 0.972044935567402], [-79.42282335003057, 0.971374518825549], [-79.42292635043547, 0.970265573641811], [-79.42285616010558, 0.969685252708142], [-79.42184459001774, 0.968640260397168], [-79.42076970652545, 0.968196448538801], [-79.41996826239526, 0.967659340501389], [-79.41791258831446, 0.966671888978652], [-79.41620136509526, 0.965541185724436], [-79.41687205233157, 0.963567143533114], [-79.4166240706726, 0.962410337489539], [-79.41666486530764, 0.960774061372645], [-79.41653362627574, 0.959485312102321], [-79.4166774752079, 0.95817323947917], [-79.41689261546868, 0.957582155422756], [-79.4171396796364, 0.95728636841976], [-79.41734543912888, 0.957186499121044], [-79.41925421961314, 0.960467119137066], [-79.41884409765933, 0.960903267237317], [-79.41829103654227, 0.962135782482923], [-79.41835054481533, 0.96288659652517], [-79.41853447779181, 0.963387206351278], [-79.4190360938397, 0.963892599701245], [-79.41962953322226, 0.964958809385185], [-79.42002991487794, 0.965343658621208], [-79.42186222612764, 0.965627219177128], [-79.42244258778238, 0.965103792480677], [-79.42351105916823, 0.964423020390343], [-79.42553717818497, 0.963770500177209], [-79.42615891268146, 0.963386126318606], [-79.42759566828711, 0.962807480608536], [-79.42835064372544, 0.963034922476946], [-79.42869112052864, 0.96353560688352], [-79.42988350811103, 0.963721540684621], [-79.43202475010325, 0.963036625976382], [-79.43320800751356, 0.963055711899879], [-79.43368688948534, 0.962944704522702], [-79.43547711682677, 0.961431136540254], [-79.4314623817716, 0.975012302375346], [-79.43108995916755, 0.975419373360229], [-79.4305120349185, 0.975875184547662], [-79.42945368703987, 0.976360162056811], [-79.4282640406871, 0.97730649477403], [-79.42659301447979, 0.978213167566726], [-79.42618149416212, 0.978264432815341], [-79.4249678478132, 0.978268471895585], [-79.42296097307226, 0.978029850852202], [-79.42092322367306, 0.977149645116511], [-79.41936769834776, 0.97674285634419]]]}, "properties": {"NUM_MUESTRA": 21, "PROVINCIA": "ESMERALDAS", "CANTON": "RIOVERDE", "PARROQUIA": "CHONTADURO", "CIRCUNSCRIPCION": "CIRCUNSCRIPCIÓN RURAL", "TIPOLOGIA": "E", "ETIQUETA": "21 | E", "COD_SECTOR": "080751999001", "POB_T": 156, "V_PRES": 48, "AREA_KM2": 2.3351, "DENS_VIV": 20.56, "DENS_POB": 66.81}}, {"type": "Feature", "geometry": {"type": "Polygon", "coordinates": [[[-79.33749035272744, 0.829916863314607], [-79.33639989995912, 0.82967601032693], [-79.33491374142466, 0.829636116942758], [-79.33367844866913, 0.829314271627584], [-79.33199852142448, 0.828177313786079], [-79.33136575585233, 0.828005566752197], [-79.33084058879079, 0.82751014032443], [-79.33004546485267, 0.827270214046038], [-79.3299519884547, 0.826183611145523], [-79.32911153917573, 0.825829080546765], [-79.32870731659501, 0.825456304192895], [-79.32835133304465, 0.825846387071898], [-79.32688397871115, 0.826541293489736], [-79.32610300556925, 0.826727665157313], [-79.32559835273331, 0.826672962586634], [-79.32287598727525, 0.827580477111731], [-79.32233435755703, 0.827436814681873], [-79.32187637488153, 0.827140139353194], [-79.32138042004915, 0.826277732498035], [-79.31975781181379, 0.825158832440377], [-79.31805399639744, 0.825026494801878], [-79.31735299046747, 0.825298436151261], [-79.31682801894334, 0.825771176964624], [-79.31655612526352, 0.82637263383793], [-79.3164716860639, 0.826992799905172], [-79.31607034725701, 0.827341192262978], [-79.31503566115087, 0.827497002036465], [-79.31375985759037, 0.827478427396679], [-79.31243613689146, 0.827830629826974], [-79.3111021566541, 0.82844545093615], [-79.31024239401867, 0.82860614187578], [-79.30979707451489, 0.82848876166691], [-79.30911643190426, 0.828611668368592], [-79.30844554150666, 0.828264019476934], [-79.30780200467882, 0.828173598118529], [-79.30724853399104, 0.828274923908731], [-79.30670352495969, 0.828133461791801], [-79.30621019866251, 0.8285989993798], [-79.30617420521591, 0.829005238601293], [-79.30589241919104, 0.829249578836987], [-79.30609324058855, 0.828759231861701], [-79.30609348407451, 0.828186028608003], [-79.30502577939583, 0.828257219198961], [-79.3041005217347, 0.828113519535942], [-79.30157348406858, 0.828613982177446], [-79.29936708539509, 0.828326428474007], [-79.29758804717295, 0.827358383357805], [-79.29698330966463, 0.826713270653968], [-79.29652100484905, 0.825889095147901], [-79.29655756869776, 0.823596308840539], [-79.29705663426913, 0.821661971054721], [-79.29773323276703, 0.820694985226833], [-79.29880123296816, 0.819907290840277], [-79.29919290838171, 0.819441731973846], [-79.29954899484463, 0.81897615767603], [-79.29983403840774, 0.81818812801305], [-79.29990547149373, 0.817579131062123], [-79.29930201023036, 0.81388888983689], [-79.29937344285122, 0.813279893796515], [-79.30005023064454, 0.811847176852405], [-79.30080858102083, 0.810797291253422], [-79.30185286069445, 0.809985695880012], [-79.30308676842402, 0.809604080649657], [-79.30398855392883, 0.809126792162686], [-79.30493808755874, 0.8079330179091], [-79.30584026737783, 0.806500388424619], [-79.30579344718365, 0.804971826894515], [-79.30503508241007, 0.802869764267692], [-79.30527255824927, 0.802344426982046], [-79.30593706194604, 0.80191480198608], [-79.30679129501895, 0.80167632283826], [-79.30783527569187, 0.80158122276622], [-79.30868962694103, 0.801056140784032], [-79.30925936344735, 0.800292105607647], [-79.30973452712085, 0.798715989908809], [-79.31206138502084, 0.794513447553942], [-79.3131055221362, 0.794036205340243], [-79.31372233956084, 0.794179760587421], [-79.31429182150373, 0.794036692547294], [-79.31462419811895, 0.793511390023593], [-79.31481479813753, 0.791553014076439], [-79.31472101119441, 0.78878247963915], [-79.31527389682294, 0.788344200605867], [-79.3240074526452, 0.79268919136983], [-79.32411224184038, 0.792554532599404], [-79.32605375572383, 0.793576776354468], [-79.32735061940072, 0.794547572739591], [-79.3292097692757, 0.795311504829636], [-79.33029029066128, 0.796318931039758], [-79.33134716744165, 0.796477983772425], [-79.33193321059797, 0.797069753899249], [-79.33290471664498, 0.799077522860006], [-79.33301419987379, 0.802040922906889], [-79.33261369804242, 0.803778620387042], [-79.33289320817961, 0.804783696812749], [-79.33267606475542, 0.804961867237095], [-79.33196581991491, 0.804911458779507], [-79.33190138917388, 0.805140969156875], [-79.33197622268025, 0.805374506067222], [-79.33257572687795, 0.805670453651432], [-79.33316432494054, 0.805438258845696], [-79.33360996797653, 0.805662400536971], [-79.33359050507677, 0.805946268979735], [-79.33318563384064, 0.806639498246163], [-79.33304955863267, 0.807370306935769], [-79.33271599677133, 0.807353530202136], [-79.33247119547319, 0.807520629667578], [-79.33285945479636, 0.80769712445875], [-79.33363765305128, 0.807670281085614], [-79.33366718388811, 0.807921266069844], [-79.33336650834165, 0.808192383728915], [-79.33333429397057, 0.808404445509636], [-79.3340507452855, 0.808859439716011], [-79.33405477244962, 0.809353356483646], [-79.33445041531465, 0.809914382131868], [-79.33441014618198, 0.810110337910203], [-79.33383966892629, 0.810419035842006], [-79.33403161792984, 0.810863292374015], [-79.3339806103209, 0.81101093082964], [-79.33338395836597, 0.811201518274008], [-79.33341214668944, 0.81157732395314], [-79.3338735626108, 0.812240352930823], [-79.3333517430316, 0.8125993816799], [-79.33342288545468, 0.813183223427097], [-79.33283562977219, 0.813278516905676], [-79.3326463649055, 0.813788538879517], [-79.33302355149463, 0.813924097872309], [-79.33304368552645, 0.814078447063747], [-79.33261180085053, 0.814321378467789], [-79.33212421077735, 0.814905890620779], [-79.33250810808141, 0.81524478714788], [-79.3326262305049, 0.815741387288998], [-79.33224635976516, 0.816510446496689], [-79.33277623244247, 0.816690295831841], [-79.33243528913155, 0.817550622217343], [-79.3326081094473, 0.817593572141682], [-79.33292992562038, 0.817377483426299], [-79.3335849676431, 0.817382852217515], [-79.33376080886033, 0.817570755326091], [-79.33373127817315, 0.817962666012674], [-79.33331281683591, 0.817833819136583], [-79.33292623438236, 0.817882136674031], [-79.33278529314472, 0.818000246564433], [-79.33280374990379, 0.818253915571158], [-79.33307355182205, 0.818437792103883], [-79.33381919876645, 0.818551876020215], [-79.33404202095087, 0.818785412236685], [-79.33402222145055, 0.819009553012617], [-79.33389638118409, 0.819079345593389], [-79.33284972385546, 0.819225640810613], [-79.33284838158352, 0.81946051921609], [-79.33332489780317, 0.819668554371516], [-79.3329443554421, 0.820377886356694], [-79.33297153696373, 0.821022124511067], [-79.33328630646078, 0.821240896344032], [-79.33391584500353, 0.820855696362785], [-79.33427826553141, 0.820812747298723], [-79.33424336578192, 0.821381823253478], [-79.33401819499103, 0.821520066354187], [-79.33349469862705, 0.821524092461689], [-79.33338731408811, 0.821718705682232], [-79.33374235244095, 0.821925398947829], [-79.33464907519763, 0.822015323436337], [-79.33465847198359, 0.822666271254717], [-79.33440343442216, 0.823578941011432], [-79.33598902605648, 0.823812476791623], [-79.33653898167584, 0.824235194832369], [-79.33680984169163, 0.824684880793384], [-79.33677917331033, 0.824966550842851], [-79.33735548646152, 0.825310327321196], [-79.33756891156064, 0.826134413150792], [-79.33709239550797, 0.826300840867158], [-79.3371054824796, 0.826514244921348], [-79.33776186761436, 0.826781334489952], [-79.33766287239817, 0.827114189871762], [-79.33720682614143, 0.827359805123604], [-79.3371517925557, 0.827554417976208], [-79.33749105868387, 0.828002699076619], [-79.33779408266845, 0.828766387441227], [-79.33830079993736, 0.829256275347223], [-79.33773636372091, 0.829406596849884], [-79.33749035272744, 0.829916863314607]]]}, "properties": {"NUM_MUESTRA": 22, "PROVINCIA": "ESMERALDAS", "CANTON": "RIOVERDE", "PARROQUIA": "CHONTADURO", "CIRCUNSCRIPCION": "CIRCUNSCRIPCIÓN RURAL", "TIPOLOGIA": "G", "ETIQUETA": "22 | G", "COD_SECTOR": "080751999010", "POB_T": 275, "V_PRES": 57, "AREA_KM2": 13.0314, "DENS_VIV": 4.37, "DENS_POB": 21.1}}, {"type": "Feature", "geometry": {"type": "Polygon", "coordinates": [[[-79.40717806628672, 0.865942964499655], [-79.40385538343537, 0.859408513874203], [-79.40433015003812, 0.858883251973278], [-79.40447277272736, 0.858262310140701], [-79.40437841630123, 0.856924729593004], [-79.40376173929951, 0.856351239407333], [-79.4031930520748, 0.854487999456907], [-79.40319332816475, 0.853819229038438], [-79.4027191344154, 0.852959183863567], [-79.40172305695582, 0.851812305589234], [-79.4012488632855, 0.850952261309284], [-79.40139199422694, 0.84908932023357], [-79.40181961571757, 0.847799728936638], [-79.40220005532622, 0.845841347236927], [-79.4024856820343, 0.84364407906582], [-79.40253383735461, 0.841924404419896], [-79.40196494421961, 0.840538861161552], [-79.40073176513971, 0.838961968908989], [-79.40011533966722, 0.837767484128552], [-79.39888216209715, 0.836190594375404], [-79.39764877049004, 0.835139165995899], [-79.39622645027171, 0.831890281058937], [-79.39570501183753, 0.830504763298099], [-79.39561043075493, 0.829692649651489], [-79.39532672332992, 0.827160771244133], [-79.39544812485482, 0.825157124633937], [-79.39850154245266, 0.826802260021533], [-79.39871969666378, 0.82723405965121], [-79.39867103128898, 0.827718041806721], [-79.39886285648709, 0.828225850720969], [-79.39956070705045, 0.828782275855756], [-79.39990451641636, 0.829388203704446], [-79.40043323896587, 0.829950828694063], [-79.40066061993404, 0.830880650203711], [-79.40127055733524, 0.832403683651533], [-79.4014756751974, 0.832588091682154], [-79.40202904765417, 0.832691705724238], [-79.4024682236599, 0.833064411701927], [-79.40221436584734, 0.833559464491626], [-79.40229716321582, 0.833757548407016], [-79.40306274397739, 0.834284979289534], [-79.40373222271549, 0.834153691394765], [-79.40400235255403, 0.834281581024397], [-79.40473092023237, 0.835082997867627], [-79.40519314347142, 0.835022639579526], [-79.40566463536013, 0.835337860997014], [-79.40625798269808, 0.835276495333205], [-79.4074775530046, 0.835925139839548], [-79.40774250303612, 0.835792463628757], [-79.40853593515214, 0.835794763465547], [-79.40906322353314, 0.836232868654791], [-79.40931331995999, 0.836163171661296], [-79.4095696945608, 0.836459505482347], [-79.40940548502945, 0.8367530875049], [-79.4096309647842, 0.837073688647717], [-79.41004827521449, 0.837098646232468], [-79.41038143334222, 0.837486858503949], [-79.41091865279618, 0.837565339187219], [-79.41094538231921, 0.837791395182913], [-79.4107114762358, 0.838107977087601], [-79.41098805379951, 0.838239405945389], [-79.41113002576178, 0.838643583154285], [-79.41172800978659, 0.838438263811436], [-79.41177128758608, 0.838730533583424], [-79.41214773127243, 0.838906724898965], [-79.41223372072447, 0.839286529029735], [-79.41261603079856, 0.839359086314023], [-79.41274008919841, 0.839890177236507], [-79.41286962940912, 0.839415515638575], [-79.41303080241875, 0.839457095257474], [-79.41300597700398, 0.840112313090374], [-79.41311246190583, 0.840238923743254], [-79.41338225447122, 0.840215793299223], [-79.41340360542118, 0.840338485748348], [-79.41293592399816, 0.840762630551847], [-79.413078803487, 0.841004016555705], [-79.41329106975077, 0.84097040984405], [-79.41331492143775, 0.841089722745547], [-79.41305922931494, 0.841562575470162], [-79.41278656852809, 0.841644430457497], [-79.41265811254719, 0.842468826944776], [-79.41602647280976, 0.841990703943425], [-79.4175399478979, 0.841439476866289], [-79.41815866360113, 0.840767687412953], [-79.41801892175043, 0.84043447582963], [-79.41590523288241, 0.838652883494455], [-79.41599916947952, 0.838293067457132], [-79.41713718815375, 0.83761954096368], [-79.41749624160146, 0.837586830748643], [-79.41814222188903, 0.837087349644438], [-79.41797231343644, 0.836452932354923], [-79.4186532189278, 0.836307681716121], [-79.43730139959447, 0.824912473095035], [-79.44027282993497, 0.826465680503724], [-79.44183948599095, 0.833698683706293], [-79.44182643963848, 0.83443458292319], [-79.4413262883206, 0.835556191989833], [-79.43968781978828, 0.838037459748004], [-79.43928975703048, 0.839088655409423], [-79.43860670441894, 0.841960004483957], [-79.4381795051173, 0.842617957673999], [-79.43691772732119, 0.843107808780307], [-79.43592327939355, 0.84326151479818], [-79.43495860149255, 0.843107016429031], [-79.43389022815097, 0.842321845306309], [-79.43316356216664, 0.841004399085305], [-79.43213438027054, 0.840847975979246], [-79.43193594131169, 0.840563103806292], [-79.43172537520063, 0.839370311272332], [-79.43178485922611, 0.837090281638469], [-79.43169592024503, 0.836852029927195], [-79.43144359553477, 0.836739784203953], [-79.43101182407311, 0.837379193631429], [-79.43030302089008, 0.837457318368101], [-79.42981512858915, 0.837796990476851], [-79.42931837323425, 0.838957028547781], [-79.42840809887198, 0.839368699242417], [-79.42733253496587, 0.83949967128866], [-79.4270488535976, 0.839844398924013], [-79.42679291821521, 0.840674431347132], [-79.42660418213659, 0.840838772187628], [-79.42597195502047, 0.840841771391745], [-79.42468249024155, 0.842731865241508], [-79.42473408536728, 0.843116069136641], [-79.4255993594182, 0.844689057801027], [-79.42590165291915, 0.845703152251917], [-79.42664940516191, 0.846066904951149], [-79.42752557131524, 0.847754699509933], [-79.42809173641189, 0.850740395771899], [-79.42889082614047, 0.85170126484069], [-79.43061818929225, 0.853051924175699], [-79.43082440055507, 0.853311615207716], [-79.43087580256937, 0.853752965884129], [-79.4305917459951, 0.854661470435109], [-79.4302305848582, 0.854920927228057], [-79.42772861531003, 0.855828516601774], [-79.42698065084637, 0.85598397119375], [-79.42538169247271, 0.855983310537735], [-79.42481425524586, 0.856138839108936], [-79.42471098063854, 0.856424361463991], [-79.42476238029155, 0.856865711896147], [-79.42517474909064, 0.857514895817586], [-79.42561301448478, 0.857904484973332], [-79.42672173730814, 0.858476076608304], [-79.42826905500223, 0.858632480696399], [-79.42991961885335, 0.858581242630218], [-79.43123508482962, 0.858114495280641], [-79.43226667528853, 0.858114921060032], [-79.43288549223479, 0.858452664396732], [-79.43373593047723, 0.859984692325724], [-79.43409682762639, 0.860374250645786], [-79.43445781043732, 0.860556125099707], [-79.43499942948401, 0.86047846643269], [-79.43628945889067, 0.85915500510766], [-79.43677957084226, 0.858895599922204], [-79.43765635054126, 0.859077686461048], [-79.43791411208439, 0.85941528143173], [-79.43799129123256, 0.859882604814642], [-79.43796473990986, 0.861751763883649], [-79.43747411955923, 0.863257280615059], [-79.43674818790619, 0.864702462081834], [-79.43665006615238, 0.865195268958936], [-79.43644012958873, 0.865087557604519], [-79.43604550983993, 0.86449031549542], [-79.43583836154055, 0.864412542485343], [-79.43467398704675, 0.864625585832918], [-79.43398489008084, 0.86417346685268], [-79.43356766224798, 0.864156472017406], [-79.43346932663823, 0.864489065479579], [-79.43360077887898, 0.864901250186678], [-79.43339356743166, 0.86519717060286], [-79.4324868119309, 0.864449225920746], [-79.4321618195854, 0.865172692057162], [-79.43177400926217, 0.865281147733006], [-79.43124750973193, 0.865096885605107], [-79.43103061403664, 0.865130438552735], [-79.43082460160882, 0.865350842549636], [-79.43080509037134, 0.86560406302922], [-79.43113655036173, 0.866415979783806], [-79.43106006830736, 0.866692871498263], [-79.43032189960788, 0.866288483165998], [-79.42983062161564, 0.866973170859797], [-79.42871203641306, 0.86748178309006], [-79.42787142655679, 0.867124831943344], [-79.42752517198156, 0.867772951355997], [-79.42705765601313, 0.867916914832406], [-79.42625712129508, 0.86798477025574], [-79.42581983163537, 0.867817999183189], [-79.42556198399788, 0.867372933433561], [-79.42541241741742, 0.867317431953948], [-79.42502887794376, 0.867747758714126], [-79.42398914132454, 0.867910473786488], [-79.42330097209701, 0.866965283999506], [-79.42302500963817, 0.866876809930336], [-79.42152159343058, 0.867470992521817], [-79.4209675794936, 0.867133243865943], [-79.42050624088206, 0.867982899154063], [-79.41921363126541, 0.868712644526396], [-79.41851694607948, 0.869670906036228], [-79.41791746391233, 0.870218889614619], [-79.41672093183757, 0.870648236803447], [-79.41562074337996, 0.871432593517503], [-79.41523974930864, 0.871573334729747], [-79.41403231927468, 0.871636853173974], [-79.41343134715203, 0.872093039034826], [-79.41271261103223, 0.872286180826424], [-79.41195223801492, 0.872790320792727], [-79.41171225133743, 0.872827931391267], [-79.41001754914166, 0.870240235050769], [-79.40844158567621, 0.868161395576816], [-79.40717806628672, 0.865942964499655]]]}, "properties": {"NUM_MUESTRA": 23, "PROVINCIA": "ESMERALDAS", "CANTON": "RIOVERDE", "PARROQUIA": "CHUMUNDÉ", "CIRCUNSCRIPCION": "CIRCUNSCRIPCIÓN RURAL", "TIPOLOGIA": "A", "ETIQUETA": "23 | A", "COD_SECTOR": "080752999001", "POB_T": 262, "V_PRES": 73, "AREA_KM2": 13.3043, "DENS_VIV": 5.49, "DENS_POB": 19.69}}, {"type": "Feature", "geometry": {"type": "Polygon", "coordinates": [[[-79.31861830627714, 0.683539715349303], [-79.31794054087221, 0.68340793683558], [-79.31667914404593, 0.683727969989363], [-79.31533671366971, 0.684409963369904], [-79.31204774473836, 0.686947127090857], [-79.3105792527218, 0.687248333888808], [-79.30433279555994, 0.685170667532152], [-79.30114900986133, 0.684486060177418], [-79.29996273604334, 0.684674179615226], [-79.29901045649659, 0.685286601890611], [-79.29877794773228, 0.686676355326743], [-79.29844507563836, 0.6856373904195], [-79.29759638458175, 0.684132924845982], [-79.2969408815479, 0.683494234257757], [-79.29625352884526, 0.683159535009936], [-79.29450074280207, 0.683417613272134], [-79.29253360854852, 0.683287053824434], [-79.29092129125789, 0.682940196048466], [-79.29033557005272, 0.682566653029616], [-79.28948156577007, 0.680899872858737], [-79.28887518757833, 0.678129415006837], [-79.28867109800336, 0.677696492220852], [-79.2881338760282, 0.67696586616228], [-79.28727418316369, 0.676186430806115], [-79.28711306000676, 0.675845504300227], [-79.28652133777697, 0.675503338896151], [-79.28607758341566, 0.674992446071995], [-79.28417521482478, 0.674417192569537], [-79.28290683488146, 0.674416742193583], [-79.28005287325276, 0.674734937133795], [-79.27891122234178, 0.6750537390497], [-79.27802270722894, 0.676904831686903], [-79.277070928922, 0.678309008155651], [-79.27643660512696, 0.678691830893276], [-79.27535844168622, 0.678819127233385], [-79.27428043633451, 0.678499531436692], [-79.2730757074216, 0.677860683689069], [-79.27206105569408, 0.677732636156968], [-79.27123661380128, 0.677732339936066], [-79.26908021161212, 0.678210374643774], [-79.26789661271008, 0.6776140957794], [-79.26730516060897, 0.6763370559902], [-79.26561469730237, 0.674378648480755], [-79.26443097748977, 0.674122858495528], [-79.26324753243942, 0.673100974553994], [-79.26299397883034, 0.672760397613686], [-79.26299421957985, 0.672079424765155], [-79.26378771842074, 0.671245864372898], [-79.26386147006335, 0.670837122667404], [-79.26348630824977, 0.670390469232407], [-79.26339146638408, 0.669576460607042], [-79.26263115448413, 0.667565191315334], [-79.26339279574802, 0.665793867253374], [-79.2642492405839, 0.664932315155112], [-79.26505880716437, 0.662107625507818], [-79.2651067863109, 0.660910618995198], [-79.26470908384955, 0.660383338127611], [-79.26333238392742, 0.660158653388504], [-79.26217231777784, 0.659714784574206], [-79.26193623794373, 0.657630820300123], [-79.26068192021599, 0.654797312595682], [-79.2605000233881, 0.653859686990813], [-79.26104815290404, 0.649579703592608], [-79.26092690964096, 0.648886680996381], [-79.26038040300881, 0.648438092138971], [-79.25963131856133, 0.648315543027018], [-79.25801769378403, 0.648641184062742], [-79.25714092904893, 0.648477733727756], [-79.25578803216244, 0.647993468625895], [-79.25551278700081, 0.644841633130919], [-79.25521895595983, 0.644217287895046], [-79.25533059825021, 0.643371484523201], [-79.25521949617374, 0.642627513639907], [-79.25357984601807, 0.641679200179433], [-79.25297283685322, 0.640537615932932], [-79.25254158673296, 0.63859189259166], [-79.25190465178363, 0.637629854187489], [-79.2515368006394, 0.636195824196178], [-79.25103687772369, 0.635050128438637], [-79.24961043744393, 0.633708986067176], [-79.2486618401999, 0.632998118308584], [-79.24737232852259, 0.632869868896668], [-79.24545777747025, 0.63214915747161], [-79.24480783334073, 0.6315334152189], [-79.24478077197035, 0.630528454077336], [-79.24432505686265, 0.62892847828369], [-79.24402207181188, 0.626798498737524], [-79.24422484120652, 0.625881395300295], [-79.24421797959127, 0.625158332396671], [-79.24372967320025, 0.623262192822189], [-79.24385171054944, 0.621999389700583], [-79.239883790762, 0.620478817310078], [-79.2369183163248, 0.618633295897083], [-79.23648303596309, 0.618592387162344], [-79.2345392976576, 0.618887267309107], [-79.23391166617142, 0.618876866385684], [-79.23317276049995, 0.618632041426249], [-79.23290974498268, 0.618071461658473], [-79.23424334825698, 0.616187223017591], [-79.23444774204889, 0.613086543746236], [-79.23398655136582, 0.606597042805949], [-79.23379443993491, 0.605893818560454], [-79.23283304673309, 0.604966145145768], [-79.23191245151361, 0.603090748466295], [-79.23221273461489, 0.602676722979534], [-79.23259358675948, 0.60157560521376], [-79.23259372628999, 0.601144683249855], [-79.23169025885797, 0.600474067937872], [-79.23050129566795, 0.600186400137087], [-79.22883662069462, 0.600185857573446], [-79.22774235211165, 0.60123886027154], [-79.22697395875463, 0.601563617894912], [-79.22626786549637, 0.601429897659918], [-79.22529160017491, 0.600714478128065], [-79.2243179137113, 0.601141979779837], [-79.22344020075315, 0.600774684237159], [-79.22287534047071, 0.600702608935104], [-79.22211451325163, 0.600191640937239], [-79.22224146982673, 0.599808644266052], [-79.222685484414, 0.599489589676188], [-79.22254037825796, 0.599002747279332], [-79.22070796457837, 0.59773696900063], [-79.22056649101509, 0.596962431752222], [-79.22064782960607, 0.595861865218035], [-79.21777365679141, 0.593496697270054], [-79.21386736460666, 0.589816609608087], [-79.21343248025815, 0.58855283092316], [-79.21351380745001, 0.587472649218299], [-79.21409875226034, 0.586043570399781], [-79.21487081255817, 0.585801821579054], [-79.21557961980061, 0.585170228635612], [-79.2164711657676, 0.58286742772905], [-79.21744349523573, 0.581196470080021], [-79.21937775993348, 0.578710561702445], [-79.22186823048523, 0.578008191758371], [-79.2224714639592, 0.578200929238055], [-79.2233416999599, 0.578273727800762], [-79.22377113682406, 0.578701758238591], [-79.22426716615428, 0.578691724140505], [-79.22462546779875, 0.57847624179184], [-79.22496609659665, 0.577265246926278], [-79.22531270628274, 0.576869166727381], [-79.22678835942646, 0.576868381116369], [-79.22844861523973, 0.576603943331512], [-79.22991640766286, 0.57674707291983], [-79.23222197910746, 0.575518007445499], [-79.23283199841872, 0.576238448921125], [-79.23444324967342, 0.57751163676479], [-79.2355341222453, 0.578603547723251], [-79.23611007115086, 0.579265096135846], [-79.23713287926773, 0.580825634277086], [-79.23908618447756, 0.582273337859929], [-79.23970738968744, 0.582918650465671], [-79.24042298671891, 0.584759908674874], [-79.2412627461222, 0.585996288615901], [-79.24274885319488, 0.58697263952606], [-79.24496648687577, 0.588935474386324], [-79.24630214404331, 0.590747177680193], [-79.24688215319608, 0.590812536073985], [-79.24733625448704, 0.590487270920674], [-79.24804715038978, 0.590487496555494], [-79.2488227543644, 0.590227507126769], [-79.24985664302443, 0.590683247649767], [-79.25050260708291, 0.59165933780054], [-79.25140722158773, 0.592180097572366], [-79.2526997419807, 0.59224556652022], [-79.25567265056438, 0.592051331616154], [-79.2574176667281, 0.591791647440836], [-79.25793466353481, 0.591856870601525], [-79.25873867810775, 0.592338486276621], [-79.25967935693473, 0.592638134049104], [-79.26019639505074, 0.592573237878224], [-79.26064890883693, 0.592183025249083], [-79.2607138598733, 0.591142095351651], [-79.26059134484622, 0.589206819838879], [-79.2610624628544, 0.587251219876681], [-79.26156376467343, 0.585845682873354], [-79.2625660591739, 0.584027759532779], [-79.26309751720778, 0.583263960316502], [-79.26385664526508, 0.582484951079304], [-79.26452459059409, 0.582087896373666], [-79.26552666346217, 0.580988095316964], [-79.26658917624984, 0.580774513664878], [-79.26810695174679, 0.580805540752102], [-79.26919973688572, 0.580866995050054], [-79.27011032558748, 0.581142304333523], [-79.27108179246541, 0.580867575141659], [-79.2723571222693, 0.579584500414675], [-79.27433056101657, 0.57854610786858], [-79.27624385078332, 0.57564360637968], [-79.27685092087971, 0.575796584802074], [-79.27751851991985, 0.576560758417969], [-79.27770002770474, 0.57863881499795], [-79.27830689638708, 0.579464089691007], [-79.27924773311132, 0.580106113598445], [-79.2810386018524, 0.580534485817799], [-79.28213144990818, 0.58041258495434], [-79.28334589037517, 0.579740659057401], [-79.28413514876678, 0.579725620516355], [-79.28516709522303, 0.580245437885134], [-79.28621428376647, 0.580551347173213], [-79.28689729320551, 0.580551555579747], [-79.28741346489554, 0.58015444634834], [-79.28788425412824, 0.579253099160655], [-79.28911413018386, 0.577725521999093], [-79.28969123059825, 0.576595013361769], [-79.2900255620399, 0.575204677838227], [-79.29031397605424, 0.575097808513719], [-79.29078441656624, 0.575357702444007], [-79.29163405346466, 0.576473363925299], [-79.29192200278942, 0.577925006884049], [-79.29190584415205, 0.581194821635517], [-79.29228503944289, 0.582050591342266], [-79.29305905031907, 0.582280020652812], [-79.29462233384675, 0.582463851166689], [-79.29664110919667, 0.582158874474405], [-79.2971724201132, 0.581899283132124], [-79.29850817828867, 0.581609376774451], [-79.30019312568953, 0.581013983541718], [-79.30108883927761, 0.580326672717977], [-79.30143834000205, 0.578966893512933], [-79.30118058024333, 0.578065318830286], [-79.3008164703644, 0.577515143169009], [-79.30008802566692, 0.577163493203713], [-79.29945080368113, 0.576292365281962], [-79.29904135354876, 0.575085154432511], [-79.29914778062975, 0.574474002681859], [-79.30072644997502, 0.573970248343103], [-79.3010975001517, 0.573214444224639], [-79.31212580707898, 0.573214575350602], [-79.31311879857051, 0.573894207019302], [-79.31467205942747, 0.575249364177373], [-79.31736387624666, 0.577175408739469], [-79.31865299099445, 0.578360837632767], [-79.31987286046622, 0.579798738554311], [-79.32045587065237, 0.579822787285961], [-79.32250679980923, 0.579393566669644], [-79.32346115790405, 0.580414128191221], [-79.3251858267075, 0.583297954430248], [-79.32562362933915, 0.58375622506291], [-79.32794342473464, 0.584890423207983], [-79.3289236730494, 0.586155712352821], [-79.33001904294242, 0.586971668879422], [-79.33111528329154, 0.587583968064015], [-79.33159441252678, 0.588032847833865], [-79.33267830495707, 0.589688486742811], [-79.33433018968614, 0.591437717804763], [-79.33473840719607, 0.59260562288219], [-79.33524038240158, 0.593265585674077], [-79.33715844916138, 0.594406367003311], [-79.33911239092454, 0.594846381652662], [-79.33963704203919, 0.595387159888562], [-79.33998522733492, 0.595125727952697], [-79.34119839059161, 0.594693635858879], [-79.34202153846915, 0.594103977918492], [-79.3431866714441, 0.593566422629245], [-79.3447978310729, 0.593340820795081], [-79.34629403141356, 0.593620444503996], [-79.34761040130853, 0.593242640832858], [-79.34927768011956, 0.594026763330832], [-79.35076400916084, 0.593983529923732], [-79.35330531124352, 0.592586975080201], [-79.35520348586597, 0.59240676230001], [-79.357304986169, 0.591526456658937], [-79.35795252520056, 0.591502865047011], [-79.35861203202269, 0.591712420078566], [-79.35994731671468, 0.59271412217886], [-79.36038135041939, 0.592887164742357], [-79.3612133690684, 0.592701748085781], [-79.36282667823625, 0.591622966874024], [-79.36320348486817, 0.591492579829168], [-79.36351511207265, 0.591535086799018], [-79.36488948309906, 0.592521065816727], [-79.36511033186056, 0.593023141513967], [-79.3646528432112, 0.594709997640503], [-79.36518499200652, 0.596357899787898], [-79.36555677387545, 0.599248616470978], [-79.36624487662866, 0.59909089834728], [-79.36579989916989, 0.599534377733502], [-79.3655713718062, 0.600006909442348], [-79.36556516815534, 0.601655824240719], [-79.3653629117668, 0.60207999840756], [-79.3648095036858, 0.602451523990355], [-79.36447792080311, 0.602450880266046], [-79.36336707524434, 0.601828908020327], [-79.36253250409193, 0.601827389710637], [-79.36231524204389, 0.602006338162123], [-79.36219897482209, 0.602561266121384], [-79.36219835868295, 0.60282542900921], [-79.36253071291102, 0.603544223349474], [-79.36244884834835, 0.603929093493745], [-79.36201042497932, 0.604052653178071], [-79.36136449401312, 0.604632902083503], [-79.36122899885491, 0.605198581086836], [-79.36132327324296, 0.605581013905095], [-79.36190807560583, 0.606282623863102], [-79.36259410217374, 0.606341403583422], [-79.36278435888701, 0.606558601638029], [-79.36260634770866, 0.607810298078026], [-79.36283461260639, 0.608219102582948], [-79.36403003409913, 0.60877453880529], [-79.36585110274612, 0.60864153168821], [-79.3658686143753, 0.610090282856526], [-79.3661423827265, 0.610461770989967], [-79.36643098349934, 0.6106470677325], [-79.36699877781432, 0.610656821324212], [-79.36857229767772, 0.610060164435966], [-79.36876366702816, 0.610071842992264], [-79.36901630914386, 0.61031256615709], [-79.3690383377376, 0.610896938680176], [-79.36827289767629, 0.612525413780365], [-79.36802226982745, 0.614233573502309], [-79.36777475419775, 0.614546436088193], [-79.36637946623709, 0.614771921215701], [-79.36578607133752, 0.615594177785789], [-79.36584206913776, 0.616088246913204], [-79.36605491549619, 0.616468240629803], [-79.36693053064825, 0.616694942147428], [-79.36707159625566, 0.617205045053974], [-79.36709040909665, 0.617966341558665], [-79.36655845990873, 0.620235593036025], [-79.36673445276581, 0.621682172106664], [-79.36663337276015, 0.622716547938454], [-79.36723332612677, 0.623405864165385], [-79.36787163417769, 0.623614303355154], [-79.36903795520917, 0.624667778091099], [-79.36964135529952, 0.626607589942867], [-79.36984845012974, 0.626767608389871], [-79.37028752218973, 0.626819120062781], [-79.37148638450157, 0.626588764666065], [-79.37234300493519, 0.626673480305138], [-79.37312431746093, 0.627963040067222], [-79.37339430980214, 0.629275467105724], [-79.3730706705559, 0.629559566139001], [-79.37250281820047, 0.629722243575359], [-79.37229967219893, 0.630153269580625], [-79.37230555025857, 0.630352694288898], [-79.37260409041959, 0.630475883791968], [-79.37305118587294, 0.631015685118665], [-79.37348202722478, 0.632424728462612], [-79.373387893445, 0.633083626921086], [-79.37304901029263, 0.63396843380143], [-79.37286074221512, 0.635389771633187], [-79.37347261378883, 0.63637811915083], [-79.37387739117976, 0.63753589717547], [-79.3735385077079, 0.638768977489147], [-79.37367970934841, 0.639211381005216], [-79.3746963578915, 0.640227965909984], [-79.37503697154533, 0.640947349699717], [-79.37493535834909, 0.641285803496718], [-79.3739326721948, 0.642259426348658], [-79.3739642310543, 0.642770357550133], [-79.3745191643724, 0.643345322825796], [-79.37468069982913, 0.644105370380548], [-79.37464244176084, 0.644715270119602], [-79.37412165175554, 0.646621677544535], [-79.37336630991135, 0.647710135350132], [-79.37345378723184, 0.648614785568571], [-79.37358378997513, 0.648862394391874], [-79.3740477790962, 0.649370850243809], [-79.37513878778822, 0.650130247965649], [-79.37473401142739, 0.651598645455665], [-79.3747810789268, 0.652662292155708], [-79.37429158078584, 0.654582502985251], [-79.37377384317921, 0.655194334781246], [-79.37279101947782, 0.655860593206165], [-79.37233499743778, 0.656881347385992], [-79.37369853629218, 0.657858155927249], [-79.37419744663566, 0.658479400373143], [-79.37435747520459, 0.658997103451151], [-79.37448926230923, 0.661312649801116], [-79.37462105080186, 0.661604445531459], [-79.37460222400021, 0.662508073273315], [-79.37484697243282, 0.663524653681888], [-79.3749411062176, 0.664776553283921], [-79.3743480613331, 0.666254359151259], [-79.37426334060243, 0.667026207150698], [-79.37511996121444, 0.668325169540757], [-79.37600482219446, 0.669097016340424], [-79.37679554838392, 0.669238207880127], [-79.37755803502525, 0.669049953310225], [-79.37877965578639, 0.668123716120016], [-79.38002055987376, 0.667428506041127], [-79.38102217068554, 0.667120334230667], [-79.3820576461887, 0.667205049178409], [-79.3828013059185, 0.66755332217342], [-79.38348848537737, 0.667939246237481], [-79.38483460307464, 0.669191144121357], [-79.38564137532336, 0.669444889790172], [-79.38859055448822, 0.668824046093177], [-79.38908005189003, 0.66893700003586], [-79.38933421419297, 0.669266446678509], [-79.38940010826927, 0.669652370544953], [-79.38927084841754, 0.670879388295777], [-79.38979547150775, 0.671770243254462], [-79.390153180565, 0.673426889619868], [-79.39101921533414, 0.67499882074027], [-79.39183818208826, 0.675620062059051], [-79.39279091404819, 0.67605979658336], [-79.39442062863696, 0.67584797106113], [-79.39560456189996, 0.676171937919269], [-79.396260366575, 0.676700437687832], [-79.39649639881893, 0.677063710849853], [-79.39657167955065, 0.677542491383264], [-79.3962859969232, 0.67855108456078], [-79.3953236890154, 0.680379665924513], [-79.3945930303336, 0.680092635571506], [-79.39424095576365, 0.680612350971871], [-79.39396796595948, 0.680715891484993], [-79.39331844050625, 0.680424096838894], [-79.39271598281671, 0.680405271057297], [-79.39208528353329, 0.680772368153571], [-79.39178405438697, 0.681111227221812], [-79.39144517142508, 0.681111227303788], [-79.39127345396231, 0.681308806352263], [-79.39042451650654, 0.68090149975537], [-79.39002374617068, 0.680169952557272], [-79.38965662361957, 0.679896982472982], [-79.38924243376778, 0.680009935769232], [-79.38906357808841, 0.68044292159089], [-79.38935539452434, 0.681092401906087], [-79.38941187446103, 0.681374784325964], [-79.38931774102934, 0.681497149212932], [-79.38868071661398, 0.681288881657631], [-79.38653137038486, 0.681854834213054], [-79.38556178898467, 0.681497149289915], [-79.38518525240615, 0.680725304699947], [-79.38509111812175, 0.680151126527219], [-79.38484637001017, 0.680019348142474], [-79.38446041940749, 0.680217016079361], [-79.38399689467992, 0.679907336276078], [-79.38340112686816, 0.679744219955725], [-79.38175619326375, 0.679489266828854], [-79.38010842117563, 0.679399449862085], [-79.37979136685695, 0.679012183718412], [-79.37893474632291, 0.678503895205416], [-79.37830404826919, 0.678965120354641], [-79.37760745569209, 0.678616848288067], [-79.37686379622237, 0.678965120274655], [-79.37587538733057, 0.678974533302084], [-79.37544237065325, 0.679096898310617], [-79.37419658950756, 0.678093955246926], [-79.37392681091883, 0.678889817767089], [-79.3732866993833, 0.679209851337276], [-79.37235477104599, 0.679275741101476], [-79.37167610587537, 0.678850541970222], [-79.3706121432794, 0.678912491650732], [-79.37013460573765, 0.679070864202567], [-79.36632816533196, 0.681071733017999], [-79.36548777758046, 0.681760387271765], [-79.36487979633804, 0.682453823015792], [-79.36357205738534, 0.682843171924918], [-79.3624827967574, 0.681596801742717], [-79.36202355480539, 0.68132176307398], [-79.3617176150125, 0.681403022513745], [-79.35987258679465, 0.681214767068262], [-79.35914934827196, 0.680935885049449], [-79.35899209067944, 0.680798549815376], [-79.35876831358428, 0.679980573074358], [-79.35734979216811, 0.679125137263703], [-79.35673792030386, 0.678362704385384], [-79.35658730561934, 0.677713224310391], [-79.3562954901577, 0.677562619973219], [-79.35555022845786, 0.67781508102651], [-79.3548124688681, 0.677536102988675], [-79.35410727467708, 0.677471923972535], [-79.3537256281394, 0.677666159956692], [-79.35315141050242, 0.677713224064251], [-79.3526695676071, 0.677424138859569], [-79.35154171646565, 0.678466244075364], [-79.35020501156387, 0.67929456664272], [-79.34932015121736, 0.679200438560649], [-79.34908481578518, 0.679294566699941], [-79.34875534674487, 0.67988756988317], [-79.34846353101945, 0.680104062555831], [-79.34758207989978, 0.68020232134483], [-79.34593657908482, 0.680913251659486], [-79.34103976111466, 0.682600247307342], [-79.34004762940748, 0.682816402593246], [-79.3391640105651, 0.68279764843179], [-79.3365826193647, 0.682160541264411], [-79.33583588780047, 0.682472823290168], [-79.33487883190172, 0.683362998877197], [-79.33376149500556, 0.684814173021494], [-79.33394258284035, 0.686692651676532], [-79.33444830680607, 0.689248032515505], [-79.32975529147829, 0.693648562019911], [-79.32964616409639, 0.693240019695065], [-79.329412140072, 0.692957124091698], [-79.32755507804116, 0.692060857200714], [-79.32602586896444, 0.69098403107237], [-79.32381450992244, 0.687417763569261], [-79.32238367120398, 0.68549756497953], [-79.32163059839564, 0.684838673398206], [-79.31861830627714, 0.683539715349303]]]}, "properties": {"NUM_MUESTRA": 24, "PROVINCIA": "ESMERALDAS", "CANTON": "RIOVERDE", "PARROQUIA": "CHUMUNDÉ", "CIRCUNSCRIPCION": "CIRCUNSCRIPCIÓN RURAL", "TIPOLOGIA": "G", "ETIQUETA": "24 | G", "COD_SECTOR": "080752999018", "POB_T": 310, "V_PRES": 86, "AREA_KM2": 153.6728, "DENS_VIV": 0.56, "DENS_POB": 2.02}}, {"type": "Feature", "geometry": {"type": "Polygon", "coordinates": [[[-79.25825694483372, 1.086074392674907], [-79.25865294727105, 1.085952359981178], [-79.25886612425427, 1.085354916957389], [-79.2583461227941, 1.084720786310862], [-79.25722137325582, 1.084289051219955], [-79.2572109356085, 1.083844216510852], [-79.25776919191826, 1.082779356216452], [-79.25784404752943, 1.082276514173946], [-79.25765255884234, 1.081867746958582], [-79.25742486346215, 1.081774833396422], [-79.25689357054185, 1.079987796499011], [-79.25644880840717, 1.079283175149911], [-79.2564834629767, 1.078928198675645], [-79.25605682262537, 1.078349975813356], [-79.2562982252599, 1.077878519098985], [-79.25589334876432, 1.077183609196314], [-79.25611286191052, 1.077072760972785], [-79.25732161864296, 1.077208709753874], [-79.25837383468259, 1.076926927204361], [-79.25940379916575, 1.076827197359818], [-79.25992810222853, 1.076615706955092], [-79.26061511648695, 1.075895267129608], [-79.2614976284381, 1.075435033398763], [-79.26185629942105, 1.074370705928475], [-79.26284435286955, 1.073316027942996], [-79.26345769666753, 1.072311295736827], [-79.26365710681435, 1.072181361657967], [-79.26419226877834, 1.072350728926127], [-79.26437672180948, 1.072562626479134], [-79.26428945827973, 1.073474769194928], [-79.26438710957717, 1.073779508039715], [-79.26492787488262, 1.073831836657619], [-79.26514037289385, 1.073406515935978], [-79.26493215820014, 1.072782167491342], [-79.26496925758126, 1.072453353194141], [-79.26519998525198, 1.072431190877095], [-79.26593436352749, 1.072816179979077], [-79.26638108940188, 1.072706823220758], [-79.26641631102997, 1.072433743016743], [-79.26619317954834, 1.072078770283754], [-79.26615278284244, 1.07170718194903], [-79.26675822754095, 1.071618350934819], [-79.26639347333827, 1.070377114739141], [-79.26667237470306, 1.07002428621905], [-79.2673407235158, 1.069669820601064], [-79.26815845854657, 1.069523517205544], [-79.26877109279809, 1.069780245964792], [-79.26890019122794, 1.069962386395568], [-79.26882070835134, 1.070170418183779], [-79.26832039599275, 1.070389357307231], [-79.26859507109518, 1.070989592707954], [-79.26791181192834, 1.071600429657146], [-79.26782678559422, 1.071819605540223], [-79.26794106400001, 1.072098344399666], [-79.26856092174594, 1.072639326185149], [-79.26886917105067, 1.072613491902492], [-79.26896153264644, 1.072479780356054], [-79.26863883223356, 1.071944541927923], [-79.26868147330329, 1.071606440973086], [-79.27094247520844, 1.071618874132433], [-79.27095374707149, 1.071265892506961], [-79.27032451674498, 1.07097942919657], [-79.27003138499148, 1.070377324557192], [-79.27028811487725, 1.070065354692599], [-79.27136058187, 1.069880180132659], [-79.27163230987844, 1.069153922233344], [-79.27148870423754, 1.068509172541377], [-79.27105708113598, 1.068016602383454], [-79.27088542436533, 1.068023936816136], [-79.27083715890635, 1.068519950884948], [-79.27069679608957, 1.068677787117995], [-79.270403305309, 1.068714777190306], [-79.27015804041324, 1.068330067104219], [-79.27020075338281, 1.067861917396604], [-79.27092099046348, 1.067134055227082], [-79.27080333256767, 1.066296106703457], [-79.27176333353047, 1.065889784002189], [-79.27241085242785, 1.066479082769744], [-79.27257326321484, 1.066501468605249], [-79.27331380626894, 1.065768042603597], [-79.27346540820413, 1.065312958383853], [-79.27392134402392, 1.065237044167848], [-79.27446794040169, 1.064763604976545], [-79.27547767620995, 1.064537517831161], [-79.27531559760517, 1.063916908510464], [-79.27618378694012, 1.062655306882551], [-79.27564787461517, 1.061613378329653], [-79.27566155841097, 1.061345857663612], [-79.27591626120426, 1.061358386129097], [-79.27629855215707, 1.062058385991804], [-79.27641913765359, 1.062062169529119], [-79.27660757490088, 1.06174891968922], [-79.27688044818348, 1.062279176004607], [-79.27725081069403, 1.062300439106313], [-79.27731756760458, 1.061739409449066], [-79.27711248827785, 1.06099739834371], [-79.27688369146058, 1.060865982274941], [-79.27658574510617, 1.061172978086], [-79.27645779172678, 1.061143180528465], [-79.27621675335963, 1.060897810998946], [-79.27625626270549, 1.060655075758571], [-79.2767018063662, 1.060457156331497], [-79.27698261576352, 1.059986661164309], [-79.27792533488386, 1.059677549064262], [-79.27781741275068, 1.059026006848983], [-79.27793318177027, 1.058837810852351], [-79.27860253154977, 1.058895158906543], [-79.27948376666646, 1.058514174853787], [-79.27941751574035, 1.058159909295237], [-79.27985322217386, 1.057949597458606], [-79.27987676068621, 1.057661025503364], [-79.28020908890507, 1.057482858551689], [-79.2803975298948, 1.057160937690809], [-79.2804815137495, 1.056594962578633], [-79.28027499657698, 1.056224517392531], [-79.27996985601948, 1.056189667691036], [-79.2793815577366, 1.056423427967019], [-79.27924996377314, 1.056300737245278], [-79.27940881536225, 1.056082839059719], [-79.28031956430993, 1.055732833593873], [-79.2804243496002, 1.055378044636522], [-79.28030208338296, 1.05507452894843], [-79.27993047387066, 1.055082991835029], [-79.27947994681229, 1.055394858239691], [-79.2790629085959, 1.055222466471324], [-79.27903631612533, 1.054352981813633], [-79.27877431391087, 1.054188108216151], [-79.27849115255681, 1.054464149076262], [-79.27832381451279, 1.054450431463232], [-79.27826987802432, 1.054077595692833], [-79.27794630493625, 1.054000624574239], [-79.2777753971746, 1.053765203505051], [-79.27772156832461, 1.053197913506826], [-79.27716914598017, 1.053083658597217], [-79.27702674963467, 1.052466776534113], [-79.27689638237294, 1.052350279579612], [-79.27673882324554, 1.052455469782852], [-79.27671881997513, 1.053031388078636], [-79.27607381658319, 1.053455854236083], [-79.27610847552826, 1.05308182931117], [-79.27559536391722, 1.053085259416375], [-79.2752461309208, 1.052681295065887], [-79.27528328729281, 1.052240389384697], [-79.27573747039085, 1.051990453131989], [-79.27582744332165, 1.051721735883805], [-79.27563024275247, 1.050069390003794], [-79.27678983051914, 1.049194373049784], [-79.27695124330252, 1.048790692347524], [-79.27746198637443, 1.048616339101862], [-79.27780805311843, 1.048062894254629], [-79.27760776493666, 1.047551259127068], [-79.27760765802033, 1.047139953048289], [-79.27735978563486, 1.046680109107522], [-79.27755711356475, 1.046065802596725], [-79.27771557436157, 1.045843097160057], [-79.2796444715909, 1.045834488658858], [-79.28515471024107, 1.046139210294123], [-79.28524381456086, 1.04539761684046], [-79.28566571323185, 1.045446486761595], [-79.28580516981143, 1.044562574257683], [-79.28671414489546, 1.044393378287238], [-79.28826210043256, 1.043315453330094], [-79.28927192523442, 1.044881632049902], [-79.28872624394123, 1.04531113738694], [-79.28852437954215, 1.04650366134132], [-79.28814584963314, 1.047011107263742], [-79.2858757672061, 1.048025165113541], [-79.28546569761431, 1.04856431950297], [-79.28530733033725, 1.04996027823562], [-79.2847395500116, 1.050689715125147], [-79.28461318880478, 1.051197298200557], [-79.28491978340473, 1.053146559764655], [-79.28486372808575, 1.054179895760977], [-79.28385322013267, 1.057510804984868], [-79.28375821999342, 1.05830395918041], [-79.28404159772802, 1.058875225909555], [-79.2846717629153, 1.059351500936663], [-79.28561025430496, 1.059803557541422], [-79.28618422854382, 1.060367650094861], [-79.2862150520553, 1.061636799666259], [-79.28390157170247, 1.065099178275164], [-79.2819043648859, 1.068709846759815], [-79.28133407233071, 1.071866427231143], [-79.28007229423304, 1.073515581020409], [-79.27834699147695, 1.077321985529816], [-79.27748856638205, 1.08125985218887], [-79.27590768802779, 1.08163760671369], [-79.27551802714557, 1.081662795106302], [-79.27527392730714, 1.081501687242745], [-79.27066294589066, 1.083095882832317], [-79.26831868960565, 1.084050574392268], [-79.26782330168494, 1.08404920396666], [-79.26600437962921, 1.084957802675486], [-79.26547385819157, 1.08495388832556], [-79.26458677820945, 1.085402266970544], [-79.26415183773054, 1.085430682318368], [-79.26199300472858, 1.086253440776058], [-79.26129349964226, 1.086403603132062], [-79.26071649209834, 1.086792845022684], [-79.26028332728784, 1.086857794523568], [-79.25963295994028, 1.087173925191069], [-79.25895617805826, 1.087023145979821], [-79.25845203297895, 1.086629027321142], [-79.25825694483372, 1.086074392674907]]]}, "properties": {"NUM_MUESTRA": 25, "PROVINCIA": "ESMERALDAS", "CANTON": "RIOVERDE", "PARROQUIA": "LAGARTO", "CIRCUNSCRIPCION": "CIRCUNSCRIPCIÓN RURAL", "TIPOLOGIA": "F", "ETIQUETA": "25 | F", "COD_SECTOR": "080753999001", "POB_T": 221, "V_PRES": 66, "AREA_KM2": 5.8395, "DENS_VIV": 11.3, "DENS_POB": 37.85}}, {"type": "Feature", "geometry": {"type": "Polygon", "coordinates": [[[-79.15160970287522, 1.004848706867884], [-79.15169267196389, 1.004568939661692], [-79.15153147438731, 1.004484389544387], [-79.1512625251078, 1.00448166557131], [-79.15110677835979, 1.004754047783455], [-79.15035769527941, 1.004061682780094], [-79.14940081431062, 1.001927641124558], [-79.1483142757657, 1.000001234836443], [-79.14692077603064, 0.998714958571551], [-79.145664165617, 0.999067897048574], [-79.14371291981982, 0.998849948347513], [-79.14180229321686, 0.99717337741267], [-79.14018660028506, 0.99644290967993], [-79.13879129444881, 0.996472771203015], [-79.13797130538956, 0.996133934153202], [-79.13753923858047, 0.995597288553561], [-79.13735981255313, 0.994850458786434], [-79.1363888731728, 0.994250932572538], [-79.1354580900894, 0.993811121326048], [-79.13487629321213, 0.993719280876011], [-79.13417801141789, 0.993737240039828], [-79.133759410241, 0.993969779239727], [-79.13385434805295, 0.993208564945721], [-79.13354068373987, 0.992721982907974], [-79.13363724569183, 0.991355406874319], [-79.13428141486898, 0.991027977745746], [-79.13488342560213, 0.990303619865862], [-79.13498884164946, 0.989855540465189], [-79.1346865813844, 0.989169828529562], [-79.13395443254149, 0.988774982027964], [-79.13344088673901, 0.988142053962994], [-79.13334843513174, 0.987801307229038], [-79.13349088357592, 0.987293031709029], [-79.133475724156, 0.984705307967777], [-79.13420311521885, 0.984678662003566], [-79.13521076766567, 0.984899338666121], [-79.13687394267882, 0.985991251529477], [-79.1371021181553, 0.985991380087486], [-79.13823403913808, 0.985006310246113], [-79.13890952170519, 0.984174101496911], [-79.14005060426544, 0.983811082306584], [-79.14114455265702, 0.98272071706705], [-79.1418672749544, 0.982424451954546], [-79.14198147921812, 0.982213975727575], [-79.14186789862653, 0.981295192289806], [-79.14193479810923, 0.980663610113291], [-79.14293346468287, 0.979946417376937], [-79.14340936962058, 0.978970542376079], [-79.14336220233646, 0.978298462393261], [-79.14303475199462, 0.977293429586716], [-79.14310638800013, 0.976690558491552], [-79.14364853456851, 0.976274564573145], [-79.14413409340516, 0.975025948635967], [-79.14510522678958, 0.9731698072587], [-79.14555358636304, 0.972594864398293], [-79.14613208635264, 0.97237137560819], [-79.146888452654, 0.971395651147786], [-79.1468178434818, 0.970118013487433], [-79.14748945210502, 0.967649315510788], [-79.14741943099573, 0.965280694843722], [-79.14771014105008, 0.963419881432988], [-79.14817661392178, 0.962783331653474], [-79.14988860660125, 0.961535376544886], [-79.15035955176457, 0.960918365838087], [-79.15063102736346, 0.959956723251834], [-79.1507599860361, 0.958822743203215], [-79.15138816225392, 0.957531127654165], [-79.15133890393275, 0.956996676238459], [-79.15084913779984, 0.956493736105903], [-79.15088774182084, 0.956182977330848], [-79.15150318901404, 0.955776999371681], [-79.15233114960625, 0.95423666882221], [-79.15264825788284, 0.953866001407269], [-79.15343755536855, 0.95351233478245], [-79.1540368686097, 0.952852324223886], [-79.15505422969538, 0.952709321244682], [-79.15889458793485, 0.953859801055025], [-79.16108143384515, 0.953573874835912], [-79.16192472957611, 0.953688754320183], [-79.16264179886272, 0.953961581820273], [-79.1630859750214, 0.954385663111546], [-79.16413776599859, 0.954949872847539], [-79.164864688339, 0.956953221050404], [-79.16655555614452, 0.958289689579199], [-79.16752741794743, 0.958824258412426], [-79.17062329246369, 0.958063647310029], [-79.17264543296562, 0.958162439688527], [-79.17408841970003, 0.958026371649232], [-79.17463408262368, 0.958411292486915], [-79.17851986415171, 0.959167637743939], [-79.1798342992409, 0.958797107567565], [-79.18135678044902, 0.958031863267545], [-79.18300700859604, 0.955543049414698], [-79.18463180120457, 0.953832725186424], [-79.1856872085051, 0.953190476214304], [-79.1866872161093, 0.95229666332807], [-79.18763183976091, 0.951123336960085], [-79.18849356176773, 0.949195362312953], [-79.18935456786222, 0.948636849951257], [-79.19040956710828, 0.948777147717177], [-79.19107610208556, 0.948442118344569], [-79.19212577142622, 0.9483715537785], [-79.1922863482146, 0.948108455972157], [-79.19208979475677, 0.947492968588093], [-79.19218494241547, 0.946830571456753], [-79.19347629908232, 0.945972803288483], [-79.19411102933674, 0.944951715541414], [-79.1959510307678, 0.943364688737507], [-79.19595174645222, 0.941976195129313], [-79.1961423018897, 0.941401745274206], [-79.19678110172453, 0.940404000861003], [-79.19683060779707, 0.940031234327798], [-79.19666647667735, 0.939534732889452], [-79.19633369259044, 0.939199405608893], [-79.19490725750465, 0.938193203786081], [-79.19471724324825, 0.937714314773204], [-79.19467033877282, 0.936421555802496], [-79.19424281838538, 0.93532011567244], [-79.19424328325513, 0.934410413377694], [-79.19486253076363, 0.932639208669123], [-79.19610036490664, 0.930389529676265], [-79.19667250595876, 0.930064265948476], [-79.19767017717459, 0.930055183741059], [-79.19819361062362, 0.929624540427283], [-79.19862227840069, 0.928475659732256], [-79.19887609887776, 0.928196495156733], [-79.1997005263591, 0.928260756328614], [-79.20039798496875, 0.928580309218143], [-79.2010321857085, 0.928580634220831], [-79.20312549957298, 0.92768795877992], [-79.20363331051854, 0.92679447165949], [-79.2036973740993, 0.925517722907064], [-79.20394109557806, 0.924580002093886], [-79.20585410681619, 0.924625074195095], [-79.20758115361167, 0.924486228959744], [-79.208122210877, 0.925106131861641], [-79.20791931814308, 0.926432932152344], [-79.20756348422563, 0.927241496932398], [-79.2079827485092, 0.928105145186983], [-79.20765961208336, 0.928838323582112], [-79.20846906671619, 0.929485213060059], [-79.20855069781011, 0.929916804412567], [-79.20818927510561, 0.931116966103326], [-79.20885820887474, 0.93181178774575], [-79.2088757187323, 0.932055167616046], [-79.2085020812643, 0.934708184394356], [-79.20835602269005, 0.93680424218695], [-79.20817928897732, 0.940798551820494], [-79.20826133537125, 0.943009343045006], [-79.2080444207488, 0.94421509115284], [-79.20816596530403, 0.944893708876402], [-79.20964887348192, 0.946451796710265], [-79.21634973313968, 0.954879583577625], [-79.21702113822059, 0.955919830303494], [-79.21782037748835, 0.955851097981584], [-79.2177790069245, 0.956288496981201], [-79.21848829015686, 0.956226484407268], [-79.21848716810825, 0.956480790638496], [-79.21923866602214, 0.957026089900018], [-79.2189893920315, 0.95729760350867], [-79.21890367926703, 0.958423104631385], [-79.21997266024222, 0.958487513325801], [-79.22045506985313, 0.958824721290857], [-79.22027121799512, 0.959297574911295], [-79.22034053876072, 0.960290763681218], [-79.21905833036972, 0.96060664407108], [-79.219685967169, 0.961909774039329], [-79.22045334192632, 0.96161475006547], [-79.22083240959022, 0.961694348372795], [-79.22107437998288, 0.961889621147233], [-79.22151905596176, 0.961683602155198], [-79.22290605548733, 0.961970092651295], [-79.22361531810975, 0.962339698369948], [-79.22409982740031, 0.962607586505893], [-79.22417054296673, 0.963309195613943], [-79.2247097673852, 0.963648398945377], [-79.2248793068647, 0.964788239379632], [-79.22509648255166, 0.964802367264506], [-79.22606211286042, 0.965434990143004], [-79.22642723132266, 0.965441773302631], [-79.22685944995304, 0.965203973190132], [-79.22731284744098, 0.96420112399366], [-79.22818690469191, 0.965009695000457], [-79.22875508839928, 0.964901535533325], [-79.22869572888649, 0.965289964624074], [-79.22697292228465, 0.967565927508142], [-79.22623683217155, 0.967909739200981], [-79.2250544825388, 0.969029507972145], [-79.22473629796012, 0.969095905026365], [-79.22414138338874, 0.968986956703909], [-79.22407540129421, 0.968825893782813], [-79.22399336561939, 0.968924787213017], [-79.22432278959985, 0.971559440230699], [-79.22423830419254, 0.971944895031189], [-79.22630672429955, 0.971994816624042], [-79.22737396527323, 0.972164281944065], [-79.22861505331602, 0.973174494838672], [-79.23011146865925, 0.973825129793103], [-79.23003086236467, 0.978484987751493], [-79.23032865871568, 0.97963625953125], [-79.23088789065703, 0.980797598138327], [-79.2318621298329, 0.981154675582071], [-79.23310828220396, 0.982251967191399], [-79.23171830155076, 0.984948728763822], [-79.22987163757158, 0.985763731745814], [-79.2290373744432, 0.990252760594534], [-79.22718281390316, 0.991515692801839], [-79.22588816555727, 0.991513547702437], [-79.22558699444293, 0.992090142739095], [-79.22550013116458, 0.993081471278768], [-79.22532992627093, 0.993348507144203], [-79.22379974944522, 0.993807963698318], [-79.22283557566138, 0.99387824842391], [-79.22252291958917, 0.994085522400211], [-79.22246169889637, 0.99450046818038], [-79.22277014427323, 0.995277059443098], [-79.22276145363904, 0.995568507636228], [-79.2224268437982, 0.996174472009689], [-79.22145236737029, 0.996527791331132], [-79.22123185136606, 0.996797692441116], [-79.22122385578581, 0.997634337183157], [-79.22093369901046, 0.998436374756602], [-79.22100866118404, 0.999034332055294], [-79.21954800072187, 0.997854161609702], [-79.21771871133004, 0.997394418875026], [-79.21636243201796, 0.996906448978973], [-79.21618567108085, 0.996667802438076], [-79.21602699890428, 0.995702569045175], [-79.21445536044764, 0.995256260823193], [-79.21270398598482, 0.993756180806185], [-79.2122673309659, 0.993681158488994], [-79.2108050461393, 0.99386745797103], [-79.20985435660663, 0.993768554093073], [-79.20896802315873, 0.994272931174271], [-79.20854287604354, 0.994349924768788], [-79.20822784386152, 0.994118339236592], [-79.20819815971032, 0.993688969189771], [-79.20782422737186, 0.993248469394495], [-79.20712811635579, 0.992870377482297], [-79.20661879141352, 0.993445132778268], [-79.2058798751913, 0.993134560960071], [-79.20443384200993, 0.993512845268361], [-79.20042481105727, 0.9935030524381], [-79.19829487206901, 0.995013656754211], [-79.1974403110792, 0.99541296905351], [-79.19641259511006, 0.99522621163362], [-79.1955317611567, 0.994556290146869], [-79.19512551883223, 0.994562939015673], [-79.19461826406575, 0.994800936629207], [-79.19298923345193, 0.996185569582129], [-79.19233189505714, 0.996530731207378], [-79.19141071176429, 0.9967004066999], [-79.18983022763969, 0.99637363291443], [-79.18916493859875, 0.996473820089611], [-79.18700093007125, 0.997537311769115], [-79.1854637168252, 0.997936508722322], [-79.18417174424368, 0.998675665867082], [-79.18242981647212, 0.998867939177423], [-79.18066551536836, 0.999880192319241], [-79.1772350586034, 0.999723103211117], [-79.17662541961336, 0.999595440623844], [-79.17548962243859, 0.998799954680327], [-79.17375841686871, 0.9984558184591], [-79.17291450254544, 0.998141837412927], [-79.17150341024097, 0.997123208805779], [-79.17120518605917, 0.997401507705351], [-79.17088687073604, 0.9974252058132], [-79.17029761645253, 0.998132595028079], [-79.1693479366494, 0.997905436280252], [-79.16873095033837, 0.997580043884842], [-79.16830610649508, 0.997056504003582], [-79.167619250507, 0.997119876972818], [-79.16762538755546, 0.997443882420027], [-79.16734905139978, 0.997591532905833], [-79.16714643292354, 0.997944930917482], [-79.166696832366, 0.998047377577787], [-79.16684180904322, 0.997674988588186], [-79.166609078649, 0.997584256339845], [-79.16631120125112, 0.998033328634648], [-79.16557071928003, 0.998110688491974], [-79.16543592087538, 0.998563803599773], [-79.16547072734748, 0.999172686303751], [-79.16494923566796, 0.999498725777367], [-79.16462596054656, 0.999934796778326], [-79.1641800244972, 1.000244168445841], [-79.16387475819283, 1.000234578621779], [-79.1633816328762, 1.000442310672982], [-79.16311627143551, 1.000382288194439], [-79.16251483823508, 0.999544850768243], [-79.1621216867876, 0.9993436556026], [-79.16173163003951, 0.99870326307026], [-79.16135317652905, 0.99867682369228], [-79.16129036457961, 0.998981652313845], [-79.16068765289933, 0.998804980266434], [-79.16044410902316, 0.998491609349326], [-79.1602681374568, 0.998597162971608], [-79.15974623912493, 0.998477567229347], [-79.15883170716971, 0.998598851719553], [-79.15838540641498, 0.998857324625164], [-79.1571816859756, 0.998709143625146], [-79.15646846846224, 0.999339260677114], [-79.15621367052307, 0.999389511854406], [-79.15531701961011, 1.000041865765068], [-79.15475826499534, 1.000142100183035], [-79.15437717247596, 1.000387661329591], [-79.15373972090379, 1.000267312733482], [-79.15347314780078, 1.000375330629403], [-79.15332042392329, 1.000641212866714], [-79.15333806183918, 1.001293234732244], [-79.15303833026874, 1.001763256891472], [-79.15329225923438, 1.002396380959862], [-79.15292487977754, 1.003232627793979], [-79.153031811018, 1.003807740017868], [-79.15272847303548, 1.004131447422204], [-79.15212255883891, 1.004073450949459], [-79.15204168366834, 1.004774041718964], [-79.15160970287522, 1.004848706867884]]]}, "properties": {"NUM_MUESTRA": 26, "PROVINCIA": "ESMERALDAS", "CANTON": "RIOVERDE", "PARROQUIA": "LAGARTO", "CIRCUNSCRIPCION": "CIRCUNSCRIPCIÓN RURAL", "TIPOLOGIA": "A", "ETIQUETA": "26 | A", "COD_SECTOR": "080753999014", "POB_T": 336, "V_PRES": 99, "AREA_KM2": 48.8003, "DENS_VIV": 2.03, "DENS_POB": 6.89}}, {"type": "Feature", "geometry": {"type": "Polygon", "coordinates": [[[-79.3033360620135, 1.082294248002371], [-79.30262953273504, 1.08148266712363], [-79.30236180010984, 1.081479803397519], [-79.30169455120244, 1.080957178008159], [-79.30105503662264, 1.080647628129628], [-79.30018752946404, 1.080447192702106], [-79.29995201738838, 1.080020127022023], [-79.29989241354173, 1.079601118533799], [-79.30042562555836, 1.07914066546161], [-79.30115741393047, 1.079274862390707], [-79.30154077687688, 1.079094407620578], [-79.30224115176358, 1.076487791869854], [-79.30255275208975, 1.075957331714753], [-79.30278793478887, 1.075882282962443], [-79.3028854107103, 1.075999017682913], [-79.30264547281513, 1.077129353079454], [-79.30282227805111, 1.077286362314757], [-79.3032348562195, 1.077232429747546], [-79.30478086341144, 1.076284009245988], [-79.30502432291298, 1.076031324664667], [-79.30551992633018, 1.074313145743835], [-79.30592608274608, 1.073523021201232], [-79.30665262699326, 1.073342881244021], [-79.30761037821604, 1.073384302487379], [-79.3089642717607, 1.073245756824582], [-79.30974477162005, 1.07280385336268], [-79.30999212531107, 1.071827235188932], [-79.30905764021641, 1.070538686917263], [-79.30967765032564, 1.070478625298747], [-79.3110082167241, 1.07091452650658], [-79.31153337057356, 1.072189545678388], [-79.31233374900594, 1.073248859425537], [-79.31305049890237, 1.074773681953495], [-79.31316475082771, 1.076061304209885], [-79.31392599505901, 1.078073101641301], [-79.30546312281676, 1.08130728364869], [-79.30399054861843, 1.082016354360318], [-79.30382402579617, 1.082254189680794], [-79.3033360620135, 1.082294248002371]]]}, "properties": {"NUM_MUESTRA": 27, "PROVINCIA": "ESMERALDAS", "CANTON": "RIOVERDE", "PARROQUIA": "MONTALVO", "CIRCUNSCRIPCION": "CIRCUNSCRIPCIÓN RURAL", "TIPOLOGIA": "B", "ETIQUETA": "27 | B", "COD_SECTOR": "080754999003", "POB_T": 274, "V_PRES": 86, "AREA_KM2": 0.9375, "DENS_VIV": 91.73, "DENS_POB": 292.27}}, {"type": "Feature", "geometry": {"type": "Polygon", "coordinates": [[[-79.31363537320662, 0.923738645896563], [-79.31376598377055, 0.923461460954698], [-79.31315993280063, 0.923118502832873], [-79.31255408815478, 0.922978740681125], [-79.31242647961756, 0.923203634653575], [-79.3116240747745, 0.923012330903312], [-79.31131904749162, 0.923179110617838], [-79.31121469327014, 0.923072329460292], [-79.31127676976969, 0.922504957613439], [-79.31070486177917, 0.922378807432606], [-79.30995410166926, 0.922689331121243], [-79.30964215163297, 0.92210987170296], [-79.30894159761323, 0.922107077843782], [-79.30872331460957, 0.921811241361042], [-79.30830145883533, 0.921918567433499], [-79.30820232840514, 0.921451395359051], [-79.3074467155653, 0.921181073761134], [-79.30765884137651, 0.920632111865147], [-79.3075529315095, 0.920483135877627], [-79.30721829817651, 0.920572503003455], [-79.30726562987613, 0.920007193478488], [-79.30585992884733, 0.918893734212836], [-79.30551886321132, 0.919096128820875], [-79.30514244363349, 0.918996317973477], [-79.30455986296028, 0.918358263246862], [-79.30435424957335, 0.917639162694723], [-79.30393588944614, 0.917339728286935], [-79.30334145161375, 0.916462221027499], [-79.3022801148227, 0.915528056965047], [-79.30169678104265, 0.915739975145882], [-79.30095065318791, 0.91570832848689], [-79.30072537567625, 0.915551171639709], [-79.30066916582221, 0.9152043890288], [-79.30047458904933, 0.915165561102909], [-79.29949995866588, 0.91582453752888], [-79.29860016259475, 0.915837427463992], [-79.29818630179588, 0.915640164024642], [-79.29752942032351, 0.916071390437138], [-79.29716449167907, 0.91648440106632], [-79.29673607216914, 0.916353258493972], [-79.29646087089948, 0.91647192542593], [-79.29622289004222, 0.91699122589876], [-79.29598025972302, 0.917094948910739], [-79.29500369288112, 0.917254561773406], [-79.29443425838788, 0.916808303172902], [-79.29368510455262, 0.916640469074102], [-79.2934441972342, 0.91673175365253], [-79.29346029889712, 0.917173982765026], [-79.29332049906785, 0.917314025466203], [-79.29296843755145, 0.917360289871428], [-79.29282960090197, 0.916637535503888], [-79.29243568086797, 0.916285784730948], [-79.29233145062854, 0.915823365228678], [-79.29153025138739, 0.915521260238109], [-79.29126250392208, 0.915123606219135], [-79.29067355444828, 0.914863077358824], [-79.29006110696218, 0.914904382444342], [-79.29002369246811, 0.914386998217905], [-79.28946937870495, 0.914066221144114], [-79.28869317944613, 0.913069259535606], [-79.28851243606113, 0.912926936476083], [-79.28799719311422, 0.912987002419776], [-79.2872004272193, 0.912092040304173], [-79.28663442366859, 0.911940685779593], [-79.28676156786638, 0.911225149383214], [-79.28671504610074, 0.910336663201036], [-79.28647441240211, 0.90985134316245], [-79.28602481762297, 0.909657215333126], [-79.28564473974215, 0.909959923416012], [-79.28545716917965, 0.90992373043705], [-79.28502978668396, 0.909479539417194], [-79.28409398878334, 0.909221249848881], [-79.28347121948283, 0.908569769543595], [-79.28283611125667, 0.908526996094678], [-79.28239392081068, 0.907539903620314], [-79.28214382608662, 0.907576097007975], [-79.28214876211507, 0.907883740873212], [-79.28174564892333, 0.907809709409108], [-79.28147663254485, 0.907444485160415], [-79.28155396456056, 0.907049648255841], [-79.28116853873588, 0.906840713576599], [-79.28090980642641, 0.906286297272491], [-79.28057045059128, 0.906138232785061], [-79.2805095723455, 0.905445623623099], [-79.28033022793674, 0.90532388173981], [-79.2799742663295, 0.905397518640159], [-79.27965455138563, 0.905894597447289], [-79.27935879870486, 0.905992013958803], [-79.2778718965061, 0.905375455891076], [-79.27680039747744, 0.90521887712837], [-79.27609193759181, 0.905830602502159], [-79.27589185239316, 0.906268603017502], [-79.27558208561142, 0.905995359012296], [-79.27509975323886, 0.906356600374982], [-79.27474356867677, 0.906158795733753], [-79.27427147792055, 0.906185976444908], [-79.27404878745531, 0.906825418233634], [-79.27379762257095, 0.906989424669554], [-79.27348409642234, 0.906947879947361], [-79.27305082838927, 0.906557847605558], [-79.27134282759957, 0.906214472605051], [-79.27120743096114, 0.90604370186648], [-79.27110489269556, 0.905007729398205], [-79.27060713173486, 0.904601014711265], [-79.27057582653553, 0.904131376548821], [-79.27027655515376, 0.903771965222914], [-79.2703663772387, 0.903304822325669], [-79.27017391500837, 0.902826180561435], [-79.2702596867479, 0.901823157147695], [-79.27061509015986, 0.901724744236859], [-79.27066798178198, 0.901429927745188], [-79.2704443632654, 0.900822324125349], [-79.2705489504691, 0.899765462942336], [-79.2701948024737, 0.898791505689172], [-79.27033169154328, 0.898609146345946], [-79.27076091670405, 0.898447186546798], [-79.27102611910377, 0.89811833046982], [-79.2710190965679, 0.897854442679649], [-79.27056708754705, 0.897585069993746], [-79.27019728015608, 0.8969628513814], [-79.26965816678239, 0.896751435651191], [-79.26932581649713, 0.896461565143554], [-79.26826062548659, 0.896441263587602], [-79.26798981316628, 0.896183622398854], [-79.26709437946427, 0.896093631040429], [-79.26646362925415, 0.895642676389603], [-79.26649414944144, 0.895306464821188], [-79.26330136122161, 0.894547930381114], [-79.26278960788581, 0.89426098382078], [-79.26267215827218, 0.893954656821144], [-79.26226781870977, 0.89367097370477], [-79.26229610359218, 0.893057748910129], [-79.26117211932187, 0.891913188394504], [-79.26091761631139, 0.891885124149311], [-79.26046794101923, 0.892068474195932], [-79.25974701059522, 0.892050836982433], [-79.25945898140469, 0.892210654026702], [-79.25880488344526, 0.8920458956657], [-79.25870084626588, 0.891847557413229], [-79.25880695520429, 0.891298196938925], [-79.25870575209092, 0.891085022177544], [-79.25832136628445, 0.890854839184925], [-79.25794874499515, 0.890975845493636], [-79.256558911169, 0.890003617050095], [-79.25626137328547, 0.890091195982555], [-79.25533842326914, 0.891000773438048], [-79.25503942950102, 0.890763129103347], [-79.25484248874409, 0.890208828910054], [-79.25467202289339, 0.890062961662146], [-79.25438356555432, 0.890164664515639], [-79.25413094214457, 0.890476349913515], [-79.25335880195964, 0.890772626630235], [-79.25288087870088, 0.890610286313413], [-79.25249964128899, 0.89007893050795], [-79.25192476226405, 0.890043305997615], [-79.25140825187596, 0.88972895899655], [-79.25117491523976, 0.889803117321262], [-79.25081907680652, 0.890226987819475], [-79.25026326949815, 0.890048657489407], [-79.25013790173621, 0.890217649215114], [-79.25007087128559, 0.89103872304792], [-79.24983424671457, 0.891533209261218], [-79.2483966060551, 0.892470736119503], [-79.24856675698582, 0.893037092773885], [-79.24935164901663, 0.893808479020293], [-79.25047736159219, 0.895708145050361], [-79.2506997505719, 0.895730265427312], [-79.25105294830692, 0.896102873189636], [-79.2510379824693, 0.896473984645044], [-79.25072752715792, 0.896888460028514], [-79.25127225971774, 0.898749563267108], [-79.25116322395374, 0.898956417516933], [-79.25074794043057, 0.899180615980311], [-79.25085390074932, 0.899712232007794], [-79.25132383290361, 0.899844290223458], [-79.25096764243645, 0.900202682460276], [-79.25101343967548, 0.900377007558387], [-79.25164205321725, 0.900438093102266], [-79.2518542683051, 0.900741711210236], [-79.25166141515828, 0.900976263591448], [-79.25128641821156, 0.901081826411847], [-79.25081958022818, 0.901707832812157], [-79.25078318632423, 0.902317866519093], [-79.25017556612632, 0.902346298455339], [-79.24988747031831, 0.902544573266635], [-79.24991141566544, 0.902804949495921], [-79.25007304887377, 0.902963569589082], [-79.25073529475944, 0.903300262955932], [-79.25046889990259, 0.904121046299682], [-79.24970749174896, 0.904362186666538], [-79.24916488027871, 0.904172211040048], [-79.24890122349416, 0.904248300463269], [-79.24853644358069, 0.903868467615616], [-79.24707930689054, 0.902914624340968], [-79.24603136300843, 0.901798839089417], [-79.24274907406603, 0.900566039426379], [-79.24218456876106, 0.899766001824154], [-79.24205648842684, 0.898773650575039], [-79.24169342555852, 0.898095701397832], [-79.2394242198141, 0.895932782591094], [-79.23885032107738, 0.895616001106487], [-79.23818102274298, 0.895475601362439], [-79.23673451622805, 0.895608827656836], [-79.23588804437301, 0.895883233613553], [-79.23440464070458, 0.896717089872401], [-79.23340225740918, 0.898028104093279], [-79.23278145334292, 0.898298909940017], [-79.23214417365647, 0.898272375005385], [-79.2309070742223, 0.897476263735222], [-79.23006713287347, 0.897250504335108], [-79.22945184793853, 0.897257258079369], [-79.22830473343473, 0.897835085351381], [-79.22731494792662, 0.897983177718368], [-79.22669028601538, 0.900481705899369], [-79.22611846920353, 0.901257489912502], [-79.22583888243756, 0.902040289429642], [-79.22497494457356, 0.903322603847249], [-79.22463475872259, 0.905684187966133], [-79.2241285378429, 0.905649966740904], [-79.22303521125545, 0.904260912341244], [-79.22241702606973, 0.903925449334641], [-79.22198893878664, 0.903925238331775], [-79.22105774587297, 0.904675935179725], [-79.22060858909838, 0.905887627675284], [-79.22000711627643, 0.906166499889508], [-79.21884869982792, 0.905838876831847], [-79.21789777103051, 0.905072331552091], [-79.2147114217138, 0.904017402988956], [-79.21219101339837, 0.902914924947417], [-79.21061822149954, 0.90175155344423], [-79.21007764097637, 0.901109876566617], [-79.21021497070765, 0.89969392463226], [-79.20974270937992, 0.899145423499372], [-79.2089990065455, 0.898702318594395], [-79.20881619377488, 0.89822106679514], [-79.20924523206907, 0.896258220565905], [-79.20967368740754, 0.895492359405609], [-79.20964436235494, 0.895034134868], [-79.20934115303181, 0.894630365637964], [-79.20870766933083, 0.894647092837511], [-79.2079696155521, 0.894413424728867], [-79.2075140512969, 0.893334028591288], [-79.20676009663703, 0.892548016867767], [-79.20601694379856, 0.892828250956436], [-79.2052327755216, 0.89265867435814], [-79.2046305922807, 0.892898284474176], [-79.20407842729112, 0.892807584734341], [-79.20377700599668, 0.892126060124524], [-79.20360372445903, 0.890406182987099], [-79.20379429060127, 0.889767886045857], [-79.20449218349519, 0.889193675215738], [-79.20609287693432, 0.88850780499673], [-79.20621641645486, 0.888284417047203], [-79.20785437244186, 0.8872163039203], [-79.20803562750336, 0.886077315528801], [-79.20925467851309, 0.884224181697396], [-79.2103710322238, 0.88407870245773], [-79.21075097531691, 0.883969712452144], [-79.21090793381401, 0.883790344005137], [-79.21097042785173, 0.883482236335815], [-79.2103519318814, 0.882482575663871], [-79.21058416736031, 0.881472095122308], [-79.21035592582844, 0.881012038136827], [-79.20988606070888, 0.880796806285145], [-79.20814474938852, 0.880680128574438], [-79.20787506251865, 0.880519327575341], [-79.20774708637693, 0.879877495377778], [-79.20815763243147, 0.87948704321738], [-79.20847536273754, 0.878759880982657], [-79.2091618109131, 0.878323352517702], [-79.20951118586079, 0.877920210064233], [-79.20947232564814, 0.877651890050035], [-79.2090779437491, 0.877300475823733], [-79.20885114095516, 0.87686495356856], [-79.20906471388024, 0.875981181622211], [-79.21012501480593, 0.874715267586961], [-79.2109929117683, 0.872981445538854], [-79.21094361774112, 0.872166841566618], [-79.21109628023844, 0.871449564789595], [-79.21173071659025, 0.87093915275905], [-79.21223635157392, 0.870749780846499], [-79.21234016425336, 0.870572703357873], [-79.21207222382843, 0.869257117765234], [-79.21163153109072, 0.868997468054616], [-79.21154998807378, 0.868753181590921], [-79.21184420371034, 0.868157939927668], [-79.21264894215477, 0.867375211051374], [-79.21290602425292, 0.866845602272535], [-79.21321628532176, 0.86670829811495], [-79.21346445001615, 0.865655554915856], [-79.21336084189558, 0.864951518565223], [-79.21404647237655, 0.864523121000787], [-79.21465932739281, 0.864697215217762], [-79.21506191114187, 0.864612402795794], [-79.21538053739357, 0.86425979097161], [-79.21561160170859, 0.863654931720603], [-79.21618693243889, 0.863388619494946], [-79.21626802551738, 0.863058773482749], [-79.21653766241825, 0.862767810392818], [-79.21724388210068, 0.862306052139665], [-79.21839388444327, 0.862132464285841], [-79.21858426134496, 0.861877195332026], [-79.21864785931825, 0.861494188212395], [-79.21852119813668, 0.861111090641986], [-79.217778358012, 0.860061768612536], [-79.21808378652518, 0.859494380379498], [-79.21786437611654, 0.858797432227676], [-79.21812345610401, 0.858408799960468], [-79.21894149473157, 0.857996013791374], [-79.21945025218717, 0.857349142474937], [-79.21965518935603, 0.857251477459865], [-79.2195161437171, 0.855893176337339], [-79.21920605147614, 0.855114982383143], [-79.21866496015147, 0.854416011436932], [-79.21808273008253, 0.852613045606599], [-79.21761103112979, 0.851956030813006], [-79.21678787248918, 0.851260767652966], [-79.21532790075744, 0.850830031868201], [-79.21339098046224, 0.851555794224693], [-79.21077425869095, 0.851344957951555], [-79.20734634946317, 0.849135417552182], [-79.20516791408673, 0.84678672274045], [-79.20495655265121, 0.845847128822356], [-79.20508385941531, 0.844825761934361], [-79.20470358194802, 0.844314871606844], [-79.20343555927795, 0.843548213133683], [-79.20261114581066, 0.84348399116897], [-79.20096287098157, 0.84401786127117], [-79.197895007681, 0.843792843689357], [-79.1971038569288, 0.843499016270162], [-79.19638228081773, 0.842855866120044], [-79.19579952260561, 0.842103821872736], [-79.19582593447596, 0.841819931557319], [-79.19626714948063, 0.840955321479856], [-79.19622426548804, 0.839682384254214], [-79.19545660854419, 0.839069437140581], [-79.19406620369406, 0.838810342388835], [-79.19375730077743, 0.838647599884662], [-79.19277547439543, 0.83729246131382], [-79.19245669175481, 0.836188353708364], [-79.19235021927189, 0.833334740904973], [-79.19290843601095, 0.831250502741511], [-79.19312307183938, 0.82800865092924], [-79.1930276856278, 0.827395716416116], [-79.19237328128592, 0.825952801492875], [-79.19253362172812, 0.825539758913731], [-79.19403541800772, 0.824754516915869], [-79.196230551877, 0.82409795058472], [-79.19661121161823, 0.823762970466944], [-79.19694445771549, 0.823092813950613], [-79.19761062779281, 0.822470688310741], [-79.19856269309051, 0.820699590480552], [-79.19965725660305, 0.81935946886601], [-79.2007041045917, 0.818354478208396], [-79.2023222692268, 0.816104882697746], [-79.20610824934673, 0.812074213461807], [-79.20681103779626, 0.811641510288044], [-79.20722726401448, 0.811601333368769], [-79.20820422325185, 0.811978553818493], [-79.20854371652294, 0.811947437860763], [-79.20887556311921, 0.811724951913617], [-79.20973728653742, 0.810766081290312], [-79.21122216167198, 0.809623013986602], [-79.2120289560716, 0.808553432525075], [-79.21289091155903, 0.807059587560675], [-79.21336759508988, 0.806561722587719], [-79.21430223052523, 0.806488346647128], [-79.21503516011887, 0.806710037278717], [-79.21644124520073, 0.806876423189722], [-79.21858785777873, 0.806116900654094], [-79.22067959987565, 0.806380474474478], [-79.2228788500782, 0.805994047740169], [-79.22434946954964, 0.804414089058815], [-79.22502741351431, 0.804055286861155], [-79.2262047489013, 0.803768522563721], [-79.2276677182522, 0.802907322842863], [-79.22823875006567, 0.802297102854233], [-79.22874509996659, 0.801310979676728], [-79.22958934014419, 0.798378207570618], [-79.22985777213759, 0.796925138857736], [-79.23112304133645, 0.794946914312714], [-79.23191995145716, 0.79410845545308], [-79.23268897954291, 0.79229189297488], [-79.23281776012466, 0.791111313111599], [-79.2334596243222, 0.790013963558191], [-79.2346326386222, 0.789617845163858], [-79.23558495367533, 0.791094050229615], [-79.23620337538034, 0.791351958570771], [-79.23659995433378, 0.791218563457034], [-79.23680384592949, 0.790550370461012], [-79.23723984102155, 0.790355051070802], [-79.23772936243442, 0.790393962421809], [-79.2382054332756, 0.790680004833524], [-79.23847269953852, 0.791353434107576], [-79.23892747651695, 0.791488292308565], [-79.2391950478491, 0.791434541180372], [-79.23978405433478, 0.790492149672952], [-79.2405895236031, 0.790190180313238], [-79.24186677661228, 0.790284980079033], [-79.24258583680275, 0.790063978595984], [-79.24276923377208, 0.7897320008154], [-79.24359899385297, 0.789036257612254], [-79.24641156320834, 0.789480809510028], [-79.2470924262938, 0.789264664368455], [-79.248102486525, 0.788701202318422], [-79.24894554324088, 0.788540015484271], [-79.24950094892152, 0.788179192534345], [-79.25000146045811, 0.787397166933327], [-79.25151615806712, 0.787067614986061], [-79.25192439168183, 0.78669411270242], [-79.2530279390471, 0.783556824490497], [-79.25245880261485, 0.782122796244874], [-79.25248609691417, 0.781105630482127], [-79.25224503974175, 0.779146920067646], [-79.25171346413498, 0.777858994485986], [-79.25176748093577, 0.777204343862974], [-79.2515099540916, 0.77607884879513], [-79.25147801927392, 0.775310541852178], [-79.25163411577617, 0.774758733321031], [-79.25205883690322, 0.77448297343551], [-79.25455825778107, 0.774148557765623], [-79.25528417740996, 0.773364331928728], [-79.25673041435807, 0.772347749776633], [-79.25875705356957, 0.771526183874142], [-79.25954215416307, 0.770595893980194], [-79.26031100060864, 0.769984818834542], [-79.26199331553397, 0.769990920212339], [-79.26402160262228, 0.769637026934974], [-79.26433166026914, 0.769261453954617], [-79.26457943663875, 0.767935970412261], [-79.26455285731397, 0.767205533094507], [-79.26482194136955, 0.766356185415506], [-79.2657580129112, 0.76423562738942], [-79.2692346128513, 0.760813256255175], [-79.2702697189877, 0.75865915756347], [-79.27112436854682, 0.758529648139942], [-79.2732004189281, 0.758641444138688], [-79.27354957195527, 0.758476766416834], [-79.2737743067779, 0.758168204388709], [-79.27360799437311, 0.757389012897625], [-79.27368879769467, 0.75693455661488], [-79.27430188392694, 0.7560366447736], [-79.27471630574806, 0.754619237587846], [-79.27477038597934, 0.753775207621441], [-79.27511486572274, 0.752530909554238], [-79.27529441014804, 0.752325064364549], [-79.27601791334112, 0.752336488021323], [-79.2776628471684, 0.751747387222031], [-79.27827570531232, 0.751422994609581], [-79.27893175619951, 0.750606254174719], [-79.28000692432418, 0.75009808350893], [-79.28019009211567, 0.749016036225428], [-79.2808194915009, 0.747620348525232], [-79.28096520134847, 0.746105436575064], [-79.28171826922944, 0.744585353123514], [-79.28222944663995, 0.743119278230337], [-79.28250367308951, 0.742838034212065], [-79.28328294412889, 0.743049352492958], [-79.28381511739181, 0.742887243126086], [-79.28494419761695, 0.741946236526583], [-79.28556792253862, 0.74131884862857], [-79.28723276680506, 0.738726948727072], [-79.2872902067609, 0.73816666238144], [-79.28647261135913, 0.736850028500502], [-79.28647290896673, 0.73607089944042], [-79.28685822494111, 0.735418542447325], [-79.2884728815419, 0.734686552725829], [-79.28903227712976, 0.733604642674096], [-79.28926899272378, 0.733020385830089], [-79.28889376924182, 0.73005008196461], [-79.29056085857165, 0.727988995815149], [-79.29072201927586, 0.72731493296159], [-79.29136707540879, 0.726576687146653], [-79.2914969102155, 0.725792634247615], [-79.29193612525158, 0.72474542071688], [-79.30215409159534, 0.738105946703144], [-79.31428604394988, 0.750789381146803], [-79.329269529015, 0.753987501673963], [-79.33927016317972, 0.777632670100815], [-79.33741932534976, 0.777918542922184], [-79.33674290396002, 0.778491487063885], [-79.33592363340411, 0.780318275439154], [-79.33549643580497, 0.780640537000799], [-79.33385939943001, 0.780460756161183], [-79.33243570422934, 0.780782619306404], [-79.33165259922129, 0.781140563168572], [-79.32997946925359, 0.782250489581501], [-79.32884011915392, 0.783503930782155], [-79.32855516427608, 0.784112851968709], [-79.32773635640051, 0.784757383620108], [-79.32442588145264, 0.786475676476607], [-79.32268175707098, 0.787119831248562], [-79.32097339632664, 0.787334091373808], [-79.3185533268086, 0.787368935636944], [-79.31670256983008, 0.78769061228597], [-79.31542114947574, 0.788227471906589], [-79.31472101119441, 0.78878247963915], [-79.31481479813753, 0.791553014076439], [-79.31462419811895, 0.793511390023593], [-79.31429182150373, 0.794036692547294], [-79.31372233956084, 0.794179760587421], [-79.3131055221362, 0.794036205340243], [-79.31206138502084, 0.794513447553942], [-79.30973452712085, 0.798715989908809], [-79.30925936344735, 0.800292105607647], [-79.30868962694103, 0.801056140784032], [-79.30783527569187, 0.80158122276622], [-79.30679129501895, 0.80167632283826], [-79.30593706194604, 0.80191480198608], [-79.30527255824927, 0.802344426982046], [-79.30503508241007, 0.802869764267692], [-79.30579344718365, 0.804971826894515], [-79.30584026737783, 0.806500388424619], [-79.30493808755874, 0.8079330179091], [-79.30398855392883, 0.809126792162686], [-79.30308676842402, 0.809604080649657], [-79.30185286069445, 0.809985695880012], [-79.30080858102083, 0.810797291253422], [-79.29972966125938, 0.812491892605779], [-79.29937344285122, 0.813279893796515], [-79.29930201023036, 0.81388888983689], [-79.29990547149373, 0.817579131062123], [-79.29983403840774, 0.81818812801305], [-79.29954899484463, 0.81897615767603], [-79.29919290838171, 0.819441731973846], [-79.29880123296816, 0.819907290840277], [-79.29773323276703, 0.820694985226833], [-79.29705663426913, 0.821661971054721], [-79.29655756869776, 0.823596308840539], [-79.29652100484905, 0.825889095147901], [-79.27316260616011, 0.809427170580997], [-79.25235526483534, 0.813152980218925], [-79.24181679344383, 0.815291565921527], [-79.23163633849676, 0.820541036169958], [-79.24496419793174, 0.828504806706967], [-79.25264460382184, 0.82953009054288], [-79.27593018530305, 0.849435354161733], [-79.30452440688696, 0.862944617956736], [-79.30345604896355, 0.862888237201775], [-79.30253096527751, 0.863263104111831], [-79.30195524776805, 0.863075397698379], [-79.3017843595981, 0.862802758699509], [-79.3009934834267, 0.862762921088848], [-79.29991317748627, 0.863118931499026], [-79.29927411288085, 0.863939359695536], [-79.29921669383509, 0.864928817204456], [-79.29937130034585, 0.865658629248645], [-79.29927713392046, 0.866009809732072], [-79.2989752608418, 0.866277775885933], [-79.29877607706518, 0.86693373603483], [-79.29884113513089, 0.867389989009462], [-79.29838807680285, 0.86798264497722], [-79.29796075711705, 0.86829749288876], [-79.29762366347789, 0.868314876791512], [-79.29743897544776, 0.868454216819537], [-79.29716491172103, 0.869082280721087], [-79.29619745786978, 0.870099349253781], [-79.29634963648343, 0.87042033329603], [-79.2962473594, 0.870873288484625], [-79.29641563803773, 0.871209653479312], [-79.29611061966305, 0.871783575796285], [-79.29661459234339, 0.872016471518133], [-79.29753727215812, 0.871758622191544], [-79.29769116760231, 0.872045582898064], [-79.29765927943498, 0.872809425744528], [-79.29682594249458, 0.873307762358199], [-79.29669812607763, 0.873966972893479], [-79.29639963962987, 0.874449352849113], [-79.29634735586714, 0.875024707805374], [-79.29661909854065, 0.875193834473791], [-79.29771750955473, 0.87537682350909], [-79.29797954817828, 0.875545950334342], [-79.29804887034214, 0.875803798589097], [-79.29744022089497, 0.87625295468383], [-79.29730850878916, 0.876574572666144], [-79.29872302878191, 0.877689143959082], [-79.2986325632225, 0.878701129534644], [-79.29966269262691, 0.879829563281436], [-79.3003919219274, 0.879960350847035], [-79.3006241923061, 0.880363281614602], [-79.30146507069392, 0.880227425650512], [-79.30154753197851, 0.880910894921176], [-79.30198741421334, 0.881425172783372], [-79.30214546910078, 0.88189789497105], [-79.30254129918325, 0.88222782971314], [-79.30291009340979, 0.882331800785192], [-79.30291841217046, 0.882597966978281], [-79.30317351775439, 0.883080392297566], [-79.30308478578262, 0.883318832370711], [-79.30267717089438, 0.883499048794005], [-79.30270767274864, 0.884114556907544], [-79.30256486918238, 0.884383495808467], [-79.30257182164121, 0.884719839125942], [-79.30294475488111, 0.884918599917193], [-79.30322481681443, 0.884619163255237], [-79.30347714938131, 0.884566484620723], [-79.30368507898243, 0.885089954211142], [-79.3041260057197, 0.885362209669842], [-79.30412600581457, 0.885650555431361], [-79.30367710345358, 0.885802562760688], [-79.30361471116085, 0.885963297689514], [-79.30407262745217, 0.886925932440459], [-79.30383505321505, 0.888277839125055], [-79.30432677519244, 0.888485927598305], [-79.30454401936517, 0.889224382280236], [-79.30495238433984, 0.88933107774743], [-79.30602404931935, 0.890610660196156], [-79.30601412241192, 0.890887404494948], [-79.30559702388179, 0.890796421085326], [-79.3054514624021, 0.89090520892784], [-79.30522344194172, 0.891415990629911], [-79.30515183360377, 0.892100665256258], [-79.305266357119, 0.892454409431979], [-79.30611763435454, 0.89307823398587], [-79.30599424277264, 0.894099296070995], [-79.30628678092258, 0.894445101789845], [-79.30644136905153, 0.895274095613835], [-79.30629163314373, 0.89627498610788], [-79.30708052072994, 0.896410841217135], [-79.30789297757423, 0.896835041786279], [-79.30828133990559, 0.897638511102792], [-79.30843230462715, 0.897722257481582], [-79.30888151247609, 0.897641853561793], [-79.30958634022892, 0.898504192727267], [-79.31002459583492, 0.898418638042867], [-79.31025062739857, 0.898526297457326], [-79.31038649940393, 0.898822960352151], [-79.31033717486721, 0.899061688602031], [-79.30957371447747, 0.899519239979202], [-79.30976467848714, 0.900894053592836], [-79.31002463695494, 0.901210123671193], [-79.31066333285918, 0.901096366528831], [-79.31080343532595, 0.901556394950099], [-79.31104421706632, 0.901762934217406], [-79.31216537195331, 0.902372324241174], [-79.31239303162346, 0.903315872758095], [-79.312363916569, 0.903557084873558], [-79.31196115454277, 0.9040700056657], [-79.3119985880376, 0.904215563996246], [-79.31209563912748, 0.90430428571652], [-79.31255575160884, 0.904251382302325], [-79.31296579481676, 0.904830780532401], [-79.31329664732702, 0.904836613734956], [-79.31347133984048, 0.905124958531357], [-79.31364880448967, 0.905967812031041], [-79.31417946672127, 0.906355967942018], [-79.31421482116035, 0.906965927771877], [-79.31442001503146, 0.907108713610718], [-79.3148782347744, 0.906970086760625], [-79.31517175739359, 0.906673464829849], [-79.31534062649281, 0.906688195990721], [-79.31552769449058, 0.907303029321401], [-79.31590697696589, 0.907764420189299], [-79.31562791988098, 0.908323262865331], [-79.31610246559526, 0.908867891234492], [-79.31592222831547, 0.909281000395566], [-79.31609692033824, 0.91027356942919], [-79.31595712460965, 0.910909892092854], [-79.3162716120957, 0.911878870590604], [-79.31619119832989, 0.912089583699679], [-79.31562341304593, 0.912539679006573], [-79.31559496581237, 0.912841681161172], [-79.31520181674088, 0.913406274057609], [-79.31571842099324, 0.913686565314232], [-79.31575446788901, 0.913911140654302], [-79.31500900388733, 0.914635245411112], [-79.31447616526687, 0.914643090924227], [-79.31456212514006, 0.915125512103393], [-79.31430378297237, 0.915562024561748], [-79.31460390719346, 0.916369103120137], [-79.31532467003922, 0.916850029178274], [-79.3153135790171, 0.917077377496696], [-79.31503698247535, 0.91742394419783], [-79.31513999458247, 0.918418088308676], [-79.31543871421813, 0.919450816725376], [-79.31581061907245, 0.919696035814897], [-79.31581006502104, 0.920218441381687], [-79.31571772719116, 0.920860499358497], [-79.3153537493157, 0.921301295579679], [-79.31459817307638, 0.921209838521235], [-79.31441342495775, 0.921438289585197], [-79.31454058621459, 0.921932959091292], [-79.31446417480967, 0.922671551948681], [-79.31466403553402, 0.923649902844693], [-79.31381336774521, 0.923833683375613], [-79.31363537320662, 0.923738645896563]]]}, "properties": {"NUM_MUESTRA": 28, "PROVINCIA": "ESMERALDAS", "CANTON": "RIOVERDE", "PARROQUIA": "MONTALVO", "CIRCUNSCRIPCION": "CIRCUNSCRIPCIÓN RURAL", "TIPOLOGIA": "H", "ETIQUETA": "28 | H", "COD_SECTOR": "080754999014", "POB_T": 488, "V_PRES": 140, "AREA_KM2": 149.2717, "DENS_VIV": 0.94, "DENS_POB": 3.27}}, {"type": "Feature", "geometry": {"type": "Polygon", "coordinates": [[[-79.3744966822941, 1.067237341673039], [-79.37515365311465, 1.067187741396988], [-79.37516817866309, 1.067937140756593], [-79.37583474924007, 1.067856421113517], [-79.37582512865667, 1.068824254835005], [-79.37516564089437, 1.068834051509355], [-79.375052479517, 1.069646324620103], [-79.37443371037303, 1.06990522825267], [-79.3744966822941, 1.067237341673039]]]}, "properties": {"NUM_MUESTRA": 29, "PROVINCIA": "ESMERALDAS", "CANTON": "RIOVERDE", "PARROQUIA": "ROCAFUERTE", "CIRCUNSCRIPCION": "CIRCUNSCRIPCIÓN RURAL", "TIPOLOGIA": "F", "ETIQUETA": "29 | F", "COD_SECTOR": "080755001003", "POB_T": 151, "V_PRES": 51, "AREA_KM2": 0.0287, "DENS_VIV": 1777.0, "DENS_POB": 5261.32}}, {"type": "Feature", "geometry": {"type": "Polygon", "coordinates": [[[-79.34805170371162, 0.919108264634817], [-79.34705119795372, 0.919256990143425], [-79.34705877710064, 0.918662688170534], [-79.34670917975649, 0.918239718167639], [-79.34574970422996, 0.918256240510159], [-79.34541529917664, 0.918400319395065], [-79.34507411273188, 0.918015534271338], [-79.34283509227733, 0.917570473348827], [-79.34309668237944, 0.916918710252335], [-79.34304765394629, 0.916614663564381], [-79.34257568757754, 0.916528185144405], [-79.34192973317515, 0.915994781002842], [-79.3418794876507, 0.915283482579161], [-79.3408708009688, 0.91540038093591], [-79.34067419504348, 0.915263124279602], [-79.34068414382456, 0.915011425543591], [-79.3410369664491, 0.914527980063505], [-79.34091914539778, 0.914134814454711], [-79.34072949025028, 0.914154523297938], [-79.34059169657327, 0.914428787510435], [-79.34037390351907, 0.914541811835556], [-79.34018152572753, 0.914374862099115], [-79.34011300964636, 0.913681938482978], [-79.33951592535105, 0.913797614233632], [-79.33920620697607, 0.913719697177335], [-79.33912664955244, 0.913067683220889], [-79.33899268011679, 0.91289090616628], [-79.3386136671835, 0.912835593691641], [-79.33805491504349, 0.913041036315852], [-79.33750466458118, 0.912591408919355], [-79.33739652017115, 0.911799749436259], [-79.33713047079208, 0.911234972170651], [-79.3371881445213, 0.910865535763819], [-79.33747536491252, 0.910364216634355], [-79.33697344123226, 0.909781923247475], [-79.33672304015118, 0.908849702641151], [-79.33638153015946, 0.909137870388098], [-79.33612960026475, 0.909004036121978], [-79.33628645282718, 0.908385852299832], [-79.33578937826304, 0.908319589294317], [-79.33560989747016, 0.90803695071491], [-79.33523701731067, 0.908079633850254], [-79.33495880659555, 0.907613875841304], [-79.33442346987673, 0.907790056234015], [-79.33418118739114, 0.90756981379465], [-79.33387423521313, 0.907592741270516], [-79.33352305051159, 0.90738917331425], [-79.33318458208637, 0.907609079363964], [-79.33280429478079, 0.907446430310917], [-79.33260709945458, 0.907042635288689], [-79.33236198507792, 0.907260890695503], [-79.33160589652769, 0.907226224457629], [-79.33094471865077, 0.906676997619222], [-79.33065633626727, 0.906077800911132], [-79.33022469047944, 0.906268604111707], [-79.32950464060401, 0.905484604879978], [-79.32868013318111, 0.905110310393494], [-79.32862638183737, 0.904338897278855], [-79.32814359738772, 0.904004851117524], [-79.32745982741679, 0.903998683004712], [-79.32744067334244, 0.903431578908272], [-79.32711700403009, 0.903254650100163], [-79.32703032472384, 0.902845705786919], [-79.32643683392438, 0.902874528865483], [-79.3258072377115, 0.901989453801534], [-79.32507305405204, 0.90130988820564], [-79.32491564231525, 0.900913990183403], [-79.32426613277997, 0.900720801958219], [-79.32377389789748, 0.899912103527361], [-79.32331386699546, 0.89963676350149], [-79.32302554695421, 0.899166497602561], [-79.32242788398449, 0.898650260510856], [-79.32203269692728, 0.898450027177401], [-79.32189850306077, 0.898131838667156], [-79.32140351544182, 0.897727998136251], [-79.32125214936296, 0.897441938389231], [-79.32056072251535, 0.897171618746357], [-79.32051789707472, 0.897011649586602], [-79.32074713537357, 0.896581874735862], [-79.32015876492964, 0.896263539214537], [-79.31964469932238, 0.895773327129865], [-79.3192667758599, 0.895665312200027], [-79.3186999220936, 0.895109347870363], [-79.31844767164087, 0.894079883279913], [-79.31859023409764, 0.893606131499304], [-79.31847690651576, 0.892856509496409], [-79.31799673570956, 0.891240613599058], [-79.31810000395302, 0.890262488620051], [-79.31799760604054, 0.889620045862592], [-79.3180937091397, 0.888555669078902], [-79.31896921362936, 0.886673575358563], [-79.31892408043662, 0.886191030149717], [-79.31874907047575, 0.886016722366472], [-79.31877091317722, 0.885081543580227], [-79.31788831065084, 0.883930558258973], [-79.31733018927363, 0.882735296981456], [-79.31610855103568, 0.881785765228302], [-79.31467729026068, 0.881117315696209], [-79.31380449946916, 0.880870887407469], [-79.31324601592533, 0.880484014464167], [-79.31153528722167, 0.880131763608939], [-79.31112060798253, 0.880245194164245], [-79.31020855757072, 0.879955422271537], [-79.30909173573168, 0.878865352707897], [-79.30870837155133, 0.87728355896763], [-79.30794050505924, 0.87665056119636], [-79.30706819058526, 0.8753497232442], [-79.30664935817158, 0.874998061634668], [-79.30657979380216, 0.874400529964837], [-79.30692925152502, 0.873732894780365], [-79.30720992963856, 0.870710373965977], [-79.30633753392493, 0.869585273180401], [-79.30553473746703, 0.86898741070547], [-79.30515100768741, 0.868214002727546], [-79.30487229221754, 0.866843142831241], [-79.30532683768473, 0.865402318675246], [-79.30609517198667, 0.864980899390696], [-79.30665385522087, 0.864910856715028], [-79.30742226842493, 0.864313701470979], [-79.27593018530305, 0.849435354161733], [-79.25264460382184, 0.82953009054288], [-79.24496419793174, 0.828504806706967], [-79.23163633849676, 0.820541036169958], [-79.24181679344383, 0.815291565921527], [-79.25235526483534, 0.813152980218925], [-79.27316260616011, 0.809427170580997], [-79.29652100484905, 0.825889095147901], [-79.29698330966463, 0.826713270653968], [-79.29758804717295, 0.827358383357805], [-79.2986554583609, 0.827967870451369], [-79.29936708539509, 0.828326428474007], [-79.30157348406858, 0.828613982177446], [-79.3041005217347, 0.828113519535942], [-79.30502577939583, 0.828257219198961], [-79.30609348407451, 0.828186028608003], [-79.30609324058855, 0.828759231861701], [-79.30570127184227, 0.829905469545712], [-79.30602096380056, 0.831338615737213], [-79.30641213979058, 0.832055289441239], [-79.30708816510807, 0.832449658737273], [-79.30826247148528, 0.832772593283958], [-79.31007709579283, 0.833776485368341], [-79.31110912496527, 0.83392023200125], [-79.31217688041446, 0.833741567060394], [-79.31268758596192, 0.833836994906244], [-79.31278163827574, 0.834350858587343], [-79.31331526548009, 0.834852643985912], [-79.31327929340208, 0.835748261891438], [-79.31481551278914, 0.835877134377514], [-79.3201005656184, 0.83582567568479], [-79.32100783498953, 0.8364440560048], [-79.32175492837322, 0.83711610620741], [-79.32218174018574, 0.837734280167074], [-79.32255442324339, 0.840098924446886], [-79.32331868378935, 0.842244308470872], [-79.32324718130177, 0.842996613866568], [-79.32271273980022, 0.844393577329093], [-79.32274800662415, 0.845145927910296], [-79.32353040843974, 0.846471812941507], [-79.32474011842126, 0.84726050165018], [-79.32541598397232, 0.848048958463611], [-79.3257377491055, 0.848115904963467], [-79.32662612549915, 0.84783453163481], [-79.32751589969612, 0.847763267736741], [-79.32822764754418, 0.84787105370479], [-79.32872582718238, 0.848050398720535], [-79.33011345884334, 0.848910817300101], [-79.33149725188896, 0.850141967777038], [-79.33299557279797, 0.850452574228896], [-79.33402740026196, 0.851097886427552], [-79.33562870012838, 0.85167179449607], [-79.33691169928717, 0.852808884217415], [-79.33790193116126, 0.852959938248993], [-79.33899316664012, 0.85368835570549], [-79.34049146183578, 0.855475370977108], [-79.34042486932752, 0.855914011993914], [-79.3400015515524, 0.856710444438408], [-79.33885471997313, 0.858344380728924], [-79.33777628043605, 0.859580037200067], [-79.33759873091597, 0.859978267793125], [-79.33875509200676, 0.862438355232441], [-79.34032656337133, 0.864307698454421], [-79.34166208551055, 0.866146966340965], [-79.34310859357448, 0.868943527373286], [-79.34324325329895, 0.869787383054954], [-79.34351596238774, 0.870199547506702], [-79.34492210096666, 0.871273487030257], [-79.34538440756604, 0.872136981857262], [-79.34806280915107, 0.875360808079369], [-79.34873158554315, 0.876408216693211], [-79.35026734422485, 0.877721084590697], [-79.35096518645226, 0.878846125516917], [-79.35161583225775, 0.881423925060828], [-79.35212763610325, 0.882127110981724], [-79.35282584739228, 0.882408605458902], [-79.35482770449306, 0.882503224574311], [-79.35575886097531, 0.882409911813795], [-79.35598529877238, 0.882556584917884], [-79.35612193799018, 0.883570087110858], [-79.35640098413045, 0.883892082989142], [-79.35640973747871, 0.884526913108917], [-79.35715745511655, 0.88577517673792], [-79.35715400964447, 0.886105702477861], [-79.35679025996797, 0.88664927434252], [-79.35676207924432, 0.887045090612285], [-79.3570940964581, 0.888211438200774], [-79.35758699310045, 0.889309517910958], [-79.35844091147483, 0.889589263919938], [-79.35870183094595, 0.890208656407309], [-79.35897066742692, 0.890421265212098], [-79.35991041950868, 0.890679763290769], [-79.36075488458026, 0.89060313105625], [-79.3610499213552, 0.891266033646606], [-79.36193304647921, 0.891574000152914], [-79.36232689398055, 0.892386385275681], [-79.36278396611479, 0.892779157249021], [-79.36258499899212, 0.893539986242855], [-79.36292343322604, 0.893919690639381], [-79.36293860735081, 0.894447085329039], [-79.36310343793362, 0.894825463008456], [-79.36271071583508, 0.895248717580539], [-79.36289580347876, 0.895508185000626], [-79.36284819090338, 0.895939741997091], [-79.36311850835654, 0.896591834017645], [-79.36306018868295, 0.896951655281533], [-79.36318044771485, 0.897150022412062], [-79.36293515609357, 0.897604701589298], [-79.36320379724813, 0.897914358060129], [-79.36294768047398, 0.898257855972761], [-79.36325044053312, 0.898690998070294], [-79.36278901866703, 0.898979806249678], [-79.36215180744126, 0.899816653970957], [-79.36193640870569, 0.89981278633742], [-79.36133353300723, 0.899258193656405], [-79.36109396203632, 0.898854602101028], [-79.3607531626331, 0.898639507871764], [-79.35999447424855, 0.898871073601005], [-79.35954294348741, 0.899151799478803], [-79.35943045986896, 0.899378001268818], [-79.35970139958953, 0.900838395773722], [-79.35865221017119, 0.901465770811911], [-79.35833969233687, 0.90083777839115], [-79.35835690358952, 0.900045902706177], [-79.35811345555578, 0.899938322400361], [-79.35770134855316, 0.900019210152414], [-79.35727072909884, 0.899611760350313], [-79.35638110107055, 0.899456751268472], [-79.35624464648974, 0.898836380878087], [-79.35593198802837, 0.898521371931507], [-79.35575992855941, 0.897938694465082], [-79.35506678722442, 0.898194800147972], [-79.35485861717274, 0.898781075302406], [-79.35440166523013, 0.898622491299425], [-79.35331013466501, 0.897605748181969], [-79.35244646074723, 0.898055974737961], [-79.35208332366636, 0.897535430961374], [-79.3521641528971, 0.896890650616826], [-79.35111323555482, 0.896159098504637], [-79.35082077908879, 0.895729108428081], [-79.35056468124783, 0.895733165972469], [-79.35044943354472, 0.896104234436705], [-79.35101938594802, 0.897399418335116], [-79.35105150598945, 0.898467652764398], [-79.35039541332864, 0.89952466487601], [-79.35003420648921, 0.900418689942044], [-79.34936470787359, 0.900815984701335], [-79.34879161338854, 0.900855553633572], [-79.3482317194578, 0.901176153692233], [-79.3474685345274, 0.901097936086376], [-79.3472267118285, 0.90134248949095], [-79.3460907965616, 0.901387476288319], [-79.34584698262334, 0.901565225071698], [-79.34548302692643, 0.902165298004314], [-79.34478974034157, 0.90362554981355], [-79.34397261758035, 0.904142660485832], [-79.34317946542107, 0.904461271638094], [-79.34269781112307, 0.904314553950044], [-79.34253181269165, 0.904375188346297], [-79.34243250986471, 0.90482660143421], [-79.34212264673782, 0.905128530113765], [-79.34214945446838, 0.905420899179114], [-79.3423657190407, 0.905535879888655], [-79.34284143810953, 0.905412337893048], [-79.3430497496421, 0.905581672612553], [-79.34316590335604, 0.906314574817771], [-79.34409466220156, 0.906913061946858], [-79.34449618158162, 0.90804372122142], [-79.34438296725006, 0.90896410372049], [-79.34516809777915, 0.912166081726811], [-79.3451324589113, 0.91255687528529], [-79.34475763209807, 0.913340531850495], [-79.3448429766605, 0.913731104689355], [-79.34547564417164, 0.914507946750047], [-79.34594002189033, 0.914671712966655], [-79.34618730924117, 0.914941530149062], [-79.34703418267341, 0.915293443101522], [-79.34738514890492, 0.915574812791285], [-79.34789413545911, 0.915681124767462], [-79.34881025678673, 0.916788328878944], [-79.34909723723202, 0.916864378771355], [-79.34879233381757, 0.917177592125937], [-79.34854283915344, 0.918056644582674], [-79.3480762563231, 0.918320408460675], [-79.34843609601475, 0.918721782982282], [-79.34885680006431, 0.918891626857731], [-79.34846766599078, 0.919266060443352], [-79.34805170371162, 0.919108264634817]]]}, "properties": {"NUM_MUESTRA": 30, "PROVINCIA": "ESMERALDAS", "CANTON": "RIOVERDE", "PARROQUIA": "ROCAFUERTE", "CIRCUNSCRIPCION": "CIRCUNSCRIPCIÓN RURAL", "TIPOLOGIA": "C", "ETIQUETA": "30 | C", "COD_SECTOR": "080755999008", "POB_T": 222, "V_PRES": 60, "AREA_KM2": 52.4318, "DENS_VIV": 1.14, "DENS_POB": 4.23}}, {"type": "Feature", "geometry": {"type": "Polygon", "coordinates": [[[-78.84087575117715, 1.291940602132813], [-78.84073686275006, 1.292263583557839], [-78.84062710266537, 1.292228060730592], [-78.84058083560184, 1.291939412641495], [-78.8410542412096, 1.290974093858887], [-78.840546686815, 1.29075596093611], [-78.84141562948149, 1.288976988363531], [-78.84265429003936, 1.289527607228812], [-78.84263835467485, 1.289774852725179], [-78.84288812209121, 1.289638520934848], [-78.84839770576583, 1.291697415216424], [-78.84734742579579, 1.292936731259815], [-78.84714128180168, 1.292899997714419], [-78.84706946209405, 1.293125150542543], [-78.84627589140817, 1.292593639507085], [-78.84570392709273, 1.292546440682236], [-78.84483807228604, 1.29291121191478], [-78.84426748186566, 1.292611775668332], [-78.84384516262614, 1.29259740141283], [-78.84289679933924, 1.29172309466148], [-78.84191496038137, 1.291760528668352], [-78.84167877172733, 1.292069041485067], [-78.84087575117715, 1.291940602132813]]]}, "properties": {"NUM_MUESTRA": 31, "PROVINCIA": "ESMERALDAS", "CANTON": "SAN LORENZO", "PARROQUIA": "SAN LORENZO", "CIRCUNSCRIPCION": "CIRCUNSCRIPCIÓN URBANA", "TIPOLOGIA": "D", "ETIQUETA": "31 | D", "COD_SECTOR": "080550003001", "POB_T": 704, "V_PRES": 149, "AREA_KM2": 0.1925, "DENS_VIV": 774.03, "DENS_POB": 3657.14}}, {"type": "Feature", "geometry": {"type": "Polygon", "coordinates": [[[-78.83844626585876, 1.291028439452032], [-78.83807096299878, 1.291282305454428], [-78.83797303583427, 1.290714692317946], [-78.83813539881923, 1.290574112266799], [-78.83783871446086, 1.29014205488311], [-78.83833593109445, 1.289778659762674], [-78.83936561352994, 1.290226332733622], [-78.83901541560715, 1.291022286072086], [-78.83863041318216, 1.291289012620148], [-78.83844626585876, 1.291028439452032]]]}, "properties": {"NUM_MUESTRA": 32, "PROVINCIA": "ESMERALDAS", "CANTON": "SAN LORENZO", "PARROQUIA": "SAN LORENZO", "CIRCUNSCRIPCION": "CIRCUNSCRIPCIÓN URBANA", "TIPOLOGIA": "E", "ETIQUETA": "32 | E", "COD_SECTOR": "080550003004", "POB_T": 293, "V_PRES": 96, "AREA_KM2": 0.018, "DENS_VIV": 5333.33, "DENS_POB": 16277.78}}, {"type": "Feature", "geometry": {"type": "Polygon", "coordinates": [[[-78.83270924560966, 1.290257534248576], [-78.8327471762177, 1.289956173188208], [-78.83291739809893, 1.289787451305524], [-78.83318684812075, 1.290009620331218], [-78.83303183158965, 1.289658575720624], [-78.8332151760812, 1.289399538746467], [-78.83333874982712, 1.28949911990215], [-78.833418298679, 1.289410860058274], [-78.83355794603803, 1.289483896183881], [-78.83354443110177, 1.290230000763114], [-78.8330515202898, 1.290356008644608], [-78.83335554882095, 1.290623594773781], [-78.83376637118745, 1.290297770750461], [-78.83402883707852, 1.290491756555827], [-78.83356784121362, 1.290861603178639], [-78.83319033150163, 1.290843638104232], [-78.83270924560966, 1.290257534248576]]]}, "properties": {"NUM_MUESTRA": 33, "PROVINCIA": "ESMERALDAS", "CANTON": "SAN LORENZO", "PARROQUIA": "SAN LORENZO", "CIRCUNSCRIPCION": "CIRCUNSCRIPCIÓN URBANA", "TIPOLOGIA": "H", "ETIQUETA": "33 | H", "COD_SECTOR": "080550005003", "POB_T": 195, "V_PRES": 51, "AREA_KM2": 0.0113, "DENS_VIV": 4513.27, "DENS_POB": 17256.64}}, {"type": "Feature", "geometry": {"type": "Polygon", "coordinates": [[[-78.84416573186091, 1.288711794899729], [-78.84378940572637, 1.288698804381603], [-78.84375849387914, 1.287802739145697], [-78.84349499897091, 1.287849970903802], [-78.84337735566231, 1.285543853295768], [-78.84293596394087, 1.285584289089527], [-78.8428859599669, 1.28450832115938], [-78.84490519171123, 1.284301345974665], [-78.8449921790456, 1.285402969340481], [-78.84718346354416, 1.285649573972024], [-78.84416573186091, 1.288711794899729]]]}, "properties": {"NUM_MUESTRA": 34, "PROVINCIA": "ESMERALDAS", "CANTON": "SAN LORENZO", "PARROQUIA": "SAN LORENZO", "CIRCUNSCRIPCION": "CIRCUNSCRIPCIÓN URBANA", "TIPOLOGIA": "D", "ETIQUETA": "34 | D", "COD_SECTOR": "080550002001", "POB_T": 391, "V_PRES": 90, "AREA_KM2": 0.117, "DENS_VIV": 769.23, "DENS_POB": 3341.88}}, {"type": "Feature", "geometry": {"type": "Polygon", "coordinates": [[[-78.83502435577216, 1.284817483454598], [-78.83659597909227, 1.286403965892947], [-78.83570442418922, 1.287045088126965], [-78.83444089813942, 1.285195481941955], [-78.83502435577216, 1.284817483454598]]]}, "properties": {"NUM_MUESTRA": 35, "PROVINCIA": "ESMERALDAS", "CANTON": "SAN LORENZO", "PARROQUIA": "SAN LORENZO", "CIRCUNSCRIPCION": "CIRCUNSCRIPCIÓN URBANA", "TIPOLOGIA": "G", "ETIQUETA": "35 | G", "COD_SECTOR": "080550004006", "POB_T": 278, "V_PRES": 76, "AREA_KM2": 0.0244, "DENS_VIV": 3114.75, "DENS_POB": 11393.44}}, {"type": "Feature", "geometry": {"type": "Polygon", "coordinates": [[[-78.82190869071026, 1.285299313061282], [-78.82231251224148, 1.285018872011267], [-78.82286756005973, 1.283388321100394], [-78.82516623358873, 1.284117645288681], [-78.82485285085275, 1.285153140454121], [-78.82627294615511, 1.285043126944582], [-78.82652373877136, 1.28574003700947], [-78.82599501407175, 1.285809095143971], [-78.82613660737695, 1.286096064105526], [-78.82608273117867, 1.286596945170291], [-78.82646817478052, 1.286605046302484], [-78.82650147993623, 1.286966918905745], [-78.82589991147464, 1.287267011112165], [-78.82511262582138, 1.286646917046841], [-78.82490038136463, 1.286712456487902], [-78.82452860317217, 1.28645293076744], [-78.82431528808779, 1.286029331691285], [-78.82388379740414, 1.286185480382821], [-78.82374404518242, 1.286124181954893], [-78.8237141111305, 1.285884463381192], [-78.82392489045267, 1.28581326972373], [-78.82362545185049, 1.285602024665687], [-78.82330814225048, 1.285476039560672], [-78.82290401932818, 1.28574925343746], [-78.82273796853592, 1.285638989727995], [-78.8223914132395, 1.285738616279364], [-78.82190869071026, 1.285299313061282]]]}, "properties": {"NUM_MUESTRA": 36, "PROVINCIA": "ESMERALDAS", "CANTON": "SAN LORENZO", "PARROQUIA": "SAN LORENZO", "CIRCUNSCRIPCION": "CIRCUNSCRIPCIÓN URBANA", "TIPOLOGIA": "B", "ETIQUETA": "36 | B", "COD_SECTOR": "080550007001", "POB_T": 455, "V_PRES": 106, "AREA_KM2": 0.1022, "DENS_VIV": 1037.18, "DENS_POB": 4452.05}}, {"type": "Feature", "geometry": {"type": "Polygon", "coordinates": [[[-78.83796527156674, 1.283732003985924], [-78.83765013334603, 1.283231439233383], [-78.84062555025912, 1.282719319152903], [-78.84089915374412, 1.283724894892701], [-78.83969951484251, 1.283951711098601], [-78.83971363854984, 1.284303056785061], [-78.8393350281295, 1.284964464092754], [-78.83796527156674, 1.283732003985924]]]}, "properties": {"NUM_MUESTRA": 37, "PROVINCIA": "ESMERALDAS", "CANTON": "SAN LORENZO", "PARROQUIA": "SAN LORENZO", "CIRCUNSCRIPCION": "CIRCUNSCRIPCIÓN URBANA", "TIPOLOGIA": "G", "ETIQUETA": "37 | G", "COD_SECTOR": "080550002007", "POB_T": 362, "V_PRES": 98, "AREA_KM2": 0.0456, "DENS_VIV": 2149.12, "DENS_POB": 7938.6}}, {"type": "Feature", "geometry": {"type": "Polygon", "coordinates": [[[-78.83069401862727, 1.281613302042833], [-78.83242920601027, 1.281420459064679], [-78.8332184211951, 1.283072569384559], [-78.8316769081281, 1.283649144807428], [-78.83069401862727, 1.281613302042833]]]}, "properties": {"NUM_MUESTRA": 38, "PROVINCIA": "ESMERALDAS", "CANTON": "SAN LORENZO", "PARROQUIA": "SAN LORENZO", "CIRCUNSCRIPCION": "CIRCUNSCRIPCIÓN URBANA", "TIPOLOGIA": "F", "ETIQUETA": "38 | F", "COD_SECTOR": "080550008003", "POB_T": 314, "V_PRES": 77, "AREA_KM2": 0.0412, "DENS_VIV": 1868.93, "DENS_POB": 7621.36}}, {"type": "Feature", "geometry": {"type": "Polygon", "coordinates": [[[-78.82568759686417, 1.279913252504274], [-78.82655267168637, 1.279845839085012], [-78.82662860333215, 1.280861714062594], [-78.82766688131802, 1.280772624322164], [-78.82776889807587, 1.281854474460406], [-78.82589584664161, 1.282007240743424], [-78.82568759686417, 1.279913252504274]]]}, "properties": {"NUM_MUESTRA": 39, "PROVINCIA": "ESMERALDAS", "CANTON": "SAN LORENZO", "PARROQUIA": "SAN LORENZO", "CIRCUNSCRIPCION": "CIRCUNSCRIPCIÓN URBANA", "TIPOLOGIA": "A", "ETIQUETA": "39 | A", "COD_SECTOR": "080550008007", "POB_T": 290, "V_PRES": 77, "AREA_KM2": 0.0359, "DENS_VIV": 2144.85, "DENS_POB": 8077.99}}, {"type": "Feature", "geometry": {"type": "Polygon", "coordinates": [[[-78.84034284088415, 1.277088638936278], [-78.84149118655961, 1.279419469123249], [-78.84116616297203, 1.279559704258819], [-78.84160747419442, 1.280425331823405], [-78.83986495551825, 1.280925499358529], [-78.83945661595327, 1.280256260160277], [-78.83692457143786, 1.280973497730553], [-78.83563385327223, 1.281155388509241], [-78.83548843949815, 1.280101283923992], [-78.83594379645038, 1.28007090600092], [-78.83584578606882, 1.279088769087196], [-78.83638854429694, 1.279563709956262], [-78.8362457041711, 1.277415568768639], [-78.84034284088415, 1.277088638936278]]]}, "properties": {"NUM_MUESTRA": 40, "PROVINCIA": "ESMERALDAS", "CANTON": "SAN LORENZO", "PARROQUIA": "SAN LORENZO", "CIRCUNSCRIPCION": "CIRCUNSCRIPCIÓN URBANA", "TIPOLOGIA": "B", "ETIQUETA": "40 | B", "COD_SECTOR": "080550001005", "POB_T": 551, "V_PRES": 142, "AREA_KM2": 0.2193, "DENS_VIV": 647.51, "DENS_POB": 2512.54}}, {"type": "Feature", "geometry": {"type": "Polygon", "coordinates": [[[-78.84283505185559, 1.278691245234545], [-78.84334595992667, 1.278142002604258], [-78.84359521735828, 1.278031962280417], [-78.84471464244015, 1.277940216249219], [-78.84501436093434, 1.277627109630558], [-78.84531005644541, 1.276722682733636], [-78.84545267859126, 1.276694098413824], [-78.84598000225485, 1.277043783633794], [-78.84607931494503, 1.277651450722634], [-78.84596638606746, 1.278409997509886], [-78.846067119981, 1.278738991042437], [-78.84642024250168, 1.278959760199761], [-78.84276758027463, 1.280092889501072], [-78.84246629610499, 1.278939598216467], [-78.84191004145926, 1.279213250301255], [-78.84165711735164, 1.278591396146172], [-78.84206296660275, 1.278398664880957], [-78.84131078323111, 1.276790790886261], [-78.84207646040205, 1.276549522094377], [-78.84204565146787, 1.276800043281888], [-78.84283505185559, 1.278691245234545]]]}, "properties": {"NUM_MUESTRA": 41, "PROVINCIA": "ESMERALDAS", "CANTON": "SAN LORENZO", "PARROQUIA": "SAN LORENZO", "CIRCUNSCRIPCION": "CIRCUNSCRIPCIÓN URBANA", "TIPOLOGIA": "C", "ETIQUETA": "41 | C", "COD_SECTOR": "080550001003", "POB_T": 472, "V_PRES": 130, "AREA_KM2": 0.1006, "DENS_VIV": 1292.25, "DENS_POB": 4691.85}}, {"type": "Feature", "geometry": {"type": "Polygon", "coordinates": [[[-78.82595398535946, 1.278297048160521], [-78.8254824952746, 1.278902898559251], [-78.82488253365557, 1.279086054229758], [-78.82427399711463, 1.280036884126112], [-78.82404923360914, 1.280144409436031], [-78.82392972872785, 1.280016107399828], [-78.82369365968302, 1.278798553052158], [-78.82321805336983, 1.278423364705818], [-78.82277093257518, 1.27868959958923], [-78.82270718657041, 1.279113977961303], [-78.82247048943444, 1.279046672989141], [-78.82233250720115, 1.279519755139138], [-78.82027287934672, 1.278877685794207], [-78.82107446102457, 1.27623874734748], [-78.82207682719435, 1.276562264529275], [-78.82190504876604, 1.277124652656954], [-78.82202361276093, 1.277470816258534], [-78.8236460805482, 1.277997762731356], [-78.82351422728486, 1.278402899810238], [-78.82480530934092, 1.278828371435031], [-78.82493826265451, 1.278417244540888], [-78.82443760787667, 1.278251518064482], [-78.82470460442734, 1.277370644381752], [-78.82566435794949, 1.277667762631522], [-78.82595398535946, 1.278297048160521]]]}, "properties": {"NUM_MUESTRA": 42, "PROVINCIA": "ESMERALDAS", "CANTON": "SAN LORENZO", "PARROQUIA": "SAN LORENZO", "CIRCUNSCRIPCION": "CIRCUNSCRIPCIÓN URBANA", "TIPOLOGIA": "F", "ETIQUETA": "42 | F", "COD_SECTOR": "080550007009", "POB_T": 524, "V_PRES": 121, "AREA_KM2": 0.1038, "DENS_VIV": 1165.7, "DENS_POB": 5048.17}}, {"type": "Feature", "geometry": {"type": "Polygon", "coordinates": [[[-78.8285269876145, 1.278144464505749], [-78.82738906123505, 1.274818257158724], [-78.82767364899841, 1.274543876800913], [-78.82876774238125, 1.275261139371711], [-78.82923909564367, 1.275719793892145], [-78.82995611609242, 1.277972819880907], [-78.83018858640546, 1.278363275808279], [-78.83038751860113, 1.278520837194934], [-78.83071327062407, 1.277846521768017], [-78.83126914077356, 1.278920404482864], [-78.83145478103641, 1.278877734553896], [-78.83183294475499, 1.278454401934465], [-78.83194028298092, 1.278578475390661], [-78.83149094255893, 1.279662949214347], [-78.83128120882344, 1.279414392338352], [-78.82951745875484, 1.27959479762592], [-78.82947695208932, 1.279226390933875], [-78.82927597933562, 1.279264269529526], [-78.82910185579829, 1.279135909089744], [-78.82877629295481, 1.278292741374734], [-78.8285269876145, 1.278144464505749]]]}, "properties": {"NUM_MUESTRA": 43, "PROVINCIA": "ESMERALDAS", "CANTON": "SAN LORENZO", "PARROQUIA": "SAN LORENZO", "CIRCUNSCRIPCION": "CIRCUNSCRIPCIÓN URBANA", "TIPOLOGIA": "C", "ETIQUETA": "43 | C", "COD_SECTOR": "080550008011", "POB_T": 418, "V_PRES": 90, "AREA_KM2": 0.1004, "DENS_VIV": 896.41, "DENS_POB": 4163.35}}, {"type": "Feature", "geometry": {"type": "Polygon", "coordinates": [[[-78.51348590414159, 0.91093872591608], [-78.51348950330727, 0.909683281037525], [-78.51395670574792, 0.909145358353854], [-78.51389299581234, 0.908975487430817], [-78.51321342917515, 0.908543733789515], [-78.51364169753744, 0.908193376193693], [-78.51410536017693, 0.908136752534434], [-78.51423985796114, 0.907623602505146], [-78.51354347879636, 0.906675159344853], [-78.5134833085202, 0.905939054128333], [-78.51361072751587, 0.905670092026068], [-78.51403545681559, 0.905599313062325], [-78.51424196778167, 0.905388163759711], [-78.51448053778915, 0.904573011869391], [-78.51503622539698, 0.903589177762061], [-78.51520611675755, 0.900747383853665], [-78.51513532914409, 0.899689230653578], [-78.51483447935031, 0.899278709371167], [-78.51483093949363, 0.898397504078685], [-78.5152521296738, 0.89720133020485], [-78.51524151142219, 0.896751880132282], [-78.51501498964447, 0.895902525697291], [-78.51445930144986, 0.895166418143401], [-78.5143814345068, 0.894674499206009], [-78.51445930127736, 0.893796833225641], [-78.5147696637518, 0.893194321533869], [-78.51504086026846, 0.892968205334869], [-78.51489332141493, 0.89233788759111], [-78.51499950439347, 0.891955677576945], [-78.51497826793441, 0.891782267747992], [-78.514390725332, 0.891329278395862], [-78.5145783138361, 0.890051704929035], [-78.51414650689408, 0.889563325212572], [-78.51380672241686, 0.888876761878318], [-78.5142779068107, 0.887809757877109], [-78.51428321588293, 0.887275371219838], [-78.51407969968102, 0.886457865272237], [-78.51456769583986, 0.88619597988663], [-78.51477475172653, 0.885794304910822], [-78.51445443461768, 0.884493726667431], [-78.51452168368682, 0.884042505424248], [-78.51440311338551, 0.883663833901137], [-78.51450752592244, 0.883308165261697], [-78.51439780430267, 0.883159527224295], [-78.5148229762374, 0.88276316066422], [-78.51495608692791, 0.881961581747263], [-78.51543308167497, 0.881345794355541], [-78.51558527620143, 0.880942349630928], [-78.51551448847141, 0.880834410338109], [-78.51593811166268, 0.880292944471722], [-78.51604340918654, 0.879799255065417], [-78.51651680521783, 0.879187008814747], [-78.51701586229234, 0.879427660738047], [-78.5173910396008, 0.879116228948704], [-78.51821483806415, 0.877760793984566], [-78.51988013020572, 0.875807267470858], [-78.51982215742103, 0.87531915454445], [-78.51998188848054, 0.87494375265754], [-78.52027212063606, 0.874727873231237], [-78.52098708128955, 0.874660632304694], [-78.52109326360502, 0.874497838714513], [-78.52103800231583, 0.873832519363378], [-78.52127288907633, 0.873103472347613], [-78.52121979770702, 0.872002843429658], [-78.52137199259367, 0.871146405626752], [-78.52182149758971, 0.870091782164457], [-78.5214958720006, 0.869829895966858], [-78.5214388122491, 0.869451234758544], [-78.52186694413867, 0.86869819075034], [-78.52211654138004, 0.86848311874104], [-78.52265267948545, 0.866044126329404], [-78.52357976977757, 0.865219663045559], [-78.5250776514655, 0.863462879093595], [-78.52525648484946, 0.862458557652782], [-78.52543490046367, 0.862099946073786], [-78.52629041440152, 0.861741778205246], [-78.52796626819234, 0.860307957503671], [-78.5286568777044, 0.858542464701773], [-78.53005286416855, 0.858214537686841], [-78.53109263628055, 0.857647225591293], [-78.53216224098439, 0.856870671459639], [-78.53340978086253, 0.856482855857466], [-78.5347460699879, 0.856633193009528], [-78.53599338268322, 0.856604106718199], [-78.53667553641256, 0.856239103763111], [-78.53718778952718, 0.856533526165326], [-78.53751170555635, 0.857094772235026], [-78.53771186832687, 0.857171464841234], [-78.53780193749836, 0.857484064418593], [-78.53858351159577, 0.857767951689343], [-78.53937874474134, 0.85859531449044], [-78.54001849361559, 0.858963372052319], [-78.54112898435493, 0.860145401550431], [-78.54155371315727, 0.860853204431913], [-78.54178819953917, 0.861752113199127], [-78.54215275848206, 0.861985687978609], [-78.54236158368356, 0.862498844742389], [-78.542046576506, 0.862895213302539], [-78.54198021192717, 0.863369441158526], [-78.54246865098108, 0.864611632613578], [-78.54183509657474, 0.864887675662463], [-78.54178554496913, 0.865436221421548], [-78.54195897617326, 0.865754732252534], [-78.5418881876958, 0.866186491306705], [-78.54207931601478, 0.86674919293063], [-78.5420616187357, 0.867294200029216], [-78.54165458641597, 0.868203723987228], [-78.54157671945276, 0.869035390428518], [-78.5423757412509, 0.870125403016123], [-78.54233680798413, 0.870638558459985], [-78.54197578767753, 0.870953529226836], [-78.54212444302522, 0.871466684841288], [-78.54196163072889, 0.872319583957879], [-78.54199348467225, 0.872634555101324], [-78.54274030069067, 0.87392628984936], [-78.54262707656514, 0.876330193862157], [-78.5430219032116, 0.87784672681303], [-78.54272339389674, 0.880364425529623], [-78.54329510333564, 0.881230777321428], [-78.5434472976851, 0.8817333143281], [-78.54288972413595, 0.884829794071258], [-78.54301159328828, 0.885076186003662], [-78.54357253100768, 0.885147091866854], [-78.54396814332846, 0.885457250925593], [-78.54398976872544, 0.886010648489519], [-78.54340047453856, 0.887626137337059], [-78.5432856785667, 0.888952702559427], [-78.54339312558203, 0.890426254917611], [-78.54293560698704, 0.892279783704711], [-78.54292954404046, 0.892780094792907], [-78.54326527165034, 0.893521318165803], [-78.5445790242513, 0.894852333240428], [-78.54602487388867, 0.895839708494463], [-78.54674956891662, 0.896901402207697], [-78.54731144990726, 0.8974570216682], [-78.54770934228145, 0.897656366998394], [-78.54958198179565, 0.899339756777092], [-78.55021111196572, 0.899580407217095], [-78.55118356514792, 0.900719956798375], [-78.55243120820751, 0.900758884860914], [-78.55365849861623, 0.901615317088947], [-78.55401243944263, 0.902546066162256], [-78.55397616045971, 0.902938892644774], [-78.55417537504148, 0.903152394077738], [-78.55480635475551, 0.903240002829294], [-78.55507868711938, 0.903083989753456], [-78.55668381018982, 0.90319015890966], [-78.55742708615232, 0.903324640234329], [-78.5582676964989, 0.903733390791626], [-78.55889328762788, 0.903623682741424], [-78.55941358032624, 0.903892645061418], [-78.56027277263473, 0.904073132285888], [-78.5609579858931, 0.903796948758859], [-78.5625697783713, 0.903615178424517], [-78.54494840405643, 0.910176726408019], [-78.54554597380269, 0.91032585098712], [-78.54678173789976, 0.91013404360239], [-78.54723819961181, 0.910408128896607], [-78.54735892427423, 0.91063466444814], [-78.54717377046504, 0.912125863062142], [-78.54685873341978, 0.91270315872744], [-78.54655294758624, 0.912912719083169], [-78.54616862567148, 0.912842531506579], [-78.54555772050828, 0.912278061041691], [-78.54520112437837, 0.912296462468722], [-78.54390505407069, 0.913954183275114], [-78.54331474468454, 0.913206785569272], [-78.54283407572052, 0.912988526316871], [-78.54219185037688, 0.911808596084226], [-78.54188536943622, 0.91155800742755], [-78.54153056430256, 0.911458154686362], [-78.54104908892174, 0.911710732291402], [-78.54047436892951, 0.911642198967479], [-78.54014183590387, 0.911518935369484], [-78.53979575596607, 0.911134453649275], [-78.53966275444867, 0.910626556844477], [-78.53995415277281, 0.909548777831767], [-78.53990400645263, 0.909079623568135], [-78.53846048228984, 0.906120656718258], [-78.5378120934657, 0.905548130082771], [-78.52385458923666, 0.919012873507467], [-78.52259279344895, 0.918602856387209], [-78.5206512151624, 0.918191112993504], [-78.52021895006361, 0.917965777424934], [-78.51949301589252, 0.91718403492546], [-78.5178832238379, 0.91480094012128], [-78.51634723042449, 0.912879748732401], [-78.51585825532581, 0.911281783119073], [-78.51481821438733, 0.910991672156829], [-78.51348590414159, 0.91093872591608]]]}, "properties": {"NUM_MUESTRA": 44, "PROVINCIA": "ESMERALDAS", "CANTON": "SAN LORENZO", "PARROQUIA": "ALTO TAMBO", "CIRCUNSCRIPCION": "CIRCUNSCRIPCIÓN RURAL", "TIPOLOGIA": "H", "ETIQUETA": "44 | H", "COD_SECTOR": "080551999005", "POB_T": 317, "V_PRES": 70, "AREA_KM2": 18.782, "DENS_VIV": 3.73, "DENS_POB": 16.88}}, {"type": "Feature", "geometry": {"type": "Polygon", "coordinates": [[[-78.86398264397539, 1.445514735659153], [-78.86322347003068, 1.446291712980584], [-78.86228601818294, 1.446004754955585], [-78.86220142093268, 1.446392138947967], [-78.86090047104013, 1.44607317452073], [-78.86107752343538, 1.444475458768676], [-78.86033307245162, 1.444412885373572], [-78.86030033212784, 1.443983560127034], [-78.86068505645048, 1.443905774064205], [-78.86089379471484, 1.444097884249552], [-78.86134355747747, 1.443991079566257], [-78.86154060720408, 1.443767718567588], [-78.86176977380333, 1.443959678136927], [-78.86200597279185, 1.443352672666862], [-78.86319438553579, 1.442940406832042], [-78.86398264397539, 1.445514735659153]]]}, "properties": {"NUM_MUESTRA": 45, "PROVINCIA": "ESMERALDAS", "CANTON": "SAN LORENZO", "PARROQUIA": "ANCÓN", "CIRCUNSCRIPCION": "CIRCUNSCRIPCIÓN RURAL", "TIPOLOGIA": "C", "ETIQUETA": "45 | C", "COD_SECTOR": "080552001003", "POB_T": 334, "V_PRES": 94, "AREA_KM2": 0.094, "DENS_VIV": 1000.0, "DENS_POB": 3553.19}}, {"type": "Feature", "geometry": {"type": "Polygon", "coordinates": [[[-78.87378330927274, 1.14095452453747], [-78.87428248759855, 1.140388141843392], [-78.8745350065445, 1.139259461972461], [-78.8741978098158, 1.137963526555432], [-78.873901534548, 1.13746064628556], [-78.87372584683334, 1.13627337597222], [-78.8740408651889, 1.136092873217077], [-78.87501820862381, 1.135942647350352], [-78.87533058600647, 1.135733036518407], [-78.87705796553207, 1.132659188513367], [-78.87882266968067, 1.130374733315735], [-78.87896409995508, 1.129688260531603], [-78.88067091658658, 1.126956946616397], [-78.88164827964141, 1.124024210439436], [-78.8825428250489, 1.1232695912129], [-78.88312604367005, 1.122293083169022], [-78.88466738842199, 1.121300161276353], [-78.88515676250229, 1.121243054888079], [-78.88460122765146, 1.119705375738762], [-78.88659755040965, 1.118971322077056], [-78.88697789098242, 1.119744814603062], [-78.88705756222306, 1.12084776707515], [-78.88749480820063, 1.120923313802149], [-78.88785063996602, 1.121157377674164], [-78.88891146679491, 1.120697312218587], [-78.89067280976867, 1.120161194323444], [-78.89171954861752, 1.120388435476017], [-78.89271712126667, 1.120073355232325], [-78.89373835653853, 1.118711083485808], [-78.89347842680618, 1.117224084726843], [-78.89341776020844, 1.116050989796265], [-78.8938296040542, 1.114239073472349], [-78.8947652449353, 1.112322436443698], [-78.8961142369269, 1.110965781432103], [-78.89738764142172, 1.110618249932183], [-78.89910327420762, 1.109566050056197], [-78.89984979069645, 1.109679335215397], [-78.90055760145987, 1.10949245742228], [-78.90403673995804, 1.105629799590652], [-78.90423856649923, 1.104561310322995], [-78.90424956659497, 1.103433733209349], [-78.90497379250246, 1.102385943628471], [-78.90509694374849, 1.101493359123002], [-78.90550314425626, 1.100498199688333], [-78.90560580837935, 1.099698097128333], [-78.90644191247237, 1.099275842287416], [-78.90688035479135, 1.098060471888102], [-78.90677846017208, 1.097757948168743], [-78.90689324249752, 1.096308903383537], [-78.90718977630269, 1.095693931011613], [-78.90816476301376, 1.09482102909273], [-78.90830805986003, 1.094317532207077], [-78.90796591528584, 1.093395254479987], [-78.90804581016307, 1.092819770317674], [-78.90755539756297, 1.092207181736699], [-78.9075431343433, 1.092011901047764], [-78.90815889761937, 1.091704741374929], [-78.90856914296948, 1.091179408479162], [-78.90895792420075, 1.091106269513117], [-78.90902612729495, 1.090562344076873], [-78.90929683034668, 1.09038487882161], [-78.90937553953592, 1.089411507921878], [-78.90956529232915, 1.089226645288109], [-78.90987735838614, 1.089350926921482], [-78.90983177629975, 1.088820869532468], [-78.9099354734925, 1.088627137818246], [-78.91123169744516, 1.088322652834637], [-78.91117008373257, 1.087772028616516], [-78.91161146455588, 1.087925030921443], [-78.91173210148102, 1.087844852320363], [-78.91177885229455, 1.08773721552269], [-78.91153985431956, 1.087415999255629], [-78.91190358269023, 1.087361439202201], [-78.91198538027872, 1.087197055944088], [-78.91253988987208, 1.086876391153504], [-78.91261822857187, 1.08608360835457], [-78.91338838479781, 1.085427145400735], [-78.91391133775385, 1.085791012073796], [-78.91528359139258, 1.086120888801782], [-78.9169354021984, 1.086002426848082], [-78.9205724766499, 1.084707191835162], [-78.92176711202053, 1.084127914201943], [-78.92306291181175, 1.08331546748226], [-78.92432331528896, 1.082132205851018], [-78.9249300918661, 1.08103819824669], [-78.92542604028502, 1.076900057993004], [-78.92542654573946, 1.07615249973845], [-78.92513652794604, 1.074501692564652], [-78.92438934532062, 1.072360176682936], [-78.92425911235718, 1.071648412849826], [-78.92439636549068, 1.070757417563798], [-78.92494934954362, 1.070123865507211], [-78.9258168293079, 1.070088573060592], [-78.93031405452771, 1.070809290039536], [-78.9345379040047, 1.071649428065568], [-78.93730063055708, 1.071770912817867], [-78.93982599329897, 1.071455657213561], [-78.9414186888222, 1.070912506621893], [-78.94236374414163, 1.070386859336539], [-78.94510408258935, 1.06845699455004], [-78.9466849406607, 1.067848042901191], [-78.94762970758971, 1.067758969862109], [-78.95096868749927, 1.068030337904124], [-78.95171324902452, 1.067919663735869], [-78.95377468626964, 1.067220899395692], [-78.95497663230336, 1.066955169419166], [-78.95778261649913, 1.066726390175974], [-78.9589028438587, 1.066834777663259], [-78.96138728863757, 1.067718054900326], [-78.96314848726522, 1.068744201749391], [-78.96496565396912, 1.070216645140023], [-78.96656847384386, 1.072370739171132], [-78.96760071509598, 1.07479956281304], [-78.9681460326511, 1.07678549610234], [-78.96822747833065, 1.079405065923268], [-78.96854696053781, 1.081462616613492], [-78.96915218261591, 1.082706995369562], [-78.9709096191237, 1.084657867224399], [-78.9716342241737, 1.085077001256672], [-78.97276887032712, 1.085400721577209], [-78.97520476416912, 1.085701397375258], [-78.97619118510323, 1.085552545860381], [-78.97713023172051, 1.085164436329333], [-78.97771872227737, 1.084770108261434], [-78.98011470853419, 1.082540929774223], [-78.98075664599385, 1.08218849980488], [-78.98194059278376, 1.082078701254635], [-78.98356974963609, 1.082684631975365], [-78.98537040852098, 1.083635321326999], [-78.98652204690647, 1.084619023059644], [-78.98734080667006, 1.085706679846821], [-78.9874464995183, 1.086335594084216], [-78.98724645738564, 1.086938313886303], [-78.98429034240384, 1.0903301912805], [-78.98325026731321, 1.09217476362733], [-78.98259710058484, 1.094183619544048], [-78.9824922284924, 1.095928271939881], [-78.97892679550789, 1.094641426583145], [-78.97785025374404, 1.094493570745614], [-78.97733315083062, 1.09475158456536], [-78.97696212029882, 1.095149644291414], [-78.97631932127726, 1.096778338068283], [-78.97603408224671, 1.096831970335026], [-78.97526060856018, 1.096626904536124], [-78.9745941988657, 1.096253258802724], [-78.97441257512642, 1.095966063614774], [-78.97431369940753, 1.09455934778542], [-78.97406857730648, 1.093270949592932], [-78.97383000932004, 1.092840180874859], [-78.97281796714937, 1.09220793686427], [-78.97147760487638, 1.092081433363413], [-78.97082859153359, 1.092350121050665], [-78.97051098440113, 1.092827159930083], [-78.97024721354344, 1.093831548632475], [-78.96951029533392, 1.095039945637731], [-78.96775475124416, 1.096782781684181], [-78.96614327088281, 1.098049491524205], [-78.96293971676532, 1.099506562787751], [-78.96206620113718, 1.099637535714015], [-78.96168597081223, 1.099583449249802], [-78.96153753853, 1.099421871072245], [-78.96118745488803, 1.098721900042986], [-78.96112240434701, 1.09826733008687], [-78.9613609643204, 1.096103544532032], [-78.96133244926955, 1.095185072962025], [-78.95971614168481, 1.094390699654939], [-78.95934175741627, 1.094480152164651], [-78.95837263828692, 1.095409469056844], [-78.95808563834636, 1.096050212436736], [-78.95751806474473, 1.098251111054344], [-78.94544119051503, 1.09822887324799], [-78.94428147262106, 1.098091690470687], [-78.94274576412832, 1.097503223263503], [-78.94257487979944, 1.097570481522927], [-78.94205794615665, 1.098366473642078], [-78.9419640634912, 1.100110330969268], [-78.94163601815609, 1.100210575779397], [-78.94035165816463, 1.099727451227885], [-78.94006462259956, 1.099761491570229], [-78.93980717561331, 1.100238011284541], [-78.93958380683361, 1.101225359028683], [-78.93930906893428, 1.101569645829911], [-78.9391415181892, 1.101565940635121], [-78.93855780779822, 1.100194800648052], [-78.93833328955859, 1.100086994965945], [-78.93806941428703, 1.100187283799679], [-78.93792986802156, 1.10093355494611], [-78.93753028258159, 1.101385402833536], [-78.93703477951186, 1.101349175016842], [-78.9358998495594, 1.100785737308823], [-78.93525289935167, 1.101038830813278], [-78.93443769119197, 1.100865574864942], [-78.93414951204515, 1.101056271418544], [-78.9342773808746, 1.101893462674965], [-78.9339858966169, 1.102741054260299], [-78.93380933576294, 1.102363920515932], [-78.93320322137319, 1.101781714469001], [-78.93140724699448, 1.10171850183386], [-78.93108363350119, 1.101116829819847], [-78.93087648706532, 1.100978894953779], [-78.93005838414568, 1.101766789624502], [-78.93007916065373, 1.101965834820446], [-78.93039596525402, 1.102309336360771], [-78.93037441419415, 1.102543756069848], [-78.92975379707369, 1.103003818740315], [-78.92905713222929, 1.102875615512862], [-78.92891602029174, 1.103028349561827], [-78.92900492056654, 1.103234093185343], [-78.92890616532729, 1.103432575296238], [-78.92801006315601, 1.103599400572191], [-78.92766910651851, 1.10347117870987], [-78.92727213725883, 1.103577352803461], [-78.92700368758742, 1.103421672663557], [-78.92649178524583, 1.103389915668492], [-78.92634863675295, 1.103156577185954], [-78.92620959872295, 1.103164373600166], [-78.92600798956558, 1.103611809901798], [-78.92390765449335, 1.10445049519418], [-78.92080428664453, 1.107571442939088], [-78.92055388117159, 1.109979774268455], [-78.91851675421475, 1.112921266091707], [-78.91343590417033, 1.113936916228194], [-78.91125871318859, 1.115281467070933], [-78.90974766970548, 1.118846765300975], [-78.90873823506544, 1.120498888547274], [-78.90783943748345, 1.121187692677509], [-78.90696559629697, 1.120931233827694], [-78.90453040469129, 1.122442278043616], [-78.90346077660867, 1.122663976316877], [-78.90134823161665, 1.123644188995223], [-78.90052512534746, 1.124102885820777], [-78.90003704172982, 1.124670906293548], [-78.89890596717451, 1.125080284114536], [-78.89861942460266, 1.125462788558875], [-78.89858989625063, 1.126307482526431], [-78.89840780824457, 1.126328325812181], [-78.89811379098502, 1.126611914184167], [-78.8980700328759, 1.127257511270226], [-78.89789658051338, 1.12738604082373], [-78.89700559969916, 1.12753583773177], [-78.89638203461455, 1.128172151974174], [-78.89616751361606, 1.12882711707897], [-78.8957276547152, 1.128940262953973], [-78.89498019696781, 1.129611293844441], [-78.89432124903293, 1.129487401694267], [-78.89331373252523, 1.128938050938048], [-78.89275662502114, 1.128967299357839], [-78.89224233239044, 1.129289149568035], [-78.8915212246674, 1.130290649937983], [-78.890599743085, 1.130264661076584], [-78.88993908620029, 1.130892896456364], [-78.88885070706861, 1.131372543721672], [-78.8878448587877, 1.13237220378437], [-78.88765307976766, 1.13287637529255], [-78.88676189111577, 1.13368878609357], [-78.88592886789603, 1.134679619044777], [-78.88536421664753, 1.134832449836672], [-78.88441901882895, 1.134690080298965], [-78.88324746605129, 1.133807532490841], [-78.88278243859916, 1.13407191250801], [-78.88242046390388, 1.13393060531307], [-78.88131558092365, 1.133886665491494], [-78.88108999494311, 1.133756526852385], [-78.88106776020493, 1.134625498705047], [-78.88077737394367, 1.13547243123885], [-78.88020358223062, 1.135720907771805], [-78.8795456438302, 1.135822224015469], [-78.87911513005112, 1.136426480515864], [-78.87918000875092, 1.136759510123004], [-78.87868209965751, 1.137278459268393], [-78.87857143546402, 1.137650235357409], [-78.8786673988305, 1.138589128062908], [-78.8784158514913, 1.139261233365063], [-78.87811972817957, 1.139474472702612], [-78.87799090122574, 1.14023852557501], [-78.87716516700307, 1.140715369509647], [-78.87681987895166, 1.140726323897271], [-78.87651787482287, 1.1411194746486], [-78.87572330820899, 1.141230631018645], [-78.8752281352752, 1.141690721925094], [-78.87422011457055, 1.142205262502375], [-78.87386095617106, 1.141636257459313], [-78.87378330927274, 1.14095452453747]]]}, "properties": {"NUM_MUESTRA": 46, "PROVINCIA": "ESMERALDAS", "CANTON": "SAN LORENZO", "PARROQUIA": "CONCEPCIÓN", "CIRCUNSCRIPCION": "CIRCUNSCRIPCIÓN RURAL", "TIPOLOGIA": "A", "ETIQUETA": "46 | A", "COD_SECTOR": "080556999001", "POB_T": 196, "V_PRES": 48, "AREA_KM2": 29.1826, "DENS_VIV": 1.64, "DENS_POB": 6.72}}, {"type": "Feature", "geometry": {"type": "Polygon", "coordinates": [[[-78.7010987885434, 1.088671870513745], [-78.70169233898119, 1.089460436133899], [-78.70429378154444, 1.090843725228011], [-78.70416788723722, 1.091076806529681], [-78.7043165103153, 1.091512380889274], [-78.70427053358318, 1.091862358937902], [-78.70376391897653, 1.091450699413509], [-78.7027374247349, 1.091030555978461], [-78.70251297678062, 1.09081691819964], [-78.70147732586459, 1.091839378149017], [-78.70054822632146, 1.091147291729623], [-78.69903068017565, 1.092405286919485], [-78.69853817507364, 1.09192480318915], [-78.69833660855818, 1.091904441724955], [-78.69833303334077, 1.090112348143936], [-78.69792592509292, 1.089876024658393], [-78.6980466282115, 1.089598945886637], [-78.69877886973752, 1.089899583707005], [-78.70030471379881, 1.088776040109226], [-78.70012118914548, 1.088488744698319], [-78.69988474775577, 1.088412294746468], [-78.70000169229188, 1.088121598201924], [-78.70044950750884, 1.088462633747073], [-78.7010987885434, 1.088671870513745]]]}, "properties": {"NUM_MUESTRA": 47, "PROVINCIA": "ESMERALDAS", "CANTON": "SAN LORENZO", "PARROQUIA": "SANTA RITA", "CIRCUNSCRIPCION": "CIRCUNSCRIPCIÓN RURAL", "TIPOLOGIA": "B", "ETIQUETA": "47 | B", "COD_SECTOR": "080559902002", "POB_T": 585, "V_PRES": 163, "AREA_KM2": 0.1471, "DENS_VIV": 1108.09, "DENS_POB": 3976.89}}, {"type": "Feature", "geometry": {"type": "Polygon", "coordinates": [[[-78.88995418999168, 1.154360753440141], [-78.89298062030113, 1.155812528345715], [-78.89379148849693, 1.158274620886349], [-78.89298189178763, 1.158972623478234], [-78.89232520709308, 1.158733964933985], [-78.89069247281182, 1.158469766227281], [-78.88901183451172, 1.158587712978312], [-78.88894911721599, 1.158140194770429], [-78.88937091495087, 1.157503348400959], [-78.88948340786557, 1.15694147569995], [-78.88970214300858, 1.156670080901594], [-78.8883783880272, 1.155374194698519], [-78.88995418999168, 1.154360753440141]]]}, "properties": {"NUM_MUESTRA": 48, "PROVINCIA": "ESMERALDAS", "CANTON": "SAN LORENZO", "PARROQUIA": "TAMBILLO", "CIRCUNSCRIPCION": "CIRCUNSCRIPCIÓN RURAL", "TIPOLOGIA": "E", "ETIQUETA": "48 | E", "COD_SECTOR": "080560903001", "POB_T": 217, "V_PRES": 89, "AREA_KM2": 0.1882, "DENS_VIV": 472.9, "DENS_POB": 1153.03}}, {"type": "Feature", "geometry": {"type": "Polygon", "coordinates": [[[-78.63639656773032, 1.139797506125745], [-78.63598607771111, 1.139671009333558], [-78.6354892858098, 1.139715103913807], [-78.63503419927903, 1.140012113598641], [-78.63434244097593, 1.139828014692296], [-78.63387118398548, 1.140029170843181], [-78.63301895056104, 1.141843669242133], [-78.63281885985451, 1.14275317376218], [-78.63266224295707, 1.14296987633048], [-78.63228516251374, 1.143046295172206], [-78.63190833438117, 1.142876321625587], [-78.62966854341322, 1.140866182861578], [-78.62892553518768, 1.139990493543954], [-78.6287234562176, 1.139352736783324], [-78.62837673024109, 1.137057502017141], [-78.62798309031314, 1.136541357420323], [-78.62720584123252, 1.136227679318546], [-78.62662665152243, 1.136164592861597], [-78.6253636835839, 1.135580519677342], [-78.62433548638413, 1.135517061667487], [-78.62394084164873, 1.135593037080287], [-78.62363051619235, 1.13587662981104], [-78.62300685057672, 1.136801361286953], [-78.62231633721696, 1.136960422651278], [-78.62199913690166, 1.136761235847311], [-78.62174410437446, 1.135951208149767], [-78.62131700625035, 1.135305220578356], [-78.62063695222696, 1.134987710239677], [-78.61967666634415, 1.135076911955831], [-78.61870510530709, 1.134692639911309], [-78.61853379945059, 1.135005531134808], [-78.6189724054161, 1.135837391307316], [-78.61905809031411, 1.136829387891801], [-78.61894049377791, 1.138013927953305], [-78.61939075294978, 1.138855580510974], [-78.6193768692852, 1.139194036598004], [-78.61921498271259, 1.139764040847841], [-78.61878886845979, 1.140394814728519], [-78.61827972482484, 1.140558031993267], [-78.61773921725622, 1.140425243621581], [-78.61662414847231, 1.139641730321467], [-78.61618204990467, 1.139091166061339], [-78.61565398776786, 1.138237528056272], [-78.61515100822083, 1.137007113332075], [-78.61441701511798, 1.136102620591417], [-78.61404393226259, 1.135961445977852], [-78.61382610780501, 1.136113867780464], [-78.61373075977322, 1.136404155250416], [-78.61386988480032, 1.137244735081308], [-78.61372752583492, 1.137811988078884], [-78.61337626731078, 1.138096448718951], [-78.61299056998303, 1.138175347539921], [-78.6122363658961, 1.138186384168622], [-78.61178180466952, 1.137853408665963], [-78.61185017287303, 1.137442610775248], [-78.61222386884738, 1.136838378643289], [-78.61195007602602, 1.136503597977927], [-78.61151654286171, 1.136599102235627], [-78.6105068053225, 1.137158652927436], [-78.61002356792935, 1.137116949234494], [-78.60966814163802, 1.136887204133187], [-78.60955444623966, 1.13654293668981], [-78.6096469812721, 1.13621603760592], [-78.61025784461633, 1.135570918141412], [-78.61044276989874, 1.135242389053994], [-78.61037871206526, 1.134939318195451], [-78.60953552857688, 1.134652743238694], [-78.6078480171066, 1.135077843930952], [-78.60754510410102, 1.13502690166321], [-78.6073663281742, 1.134643111230823], [-78.60757446258641, 1.134218438051351], [-78.60901172312428, 1.133431484645021], [-78.60928424372482, 1.132946511980262], [-78.60926886385691, 1.132739115573251], [-78.6090710719204, 1.132584738945939], [-78.60785399358407, 1.132534469528918], [-78.60716993163521, 1.132373472478495], [-78.60393823255554, 1.130191724966346], [-78.60380158175451, 1.129842951297012], [-78.60393045834233, 1.129392696749306], [-78.60525219686123, 1.129116359486631], [-78.6055594585795, 1.128928795101455], [-78.60675682051392, 1.128898485438636], [-78.60709512459925, 1.128781379104071], [-78.60814516712888, 1.128257921538915], [-78.60818840860223, 1.127671023330943], [-78.6078432063739, 1.127317683376832], [-78.60671904551259, 1.127049372202501], [-78.60651368917765, 1.126722718536749], [-78.60619640292705, 1.124902964150562], [-78.6059363267392, 1.124433202858401], [-78.60575369911601, 1.124331317046972], [-78.6052575661108, 1.12446072925046], [-78.60460349572972, 1.12507100142775], [-78.60412915536448, 1.12530464542929], [-78.60380325761953, 1.125106954391725], [-78.60364290377181, 1.124223925210616], [-78.60339823452848, 1.123930257013473], [-78.60215583608752, 1.124348511266747], [-78.6014765348023, 1.124338771753969], [-78.60125790029478, 1.124090787398383], [-78.60125119353503, 1.123571613961743], [-78.60229812301411, 1.123178446788759], [-78.60239976129091, 1.122977937589341], [-78.60204683546112, 1.122176173010635], [-78.60084126550022, 1.12036156200947], [-78.60042492116467, 1.119018053043799], [-78.60001013647798, 1.118805511160436], [-78.5997397240021, 1.118486433636094], [-78.59964422897627, 1.11818348532874], [-78.59970203968496, 1.117631396598773], [-78.59941410685173, 1.116759568508261], [-78.59857485839707, 1.116224772955175], [-78.5976029747598, 1.116681221947283], [-78.59718079907202, 1.116743058368603], [-78.59683258913957, 1.11655668739203], [-78.59693134503316, 1.11581569544374], [-78.5978732324467, 1.114962297727592], [-78.59835413741001, 1.11516224858733], [-78.59873278480643, 1.115626234430894], [-78.59904701535656, 1.115505387872143], [-78.59930803291316, 1.114537951617063], [-78.59913074894425, 1.1138393600328], [-78.59882379533506, 1.113412648147167], [-78.59888470717942, 1.113259733456383], [-78.59969969027996, 1.112734203563958], [-78.59996135038296, 1.112397894911763], [-78.60085507056179, 1.112227306681753], [-78.6009591512724, 1.111309602583611], [-78.60065042628186, 1.109706278048717], [-78.60030441908172, 1.109106373562467], [-78.59794353169822, 1.1073440121665], [-78.59693183848842, 1.10734025140215], [-78.59616242685732, 1.106975727474214], [-78.59594401160776, 1.10666447717871], [-78.59594203202835, 1.106410637515703], [-78.59616163595223, 1.10545631942728], [-78.59516540490615, 1.104605025354996], [-78.59528124985655, 1.104170701722779], [-78.5966007079164, 1.103712883012432], [-78.59720641329885, 1.103076435802032], [-78.59712231685573, 1.102509980768918], [-78.59692428518417, 1.102228093607936], [-78.59620453718597, 1.10174035793996], [-78.59600078727166, 1.101375099899581], [-78.59622029414251, 1.100697413283406], [-78.59717421657848, 1.101088479923549], [-78.59776522706439, 1.10064993701324], [-78.59850388597552, 1.099368094506072], [-78.59968816045946, 1.09866473783303], [-78.59967682645966, 1.098253877360775], [-78.5994613567822, 1.097901544894637], [-78.59888989409562, 1.097921625484056], [-78.5982546379343, 1.097504391578707], [-78.59818760747854, 1.097255132431288], [-78.59858506096418, 1.096292648510777], [-78.59854450038961, 1.095969804731089], [-78.59842668657954, 1.095636627269253], [-78.59762974355303, 1.095062260693222], [-78.5973780535711, 1.094429640641707], [-78.59735368818366, 1.093905786617416], [-78.59751866470926, 1.093593380185781], [-78.5988352183835, 1.093358201941308], [-78.59942440019513, 1.09305347281127], [-78.59990289157278, 1.092622463857051], [-78.60012199265758, 1.092073860730394], [-78.59978724343293, 1.09139568688231], [-78.59979095885907, 1.090386169577823], [-78.5995115016959, 1.089837165143531], [-78.59914718792524, 1.089675467143723], [-78.59879730481468, 1.089698664059759], [-78.59839500951755, 1.090086513373516], [-78.59806813118682, 1.09018848513314], [-78.5978202537705, 1.090135141344213], [-78.59729305200261, 1.089492030444156], [-78.59758941426165, 1.088565188007147], [-78.59820051406365, 1.087792728941709], [-78.59841186089588, 1.086763705942], [-78.59804545554059, 1.086543435235784], [-78.59751089543997, 1.086731528627345], [-78.59544055255914, 1.0875915540397], [-78.5951269757771, 1.088020493967649], [-78.59501712199788, 1.087989041347187], [-78.59334128758226, 1.085370457715205], [-78.5923090245271, 1.084200911859428], [-78.5923142473788, 1.083907908877118], [-78.59244384706868, 1.083765226878633], [-78.59234573267707, 1.083405288709263], [-78.59169302695486, 1.083398163159345], [-78.5914340071341, 1.083275801332523], [-78.59107703473215, 1.082588811900521], [-78.59089106872827, 1.082551314794955], [-78.59061118010904, 1.082717195828725], [-78.59041896659562, 1.083195635967819], [-78.59040180080409, 1.084335691923072], [-78.59026214039834, 1.084918675548993], [-78.58990760576381, 1.08537829093226], [-78.58930680404133, 1.085512312414183], [-78.58865727362704, 1.085263032426615], [-78.58824278079774, 1.084986279412624], [-78.58781412223557, 1.084453706228178], [-78.58758283205752, 1.083718722853917], [-78.58758352509251, 1.082842913905582], [-78.58744210618767, 1.082702511973185], [-78.58707057027148, 1.082727614407562], [-78.58591612286727, 1.082988916211582], [-78.5854726670129, 1.082658539290479], [-78.58500294928388, 1.08147005045057], [-78.58504371183712, 1.081025896934606], [-78.58525486869944, 1.080917674292922], [-78.58646883606418, 1.081090493208024], [-78.58671091645347, 1.081014576837469], [-78.58679177892375, 1.080849585588983], [-78.58676504842735, 1.080583088310302], [-78.58630851192568, 1.079871879869858], [-78.5863631549585, 1.078793094249633], [-78.58618844942337, 1.07861533430075], [-78.58575820239581, 1.078614990618602], [-78.58530019439388, 1.079655307737287], [-78.58474105070127, 1.080196025384567], [-78.58354858007053, 1.080800708048523], [-78.58328247760815, 1.080821375348492], [-78.58308089074934, 1.080681648794203], [-78.58294782043916, 1.078841164349144], [-78.58262178717291, 1.077875831669984], [-78.58143570438469, 1.076290192328554], [-78.58130240043937, 1.074468051644967], [-78.58179847142182, 1.073781388354627], [-78.58174638187819, 1.073286131081995], [-78.581635937582, 1.073024011909563], [-78.58125994394247, 1.072738429939936], [-78.58082519997606, 1.072681234703364], [-78.58029494574923, 1.073159913643037], [-78.58010678968822, 1.073070908753045], [-78.58008480538584, 1.071577965584775], [-78.57992239157306, 1.070827241379503], [-78.57998797888169, 1.070329145174133], [-78.58028420576892, 1.069796340910823], [-78.58019098780635, 1.068653986595379], [-78.58042038892229, 1.06836600082489], [-78.5818989076026, 1.068236465579851], [-78.58225561349855, 1.068024453154647], [-78.58234788271488, 1.067473185962732], [-78.58211185739967, 1.067307927407481], [-78.58050865126536, 1.067235181414915], [-78.57966942486254, 1.066691261925573], [-78.5787020905756, 1.065751236909265], [-78.57803017997949, 1.06530652100735], [-78.57772089178431, 1.065318930983979], [-78.57757286878417, 1.065471123447258], [-78.57757251160443, 1.065928052115783], [-78.57824314361123, 1.067213506100455], [-78.57840460536134, 1.067895992614481], [-78.57735525913054, 1.068593253243894], [-78.57702527759686, 1.069340799580352], [-78.5766704056011, 1.069650740839225], [-78.57649396892195, 1.069620590579704], [-78.57503150333359, 1.067380253613152], [-78.5742374488383, 1.066610754921862], [-78.57386169537303, 1.065722001197825], [-78.57422613349031, 1.063856614659778], [-78.57510125443905, 1.062473868242273], [-78.57524949463387, 1.06204236680936], [-78.57523121632562, 1.061528658448677], [-78.57502401600473, 1.061218271832161], [-78.57448506451477, 1.061168402256944], [-78.57240025515394, 1.062169464214586], [-78.57194317434991, 1.062042193489242], [-78.57076501874823, 1.061299422043446], [-78.5703444688875, 1.060390931004782], [-78.56957878617891, 1.059400364037484], [-78.56939091877648, 1.058943289447216], [-78.56934889889475, 1.058588381459049], [-78.5698092198794, 1.057205170959639], [-78.57007431679908, 1.056766735955101], [-78.57003072397337, 1.056588425288606], [-78.56925459087188, 1.056337915475835], [-78.56884092227155, 1.055920879396688], [-78.56894614286746, 1.055580550101026], [-78.56936024936677, 1.055434146288135], [-78.56961715423954, 1.054988291708848], [-78.56943719407673, 1.053961045100001], [-78.56842823075746, 1.052032779567417], [-78.56774831862298, 1.051257506100415], [-78.56742192008872, 1.050641055906279], [-78.56736503930566, 1.04975988174385], [-78.56678797043455, 1.04837599891388], [-78.5658233856106, 1.047373353347113], [-78.5647743165481, 1.04588217190121], [-78.56420924687018, 1.044774355148578], [-78.56402206096551, 1.043428925970218], [-78.56348810536247, 1.042335012627659], [-78.5622899794113, 1.040453235872837], [-78.5562446226984, 1.025984107795094], [-78.55594057399058, 1.025616284711767], [-78.60416166288779, 1.017321325572288], [-78.61086244480204, 1.028559867207266], [-78.61132996971052, 1.030611063136691], [-78.61276516813156, 1.032323644831586], [-78.61277956157481, 1.032677758240878], [-78.61257388809946, 1.033297283142401], [-78.61186946959747, 1.034418074920083], [-78.61103262028301, 1.036217461783178], [-78.61106151625779, 1.036778145420984], [-78.61164699203232, 1.037899915906182], [-78.61177844817614, 1.038519695048977], [-78.61174477129096, 1.040258830286689], [-78.6114913391425, 1.04103323659219], [-78.6116560410443, 1.04129893911713], [-78.61273286693194, 1.042007966412295], [-78.61369450949019, 1.042390467027986], [-78.61384273765286, 1.042634026311704], [-78.61380409358007, 1.042855310937338], [-78.61292986132983, 1.043186615736027], [-78.61281967681538, 1.04351850295256], [-78.61296238273749, 1.043795254260682], [-78.61394046940147, 1.044238630917939], [-78.61456670598191, 1.04475919932043], [-78.61507223596574, 1.044986433129602], [-78.61570986773616, 1.044975854539991], [-78.6160229869236, 1.045236139476756], [-78.61622575940902, 1.046041326876165], [-78.61598361353288, 1.046422910063945], [-78.61542826913559, 1.046649332391655], [-78.61497169995368, 1.047097145306229], [-78.61481744800675, 1.047550721712195], [-78.61487773213376, 1.047788681255889], [-78.615245811092, 1.048058229991523], [-78.61650646228634, 1.047978046869546], [-78.61692042354073, 1.048148039232167], [-78.61704484117064, 1.048380515256109], [-78.61707181826034, 1.049050013787269], [-78.61675258308215, 1.049608588900887], [-78.61693926743506, 1.04987984308726], [-78.61965460245945, 1.049975985824221], [-78.61979183360764, 1.050225070394317], [-78.61985169894248, 1.051016319578663], [-78.62053870003328, 1.051144102994255], [-78.62108784258687, 1.051852734494092], [-78.6212419409103, 1.051603872265555], [-78.62119832755448, 1.051128009938405], [-78.62149508277422, 1.051222297466795], [-78.62162106041174, 1.051814413377309], [-78.62127393199894, 1.052909659266801], [-78.62136724387881, 1.053086783769808], [-78.62158706900678, 1.053147814346118], [-78.62246105098458, 1.053159551908447], [-78.62256541471132, 1.053259224195936], [-78.62258731768434, 1.053369899237563], [-78.62215833694886, 1.053673878052058], [-78.62216911164144, 1.05396159742601], [-78.62262484247448, 1.054625895276849], [-78.62291621039138, 1.05457632375387], [-78.6232022535508, 1.054299898509333], [-78.62364213631486, 1.054117650486014], [-78.62404887051234, 1.054156693484924], [-78.62465651254065, 1.053833485205111], [-78.6250853207959, 1.053759120470734], [-78.62572006130122, 1.053944960228432], [-78.62690961413904, 1.054615355826307], [-78.6272607347613, 1.055506425378299], [-78.62750041658602, 1.056768114240797], [-78.62723161199625, 1.056861352186426], [-78.626875153675, 1.05656598874949], [-78.62657220299118, 1.056585428311309], [-78.62639861468831, 1.056759889477977], [-78.62646414307876, 1.057330444594844], [-78.62592867667145, 1.057912832251251], [-78.62672723977194, 1.058319194235916], [-78.62697154847542, 1.058312005356349], [-78.62741641170784, 1.058007422904391], [-78.62767527473746, 1.058137953485923], [-78.62786044032237, 1.058802046093748], [-78.62790365471619, 1.059800464089618], [-78.62818694942813, 1.059928554211323], [-78.62858033645321, 1.059852625770193], [-78.62882456888684, 1.059946259793597], [-78.6290929643607, 1.060391559504976], [-78.63013337676766, 1.060815323480975], [-78.63093619145708, 1.062057777703266], [-78.63110137619793, 1.06329482301833], [-78.6314750074077, 1.063496755978538], [-78.63210041651323, 1.063511993487279], [-78.63278395477363, 1.064186310657126], [-78.63277377025379, 1.06472730148094], [-78.63151841213556, 1.064244350393279], [-78.63114202947212, 1.064445703542002], [-78.63115646596279, 1.06473588641184], [-78.63237718921405, 1.065784399892221], [-78.63305087636896, 1.066561992527238], [-78.63337274601302, 1.067363903364229], [-78.63326973579666, 1.067890067211244], [-78.6329177891935, 1.068081602887985], [-78.63204795816826, 1.068218636917818], [-78.63182279085213, 1.06874962369837], [-78.63191059706296, 1.068936581914864], [-78.63211573390329, 1.069040023037488], [-78.63287317458989, 1.068917656560719], [-78.6332050485366, 1.069414649196722], [-78.63502209630484, 1.070178376622961], [-78.63561788586806, 1.070591966616477], [-78.63650128847004, 1.071876296851688], [-78.63768372646662, 1.071882134005087], [-78.63793332979706, 1.071346245605834], [-78.63805550123745, 1.071321750162349], [-78.63913513164707, 1.071588170212692], [-78.63963861059331, 1.071318060239661], [-78.63989016513786, 1.071423996541419], [-78.64052680347541, 1.072732729674445], [-78.6408710477132, 1.073030547875346], [-78.64199520646848, 1.072578946549469], [-78.64283049951185, 1.072889441503378], [-78.6437785547256, 1.072703284335628], [-78.64446174958208, 1.073835002191984], [-78.64576119856793, 1.074185203648317], [-78.6460415275378, 1.075001844447561], [-78.6462392567464, 1.075211022472829], [-78.64652492712092, 1.075432563592467], [-78.64699405392648, 1.075361613440992], [-78.64724562327517, 1.075450337215474], [-78.64728642784902, 1.076399584809716], [-78.6474059482646, 1.07664804727431], [-78.64837112313779, 1.076444691595212], [-78.64893282502376, 1.076715629328913], [-78.64971936733994, 1.076888378000239], [-78.64975338567977, 1.077129398111295], [-78.64932247457737, 1.078338946388286], [-78.64970814681813, 1.078776968409753], [-78.65063133046984, 1.079173604079068], [-78.65072880501454, 1.079498283115825], [-78.64971702530006, 1.079940136397348], [-78.6486565017762, 1.080229485798673], [-78.64791989217628, 1.081839628880761], [-78.64781928986638, 1.082405145338148], [-78.64798773060873, 1.082577414637575], [-78.64915818205206, 1.082302908586806], [-78.65062536613245, 1.08375001284106], [-78.65093775277131, 1.084178143316213], [-78.6510156246761, 1.084576580787741], [-78.65049202732395, 1.085579489968439], [-78.65036428362332, 1.086489263003597], [-78.65044701462847, 1.086922131684842], [-78.65063259470928, 1.087045232313894], [-78.65132650625894, 1.086952329558379], [-78.65179549439077, 1.087065816131428], [-78.65210051891133, 1.087885793036736], [-78.6533150093702, 1.088383674664844], [-78.65368691666737, 1.089397316260604], [-78.65412209558038, 1.089957922506797], [-78.65425683140813, 1.090976250285929], [-78.65534756145553, 1.09219739643499], [-78.65552081973026, 1.092570593063435], [-78.65540373371294, 1.092755472412316], [-78.6550829946298, 1.092794405419548], [-78.65450230080428, 1.092554761404439], [-78.65429077123726, 1.092595815930757], [-78.65414341791191, 1.092799544250949], [-78.65409614654358, 1.093188302539996], [-78.65439643894963, 1.094393249026427], [-78.64551096900747, 1.135497333678296], [-78.64286290582766, 1.136269932898614], [-78.64240765061494, 1.136774334068016], [-78.64233354856476, 1.137067747428201], [-78.64260133055465, 1.137635351058553], [-78.64299374635722, 1.13791740949959], [-78.64326589198237, 1.137898068133051], [-78.64409053345665, 1.137311798007225], [-78.64463040387709, 1.137930494433694], [-78.64462234964499, 1.138274831960241], [-78.64409711693595, 1.138779175794816], [-78.64275945861897, 1.139188938700677], [-78.64251818679618, 1.139486126585062], [-78.64261875425167, 1.140112287747651], [-78.64353866973025, 1.141881718819332], [-78.64361607952094, 1.142300472647813], [-78.64353029134037, 1.142621267173482], [-78.64328114158326, 1.14293024663439], [-78.6427951437752, 1.143105870883106], [-78.64048566284045, 1.143424825614309], [-78.64059422435678, 1.143780997371636], [-78.64115356117348, 1.144360581950314], [-78.64127958368407, 1.144831530205288], [-78.64118205894431, 1.145149625864767], [-78.64085959428633, 1.145485890752642], [-78.64042179860705, 1.145459523686208], [-78.63978460187525, 1.14501291577418], [-78.63849494079466, 1.143775345487623], [-78.636276218283, 1.142458747609942], [-78.6362151397634, 1.14180605353871], [-78.63673859143115, 1.140190719363332], [-78.63639656773032, 1.139797506125745]]]}, "properties": {"NUM_MUESTRA": 49, "PROVINCIA": "ESMERALDAS", "CANTON": "SAN LORENZO", "PARROQUIA": "TULULBÍ", "CIRCUNSCRIPCION": "CIRCUNSCRIPCIÓN RURAL", "TIPOLOGIA": "D", "ETIQUETA": "49 | D", "COD_SECTOR": "080561999005", "POB_T": 243, "V_PRES": 54, "AREA_KM2": 76.3496, "DENS_VIV": 0.71, "DENS_POB": 3.18}}]}